file,label,n_points
valve_0001_lidar_classes.ply,0,1207
valve_0001_lidar_classes.ply,1,1105
valve_0001_lidar_classes.ply,2,489
valve_0001_lidar_classes.ply,3,293
valve_0001_lidar_classes.ply,4,44
valve_0001_lidar_classes.ply,5,65
valve_0001_lidar_classes.ply,6,492
valve_0001_lidar_classes.ply,7,798
valve_0001_lidar_classes.ply,8,40
valve_0001_lidar_classes.ply,9,2685
valve_0002_lidar_classes.ply,0,1063
valve_0002_lidar_classes.ply,1,850
valve_0002_lidar_classes.ply,2,406
valve_0002_lidar_classes.ply,3,745
valve_0002_lidar_classes.ply,4,44
valve_0002_lidar_classes.ply,5,91
valve_0002_lidar_classes.ply,6,651
valve_0002_lidar_classes.ply,7,446
valve_0002_lidar_classes.ply,8,48
valve_0002_lidar_classes.ply,9,2762
valve_0003_lidar_classes.ply,0,1058
valve_0003_lidar_classes.ply,1,742
valve_0003_lidar_classes.ply,2,463
valve_0003_lidar_classes.ply,3,751
valve_0003_lidar_classes.ply,4,60
valve_0003_lidar_classes.ply,5,82
valve_0003_lidar_classes.ply,6,745
valve_0003_lidar_classes.ply,7,634
valve_0003_lidar_classes.ply,8,46
valve_0003_lidar_classes.ply,9,2787
valve_0004_lidar_classes.ply,0,1255
valve_0004_lidar_classes.ply,1,939
valve_0004_lidar_classes.ply,2,456
valve_0004_lidar_classes.ply,3,621
valve_0004_lidar_classes.ply,4,55
valve_0004_lidar_classes.ply,5,98
valve_0004_lidar_classes.ply,6,617
valve_0004_lidar_classes.ply,7,502
valve_0004_lidar_classes.ply,8,42
valve_0004_lidar_classes.ply,9,2635
valve_0005_lidar_classes.ply,0,1478
valve_0005_lidar_classes.ply,1,1055
valve_0005_lidar_classes.ply,2,467
valve_0005_lidar_classes.ply,3,426
valve_0005_lidar_classes.ply,4,68
valve_0005_lidar_classes.ply,5,65
valve_0005_lidar_classes.ply,6,775
valve_0005_lidar_classes.ply,7,779
valve_0005_lidar_classes.ply,8,52
valve_0005_lidar_classes.ply,9,3103
valve_0006_lidar_classes.ply,0,1105
valve_0006_lidar_classes.ply,1,967
valve_0006_lidar_classes.ply,2,506
valve_0006_lidar_classes.ply,3,320
valve_0006_lidar_classes.ply,4,62
valve_0006_lidar_classes.ply,5,83
valve_0006_lidar_classes.ply,6,591
valve_0006_lidar_classes.ply,7,769
valve_0006_lidar_classes.ply,8,40
valve_0006_lidar_classes.ply,9,3174
valve_0007_lidar_classes.ply,0,1140
valve_0007_lidar_classes.ply,1,802
valve_0007_lidar_classes.ply,2,451
valve_0007_lidar_classes.ply,3,604
valve_0007_lidar_classes.ply,4,61
valve_0007_lidar_classes.ply,5,75
valve_0007_lidar_classes.ply,6,607
valve_0007_lidar_classes.ply,7,418
valve_0007_lidar_classes.ply,8,43
valve_0007_lidar_classes.ply,9,2550
valve_0008_lidar_classes.ply,0,1646
valve_0008_lidar_classes.ply,1,1099
valve_0008_lidar_classes.ply,2,526
valve_0008_lidar_classes.ply,3,450
valve_0008_lidar_classes.ply,4,70
valve_0008_lidar_classes.ply,5,94
valve_0008_lidar_classes.ply,6,830
valve_0008_lidar_classes.ply,7,569
valve_0008_lidar_classes.ply,8,61
valve_0008_lidar_classes.ply,9,3343
valve_0009_lidar_classes.ply,0,1378
valve_0009_lidar_classes.ply,1,1034
valve_0009_lidar_classes.ply,2,424
valve_0009_lidar_classes.ply,3,555
valve_0009_lidar_classes.ply,4,79
valve_0009_lidar_classes.ply,5,101
valve_0009_lidar_classes.ply,6,863
valve_0009_lidar_classes.ply,7,609
valve_0009_lidar_classes.ply,8,61
valve_0009_lidar_classes.ply,9,3636
valve_0010_lidar_classes.ply,0,1432
valve_0010_lidar_classes.ply,1,706
valve_0010_lidar_classes.ply,2,535
valve_0010_lidar_classes.ply,3,1019
valve_0010_lidar_classes.ply,4,98
valve_0010_lidar_classes.ply,5,111
valve_0010_lidar_classes.ply,6,851
valve_0010_lidar_classes.ply,7,893
valve_0010_lidar_classes.ply,8,51
valve_0010_lidar_classes.ply,9,2904
valve_0011_lidar_classes.ply,0,1173
valve_0011_lidar_classes.ply,1,814
valve_0011_lidar_classes.ply,2,488
valve_0011_lidar_classes.ply,3,275
valve_0011_lidar_classes.ply,4,50
valve_0011_lidar_classes.ply,5,63
valve_0011_lidar_classes.ply,6,498
valve_0011_lidar_classes.ply,7,768
valve_0011_lidar_classes.ply,8,42
valve_0011_lidar_classes.ply,9,2911
valve_0012_lidar_classes.ply,0,1268
valve_0012_lidar_classes.ply,1,932
valve_0012_lidar_classes.ply,2,407
valve_0012_lidar_classes.ply,3,630
valve_0012_lidar_classes.ply,4,68
valve_0012_lidar_classes.ply,5,94
valve_0012_lidar_classes.ply,6,661
valve_0012_lidar_classes.ply,7,453
valve_0012_lidar_classes.ply,8,46
valve_0012_lidar_classes.ply,9,2841
valve_0013_lidar_classes.ply,0,1265
valve_0013_lidar_classes.ply,1,837
valve_0013_lidar_classes.ply,2,561
valve_0013_lidar_classes.ply,3,1163
valve_0013_lidar_classes.ply,4,90
valve_0013_lidar_classes.ply,5,124
valve_0013_lidar_classes.ply,6,767
valve_0013_lidar_classes.ply,7,931
valve_0013_lidar_classes.ply,8,37
valve_0013_lidar_classes.ply,9,2397
valve_0014_lidar_classes.ply,0,1158
valve_0014_lidar_classes.ply,1,843
valve_0014_lidar_classes.ply,2,471
valve_0014_lidar_classes.ply,3,376
valve_0014_lidar_classes.ply,4,46
valve_0014_lidar_classes.ply,5,67
valve_0014_lidar_classes.ply,6,556
valve_0014_lidar_classes.ply,7,915
valve_0014_lidar_classes.ply,8,44
valve_0014_lidar_classes.ply,9,3049
valve_0015_lidar_classes.ply,0,1312
valve_0015_lidar_classes.ply,1,916
valve_0015_lidar_classes.ply,2,461
valve_0015_lidar_classes.ply,3,632
valve_0015_lidar_classes.ply,4,63
valve_0015_lidar_classes.ply,5,101
valve_0015_lidar_classes.ply,6,717
valve_0015_lidar_classes.ply,7,552
valve_0015_lidar_classes.ply,8,39
valve_0015_lidar_classes.ply,9,2866
valve_0016_lidar_classes.ply,0,1247
valve_0016_lidar_classes.ply,1,876
valve_0016_lidar_classes.ply,2,559
valve_0016_lidar_classes.ply,3,1135
valve_0016_lidar_classes.ply,4,88
valve_0016_lidar_classes.ply,5,126
valve_0016_lidar_classes.ply,6,904
valve_0016_lidar_classes.ply,7,677
valve_0016_lidar_classes.ply,8,55
valve_0016_lidar_classes.ply,9,3202
valve_0017_lidar_classes.ply,0,1100
valve_0017_lidar_classes.ply,1,986
valve_0017_lidar_classes.ply,2,458
valve_0017_lidar_classes.ply,3,293
valve_0017_lidar_classes.ply,4,58
valve_0017_lidar_classes.ply,5,101
valve_0017_lidar_classes.ply,6,503
valve_0017_lidar_classes.ply,7,753
valve_0017_lidar_classes.ply,8,35
valve_0017_lidar_classes.ply,9,2836
valve_0018_lidar_classes.ply,0,1160
valve_0018_lidar_classes.ply,1,873
valve_0018_lidar_classes.ply,2,489
valve_0018_lidar_classes.ply,3,310
valve_0018_lidar_classes.ply,4,52
valve_0018_lidar_classes.ply,5,90
valve_0018_lidar_classes.ply,6,520
valve_0018_lidar_classes.ply,7,708
valve_0018_lidar_classes.ply,8,41
valve_0018_lidar_classes.ply,9,3104
valve_0019_lidar_classes.ply,0,1258
valve_0019_lidar_classes.ply,1,844
valve_0019_lidar_classes.ply,2,399
valve_0019_lidar_classes.ply,3,608
valve_0019_lidar_classes.ply,4,56
valve_0019_lidar_classes.ply,5,87
valve_0019_lidar_classes.ply,6,630
valve_0019_lidar_classes.ply,7,597
valve_0019_lidar_classes.ply,8,37
valve_0019_lidar_classes.ply,9,3000
valve_0020_lidar_classes.ply,0,1399
valve_0020_lidar_classes.ply,1,913
valve_0020_lidar_classes.ply,2,432
valve_0020_lidar_classes.ply,3,474
valve_0020_lidar_classes.ply,4,72
valve_0020_lidar_classes.ply,5,88
valve_0020_lidar_classes.ply,6,743
valve_0020_lidar_classes.ply,7,611
valve_0020_lidar_classes.ply,8,42
valve_0020_lidar_classes.ply,9,3247
valve_0021_lidar_classes.ply,0,1257
valve_0021_lidar_classes.ply,1,784
valve_0021_lidar_classes.ply,2,466
valve_0021_lidar_classes.ply,3,788
valve_0021_lidar_classes.ply,4,62
valve_0021_lidar_classes.ply,5,96
valve_0021_lidar_classes.ply,6,744
valve_0021_lidar_classes.ply,7,816
valve_0021_lidar_classes.ply,8,46
valve_0021_lidar_classes.ply,9,2816
valve_0022_lidar_classes.ply,0,1485
valve_0022_lidar_classes.ply,1,993
valve_0022_lidar_classes.ply,2,444
valve_0022_lidar_classes.ply,3,450
valve_0022_lidar_classes.ply,4,63
valve_0022_lidar_classes.ply,5,119
valve_0022_lidar_classes.ply,6,783
valve_0022_lidar_classes.ply,7,581
valve_0022_lidar_classes.ply,8,44
valve_0022_lidar_classes.ply,9,2943
valve_0023_lidar_classes.ply,0,1267
valve_0023_lidar_classes.ply,1,869
valve_0023_lidar_classes.ply,2,457
valve_0023_lidar_classes.ply,3,457
valve_0023_lidar_classes.ply,4,71
valve_0023_lidar_classes.ply,5,87
valve_0023_lidar_classes.ply,6,719
valve_0023_lidar_classes.ply,7,797
valve_0023_lidar_classes.ply,8,57
valve_0023_lidar_classes.ply,9,3037
valve_0024_lidar_classes.ply,0,1216
valve_0024_lidar_classes.ply,1,879
valve_0024_lidar_classes.ply,2,428
valve_0024_lidar_classes.ply,3,688
valve_0024_lidar_classes.ply,4,69
valve_0024_lidar_classes.ply,5,87
valve_0024_lidar_classes.ply,6,664
valve_0024_lidar_classes.ply,7,518
valve_0024_lidar_classes.ply,8,44
valve_0024_lidar_classes.ply,9,3035
valve_0025_lidar_classes.ply,0,1350
valve_0025_lidar_classes.ply,1,981
valve_0025_lidar_classes.ply,2,487
valve_0025_lidar_classes.ply,3,797
valve_0025_lidar_classes.ply,4,63
valve_0025_lidar_classes.ply,5,82
valve_0025_lidar_classes.ply,6,665
valve_0025_lidar_classes.ply,7,573
valve_0025_lidar_classes.ply,8,50
valve_0025_lidar_classes.ply,9,2830
valve_0026_lidar_classes.ply,0,1460
valve_0026_lidar_classes.ply,1,1022
valve_0026_lidar_classes.ply,2,459
valve_0026_lidar_classes.ply,3,423
valve_0026_lidar_classes.ply,4,50
valve_0026_lidar_classes.ply,5,96
valve_0026_lidar_classes.ply,6,695
valve_0026_lidar_classes.ply,7,805
valve_0026_lidar_classes.ply,8,54
valve_0026_lidar_classes.ply,9,3248
valve_0027_lidar_classes.ply,0,1562
valve_0027_lidar_classes.ply,1,1047
valve_0027_lidar_classes.ply,2,466
valve_0027_lidar_classes.ply,3,441
valve_0027_lidar_classes.ply,4,76
valve_0027_lidar_classes.ply,5,109
valve_0027_lidar_classes.ply,6,851
valve_0027_lidar_classes.ply,7,638
valve_0027_lidar_classes.ply,8,63
valve_0027_lidar_classes.ply,9,3109
valve_0028_lidar_classes.ply,0,1196
valve_0028_lidar_classes.ply,1,740
valve_0028_lidar_classes.ply,2,442
valve_0028_lidar_classes.ply,3,570
valve_0028_lidar_classes.ply,4,58
valve_0028_lidar_classes.ply,5,92
valve_0028_lidar_classes.ply,6,668
valve_0028_lidar_classes.ply,7,576
valve_0028_lidar_classes.ply,8,46
valve_0028_lidar_classes.ply,9,2589
valve_0029_lidar_classes.ply,0,1032
valve_0029_lidar_classes.ply,1,811
valve_0029_lidar_classes.ply,2,478
valve_0029_lidar_classes.ply,3,819
valve_0029_lidar_classes.ply,4,58
valve_0029_lidar_classes.ply,5,103
valve_0029_lidar_classes.ply,6,759
valve_0029_lidar_classes.ply,7,834
valve_0029_lidar_classes.ply,8,47
valve_0029_lidar_classes.ply,9,2838
valve_0030_lidar_classes.ply,0,1272
valve_0030_lidar_classes.ply,1,911
valve_0030_lidar_classes.ply,2,448
valve_0030_lidar_classes.ply,3,587
valve_0030_lidar_classes.ply,4,44
valve_0030_lidar_classes.ply,5,80
valve_0030_lidar_classes.ply,6,670
valve_0030_lidar_classes.ply,7,549
valve_0030_lidar_classes.ply,8,42
valve_0030_lidar_classes.ply,9,3126
valve_0031_lidar_classes.ply,0,1527
valve_0031_lidar_classes.ply,1,982
valve_0031_lidar_classes.ply,2,542
valve_0031_lidar_classes.ply,3,398
valve_0031_lidar_classes.ply,4,79
valve_0031_lidar_classes.ply,5,70
valve_0031_lidar_classes.ply,6,790
valve_0031_lidar_classes.ply,7,705
valve_0031_lidar_classes.ply,8,58
valve_0031_lidar_classes.ply,9,3152
valve_0032_lidar_classes.ply,0,1175
valve_0032_lidar_classes.ply,1,744
valve_0032_lidar_classes.ply,2,413
valve_0032_lidar_classes.ply,3,590
valve_0032_lidar_classes.ply,4,58
valve_0032_lidar_classes.ply,5,78
valve_0032_lidar_classes.ply,6,586
valve_0032_lidar_classes.ply,7,454
valve_0032_lidar_classes.ply,8,46
valve_0032_lidar_classes.ply,9,2791
valve_0033_lidar_classes.ply,0,1184
valve_0033_lidar_classes.ply,1,901
valve_0033_lidar_classes.ply,2,392
valve_0033_lidar_classes.ply,3,287
valve_0033_lidar_classes.ply,4,53
valve_0033_lidar_classes.ply,5,85
valve_0033_lidar_classes.ply,6,533
valve_0033_lidar_classes.ply,7,732
valve_0033_lidar_classes.ply,8,31
valve_0033_lidar_classes.ply,9,2906
valve_0034_lidar_classes.ply,0,1449
valve_0034_lidar_classes.ply,1,1031
valve_0034_lidar_classes.ply,2,423
valve_0034_lidar_classes.ply,3,426
valve_0034_lidar_classes.ply,4,89
valve_0034_lidar_classes.ply,5,101
valve_0034_lidar_classes.ply,6,859
valve_0034_lidar_classes.ply,7,677
valve_0034_lidar_classes.ply,8,46
valve_0034_lidar_classes.ply,9,3148
valve_0035_lidar_classes.ply,0,1535
valve_0035_lidar_classes.ply,1,1038
valve_0035_lidar_classes.ply,2,456
valve_0035_lidar_classes.ply,3,415
valve_0035_lidar_classes.ply,4,85
valve_0035_lidar_classes.ply,5,107
valve_0035_lidar_classes.ply,6,881
valve_0035_lidar_classes.ply,7,689
valve_0035_lidar_classes.ply,8,53
valve_0035_lidar_classes.ply,9,3218
valve_0036_lidar_classes.ply,0,1209
valve_0036_lidar_classes.ply,1,1004
valve_0036_lidar_classes.ply,2,495
valve_0036_lidar_classes.ply,3,311
valve_0036_lidar_classes.ply,4,42
valve_0036_lidar_classes.ply,5,73
valve_0036_lidar_classes.ply,6,483
valve_0036_lidar_classes.ply,7,766
valve_0036_lidar_classes.ply,8,45
valve_0036_lidar_classes.ply,9,2944
valve_0037_lidar_classes.ply,0,1092
valve_0037_lidar_classes.ply,1,815
valve_0037_lidar_classes.ply,2,422
valve_0037_lidar_classes.ply,3,730
valve_0037_lidar_classes.ply,4,49
valve_0037_lidar_classes.ply,5,88
valve_0037_lidar_classes.ply,6,732
valve_0037_lidar_classes.ply,7,564
valve_0037_lidar_classes.ply,8,41
valve_0037_lidar_classes.ply,9,2884
valve_0038_lidar_classes.ply,0,1162
valve_0038_lidar_classes.ply,1,779
valve_0038_lidar_classes.ply,2,485
valve_0038_lidar_classes.ply,3,794
valve_0038_lidar_classes.ply,4,90
valve_0038_lidar_classes.ply,5,84
valve_0038_lidar_classes.ply,6,740
valve_0038_lidar_classes.ply,7,790
valve_0038_lidar_classes.ply,8,44
valve_0038_lidar_classes.ply,9,2413
valve_0039_lidar_classes.ply,0,1379
valve_0039_lidar_classes.ply,1,1007
valve_0039_lidar_classes.ply,2,460
valve_0039_lidar_classes.ply,3,507
valve_0039_lidar_classes.ply,4,84
valve_0039_lidar_classes.ply,5,91
valve_0039_lidar_classes.ply,6,860
valve_0039_lidar_classes.ply,7,616
valve_0039_lidar_classes.ply,8,56
valve_0039_lidar_classes.ply,9,3479
valve_0040_lidar_classes.ply,0,1217
valve_0040_lidar_classes.ply,1,925
valve_0040_lidar_classes.ply,2,404
valve_0040_lidar_classes.ply,3,686
valve_0040_lidar_classes.ply,4,53
valve_0040_lidar_classes.ply,5,79
valve_0040_lidar_classes.ply,6,649
valve_0040_lidar_classes.ply,7,422
valve_0040_lidar_classes.ply,8,47
valve_0040_lidar_classes.ply,9,2535
valve_0041_lidar_classes.ply,0,1397
valve_0041_lidar_classes.ply,1,854
valve_0041_lidar_classes.ply,2,557
valve_0041_lidar_classes.ply,3,872
valve_0041_lidar_classes.ply,4,77
valve_0041_lidar_classes.ply,5,100
valve_0041_lidar_classes.ply,6,737
valve_0041_lidar_classes.ply,7,782
valve_0041_lidar_classes.ply,8,48
valve_0041_lidar_classes.ply,9,2554
valve_0042_lidar_classes.ply,0,1222
valve_0042_lidar_classes.ply,1,944
valve_0042_lidar_classes.ply,2,465
valve_0042_lidar_classes.ply,3,405
valve_0042_lidar_classes.ply,4,63
valve_0042_lidar_classes.ply,5,83
valve_0042_lidar_classes.ply,6,597
valve_0042_lidar_classes.ply,7,932
valve_0042_lidar_classes.ply,8,49
valve_0042_lidar_classes.ply,9,3114
valve_0043_lidar_classes.ply,0,1563
valve_0043_lidar_classes.ply,1,1003
valve_0043_lidar_classes.ply,2,456
valve_0043_lidar_classes.ply,3,463
valve_0043_lidar_classes.ply,4,87
valve_0043_lidar_classes.ply,5,125
valve_0043_lidar_classes.ply,6,849
valve_0043_lidar_classes.ply,7,665
valve_0043_lidar_classes.ply,8,51
valve_0043_lidar_classes.ply,9,2984
valve_0044_lidar_classes.ply,0,1150
valve_0044_lidar_classes.ply,1,875
valve_0044_lidar_classes.ply,2,469
valve_0044_lidar_classes.ply,3,525
valve_0044_lidar_classes.ply,4,81
valve_0044_lidar_classes.ply,5,81
valve_0044_lidar_classes.ply,6,615
valve_0044_lidar_classes.ply,7,664
valve_0044_lidar_classes.ply,8,41
valve_0044_lidar_classes.ply,9,2951
valve_0045_lidar_classes.ply,0,1326
valve_0045_lidar_classes.ply,1,816
valve_0045_lidar_classes.ply,2,440
valve_0045_lidar_classes.ply,3,1094
valve_0045_lidar_classes.ply,4,104
valve_0045_lidar_classes.ply,5,116
valve_0045_lidar_classes.ply,6,846
valve_0045_lidar_classes.ply,7,896
valve_0045_lidar_classes.ply,8,42
valve_0045_lidar_classes.ply,9,2807
valve_0046_lidar_classes.ply,0,1567
valve_0046_lidar_classes.ply,1,929
valve_0046_lidar_classes.ply,2,550
valve_0046_lidar_classes.ply,3,975
valve_0046_lidar_classes.ply,4,69
valve_0046_lidar_classes.ply,5,115
valve_0046_lidar_classes.ply,6,885
valve_0046_lidar_classes.ply,7,783
valve_0046_lidar_classes.ply,8,58
valve_0046_lidar_classes.ply,9,2897
valve_0047_lidar_classes.ply,0,1530
valve_0047_lidar_classes.ply,1,1011
valve_0047_lidar_classes.ply,2,463
valve_0047_lidar_classes.ply,3,479
valve_0047_lidar_classes.ply,4,74
valve_0047_lidar_classes.ply,5,117
valve_0047_lidar_classes.ply,6,873
valve_0047_lidar_classes.ply,7,689
valve_0047_lidar_classes.ply,8,53
valve_0047_lidar_classes.ply,9,3304
valve_0048_lidar_classes.ply,0,1074
valve_0048_lidar_classes.ply,1,728
valve_0048_lidar_classes.ply,2,327
valve_0048_lidar_classes.ply,3,314
valve_0048_lidar_classes.ply,4,49
valve_0048_lidar_classes.ply,5,95
valve_0048_lidar_classes.ply,6,486
valve_0048_lidar_classes.ply,7,716
valve_0048_lidar_classes.ply,8,36
valve_0048_lidar_classes.ply,9,3053
valve_0049_lidar_classes.ply,0,1317
valve_0049_lidar_classes.ply,1,1119
valve_0049_lidar_classes.ply,2,452
valve_0049_lidar_classes.ply,3,540
valve_0049_lidar_classes.ply,4,67
valve_0049_lidar_classes.ply,5,78
valve_0049_lidar_classes.ply,6,674
valve_0049_lidar_classes.ply,7,575
valve_0049_lidar_classes.ply,8,46
valve_0049_lidar_classes.ply,9,2977
valve_0050_lidar_classes.ply,0,1567
valve_0050_lidar_classes.ply,1,976
valve_0050_lidar_classes.ply,2,514
valve_0050_lidar_classes.ply,3,447
valve_0050_lidar_classes.ply,4,61
valve_0050_lidar_classes.ply,5,125
valve_0050_lidar_classes.ply,6,848
valve_0050_lidar_classes.ply,7,623
valve_0050_lidar_classes.ply,8,60
valve_0050_lidar_classes.ply,9,3537
valve_0051_lidar_classes.ply,0,1343
valve_0051_lidar_classes.ply,1,1068
valve_0051_lidar_classes.ply,2,419
valve_0051_lidar_classes.ply,3,374
valve_0051_lidar_classes.ply,4,38
valve_0051_lidar_classes.ply,5,74
valve_0051_lidar_classes.ply,6,532
valve_0051_lidar_classes.ply,7,867
valve_0051_lidar_classes.ply,8,54
valve_0051_lidar_classes.ply,9,3165
valve_0052_lidar_classes.ply,0,1185
valve_0052_lidar_classes.ply,1,789
valve_0052_lidar_classes.ply,2,388
valve_0052_lidar_classes.ply,3,701
valve_0052_lidar_classes.ply,4,38
valve_0052_lidar_classes.ply,5,88
valve_0052_lidar_classes.ply,6,624
valve_0052_lidar_classes.ply,7,387
valve_0052_lidar_classes.ply,8,47
valve_0052_lidar_classes.ply,9,2967
valve_0053_lidar_classes.ply,0,1204
valve_0053_lidar_classes.ply,1,961
valve_0053_lidar_classes.ply,2,378
valve_0053_lidar_classes.ply,3,623
valve_0053_lidar_classes.ply,4,56
valve_0053_lidar_classes.ply,5,67
valve_0053_lidar_classes.ply,6,621
valve_0053_lidar_classes.ply,7,427
valve_0053_lidar_classes.ply,8,40
valve_0053_lidar_classes.ply,9,2486
valve_0054_lidar_classes.ply,0,1562
valve_0054_lidar_classes.ply,1,957
valve_0054_lidar_classes.ply,2,564
valve_0054_lidar_classes.ply,3,959
valve_0054_lidar_classes.ply,4,67
valve_0054_lidar_classes.ply,5,106
valve_0054_lidar_classes.ply,6,772
valve_0054_lidar_classes.ply,7,901
valve_0054_lidar_classes.ply,8,41
valve_0054_lidar_classes.ply,9,2405
valve_0055_lidar_classes.ply,0,1425
valve_0055_lidar_classes.ply,1,965
valve_0055_lidar_classes.ply,2,418
valve_0055_lidar_classes.ply,3,390
valve_0055_lidar_classes.ply,4,70
valve_0055_lidar_classes.ply,5,102
valve_0055_lidar_classes.ply,6,836
valve_0055_lidar_classes.ply,7,634
valve_0055_lidar_classes.ply,8,57
valve_0055_lidar_classes.ply,9,3475
valve_0056_lidar_classes.ply,0,1073
valve_0056_lidar_classes.ply,1,748
valve_0056_lidar_classes.ply,2,435
valve_0056_lidar_classes.ply,3,781
valve_0056_lidar_classes.ply,4,64
valve_0056_lidar_classes.ply,5,93
valve_0056_lidar_classes.ply,6,722
valve_0056_lidar_classes.ply,7,745
valve_0056_lidar_classes.ply,8,41
valve_0056_lidar_classes.ply,9,2873
valve_0057_lidar_classes.ply,0,1117
valve_0057_lidar_classes.ply,1,708
valve_0057_lidar_classes.ply,2,357
valve_0057_lidar_classes.ply,3,283
valve_0057_lidar_classes.ply,4,58
valve_0057_lidar_classes.ply,5,84
valve_0057_lidar_classes.ply,6,520
valve_0057_lidar_classes.ply,7,728
valve_0057_lidar_classes.ply,8,37
valve_0057_lidar_classes.ply,9,3257
valve_0058_lidar_classes.ply,0,1352
valve_0058_lidar_classes.ply,1,988
valve_0058_lidar_classes.ply,2,491
valve_0058_lidar_classes.ply,3,788
valve_0058_lidar_classes.ply,4,81
valve_0058_lidar_classes.ply,5,88
valve_0058_lidar_classes.ply,6,656
valve_0058_lidar_classes.ply,7,579
valve_0058_lidar_classes.ply,8,40
valve_0058_lidar_classes.ply,9,2724
valve_0059_lidar_classes.ply,0,1136
valve_0059_lidar_classes.ply,1,838
valve_0059_lidar_classes.ply,2,439
valve_0059_lidar_classes.ply,3,697
valve_0059_lidar_classes.ply,4,54
valve_0059_lidar_classes.ply,5,70
valve_0059_lidar_classes.ply,6,694
valve_0059_lidar_classes.ply,7,808
valve_0059_lidar_classes.ply,8,42
valve_0059_lidar_classes.ply,9,2869
valve_0060_lidar_classes.ply,0,1375
valve_0060_lidar_classes.ply,1,993
valve_0060_lidar_classes.ply,2,503
valve_0060_lidar_classes.ply,3,512
valve_0060_lidar_classes.ply,4,65
valve_0060_lidar_classes.ply,5,97
valve_0060_lidar_classes.ply,6,634
valve_0060_lidar_classes.ply,7,624
valve_0060_lidar_classes.ply,8,42
valve_0060_lidar_classes.ply,9,2897
valve_0061_lidar_classes.ply,0,1372
valve_0061_lidar_classes.ply,1,888
valve_0061_lidar_classes.ply,2,505
valve_0061_lidar_classes.ply,3,1119
valve_0061_lidar_classes.ply,4,98
valve_0061_lidar_classes.ply,5,116
valve_0061_lidar_classes.ply,6,904
valve_0061_lidar_classes.ply,7,823
valve_0061_lidar_classes.ply,8,50
valve_0061_lidar_classes.ply,9,3059
valve_0062_lidar_classes.ply,0,1208
valve_0062_lidar_classes.ply,1,718
valve_0062_lidar_classes.ply,2,500
valve_0062_lidar_classes.ply,3,975
valve_0062_lidar_classes.ply,4,78
valve_0062_lidar_classes.ply,5,85
valve_0062_lidar_classes.ply,6,716
valve_0062_lidar_classes.ply,7,651
valve_0062_lidar_classes.ply,8,47
valve_0062_lidar_classes.ply,9,2291
valve_0063_lidar_classes.ply,0,1246
valve_0063_lidar_classes.ply,1,902
valve_0063_lidar_classes.ply,2,451
valve_0063_lidar_classes.ply,3,648
valve_0063_lidar_classes.ply,4,49
valve_0063_lidar_classes.ply,5,89
valve_0063_lidar_classes.ply,6,661
valve_0063_lidar_classes.ply,7,398
valve_0063_lidar_classes.ply,8,41
valve_0063_lidar_classes.ply,9,2869
valve_0064_lidar_classes.ply,0,1215
valve_0064_lidar_classes.ply,1,870
valve_0064_lidar_classes.ply,2,440
valve_0064_lidar_classes.ply,3,717
valve_0064_lidar_classes.ply,4,58
valve_0064_lidar_classes.ply,5,106
valve_0064_lidar_classes.ply,6,692
valve_0064_lidar_classes.ply,7,652
valve_0064_lidar_classes.ply,8,43
valve_0064_lidar_classes.ply,9,2414
valve_0065_lidar_classes.ply,0,1101
valve_0065_lidar_classes.ply,1,807
valve_0065_lidar_classes.ply,2,409
valve_0065_lidar_classes.ply,3,612
valve_0065_lidar_classes.ply,4,53
valve_0065_lidar_classes.ply,5,87
valve_0065_lidar_classes.ply,6,597
valve_0065_lidar_classes.ply,7,409
valve_0065_lidar_classes.ply,8,44
valve_0065_lidar_classes.ply,9,2884
valve_0066_lidar_classes.ply,0,1041
valve_0066_lidar_classes.ply,1,755
valve_0066_lidar_classes.ply,2,490
valve_0066_lidar_classes.ply,3,317
valve_0066_lidar_classes.ply,4,43
valve_0066_lidar_classes.ply,5,75
valve_0066_lidar_classes.ply,6,459
valve_0066_lidar_classes.ply,7,745
valve_0066_lidar_classes.ply,8,44
valve_0066_lidar_classes.ply,9,3169
valve_0067_lidar_classes.ply,0,1238
valve_0067_lidar_classes.ply,1,832
valve_0067_lidar_classes.ply,2,456
valve_0067_lidar_classes.ply,3,628
valve_0067_lidar_classes.ply,4,71
valve_0067_lidar_classes.ply,5,80
valve_0067_lidar_classes.ply,6,629
valve_0067_lidar_classes.ply,7,524
valve_0067_lidar_classes.ply,8,40
valve_0067_lidar_classes.ply,9,2770
valve_0068_lidar_classes.ply,0,1295
valve_0068_lidar_classes.ply,1,922
valve_0068_lidar_classes.ply,2,524
valve_0068_lidar_classes.ply,3,365
valve_0068_lidar_classes.ply,4,54
valve_0068_lidar_classes.ply,5,59
valve_0068_lidar_classes.ply,6,502
valve_0068_lidar_classes.ply,7,875
valve_0068_lidar_classes.ply,8,46
valve_0068_lidar_classes.ply,9,3048
valve_0069_lidar_classes.ply,0,1470
valve_0069_lidar_classes.ply,1,934
valve_0069_lidar_classes.ply,2,591
valve_0069_lidar_classes.ply,3,1041
valve_0069_lidar_classes.ply,4,86
valve_0069_lidar_classes.ply,5,117
valve_0069_lidar_classes.ply,6,855
valve_0069_lidar_classes.ply,7,619
valve_0069_lidar_classes.ply,8,48
valve_0069_lidar_classes.ply,9,2664
valve_0070_lidar_classes.ply,0,1110
valve_0070_lidar_classes.ply,1,921
valve_0070_lidar_classes.ply,2,434
valve_0070_lidar_classes.ply,3,289
valve_0070_lidar_classes.ply,4,59
valve_0070_lidar_classes.ply,5,92
valve_0070_lidar_classes.ply,6,508
valve_0070_lidar_classes.ply,7,748
valve_0070_lidar_classes.ply,8,38
valve_0070_lidar_classes.ply,9,2883
valve_0071_lidar_classes.ply,0,1430
valve_0071_lidar_classes.ply,1,976
valve_0071_lidar_classes.ply,2,476
valve_0071_lidar_classes.ply,3,406
valve_0071_lidar_classes.ply,4,52
valve_0071_lidar_classes.ply,5,64
valve_0071_lidar_classes.ply,6,698
valve_0071_lidar_classes.ply,7,925
valve_0071_lidar_classes.ply,8,50
valve_0071_lidar_classes.ply,9,3047
valve_0072_lidar_classes.ply,0,1409
valve_0072_lidar_classes.ply,1,925
valve_0072_lidar_classes.ply,2,474
valve_0072_lidar_classes.ply,3,563
valve_0072_lidar_classes.ply,4,58
valve_0072_lidar_classes.ply,5,95
valve_0072_lidar_classes.ply,6,730
valve_0072_lidar_classes.ply,7,584
valve_0072_lidar_classes.ply,8,44
valve_0072_lidar_classes.ply,9,2901
valve_0073_lidar_classes.ply,0,1191
valve_0073_lidar_classes.ply,1,912
valve_0073_lidar_classes.ply,2,405
valve_0073_lidar_classes.ply,3,662
valve_0073_lidar_classes.ply,4,52
valve_0073_lidar_classes.ply,5,76
valve_0073_lidar_classes.ply,6,732
valve_0073_lidar_classes.ply,7,594
valve_0073_lidar_classes.ply,8,43
valve_0073_lidar_classes.ply,9,2628
valve_0074_lidar_classes.ply,0,1465
valve_0074_lidar_classes.ply,1,961
valve_0074_lidar_classes.ply,2,462
valve_0074_lidar_classes.ply,3,763
valve_0074_lidar_classes.ply,4,89
valve_0074_lidar_classes.ply,5,90
valve_0074_lidar_classes.ply,6,674
valve_0074_lidar_classes.ply,7,547
valve_0074_lidar_classes.ply,8,47
valve_0074_lidar_classes.ply,9,2918
valve_0075_lidar_classes.ply,0,1224
valve_0075_lidar_classes.ply,1,841
valve_0075_lidar_classes.ply,2,528
valve_0075_lidar_classes.ply,3,1119
valve_0075_lidar_classes.ply,4,62
valve_0075_lidar_classes.ply,5,106
valve_0075_lidar_classes.ply,6,770
valve_0075_lidar_classes.ply,7,890
valve_0075_lidar_classes.ply,8,37
valve_0075_lidar_classes.ply,9,2852
valve_0076_lidar_classes.ply,0,1426
valve_0076_lidar_classes.ply,1,1010
valve_0076_lidar_classes.ply,2,519
valve_0076_lidar_classes.ply,3,447
valve_0076_lidar_classes.ply,4,74
valve_0076_lidar_classes.ply,5,92
valve_0076_lidar_classes.ply,6,752
valve_0076_lidar_classes.ply,7,767
valve_0076_lidar_classes.ply,8,57
valve_0076_lidar_classes.ply,9,3197
valve_0077_lidar_classes.ply,0,1492
valve_0077_lidar_classes.ply,1,1010
valve_0077_lidar_classes.ply,2,525
valve_0077_lidar_classes.ply,3,537
valve_0077_lidar_classes.ply,4,66
valve_0077_lidar_classes.ply,5,117
valve_0077_lidar_classes.ply,6,856
valve_0077_lidar_classes.ply,7,656
valve_0077_lidar_classes.ply,8,55
valve_0077_lidar_classes.ply,9,3507
valve_0078_lidar_classes.ply,0,1547
valve_0078_lidar_classes.ply,1,1044
valve_0078_lidar_classes.ply,2,455
valve_0078_lidar_classes.ply,3,468
valve_0078_lidar_classes.ply,4,84
valve_0078_lidar_classes.ply,5,102
valve_0078_lidar_classes.ply,6,875
valve_0078_lidar_classes.ply,7,614
valve_0078_lidar_classes.ply,8,65
valve_0078_lidar_classes.ply,9,3290
valve_0079_lidar_classes.ply,0,1580
valve_0079_lidar_classes.ply,1,950
valve_0079_lidar_classes.ply,2,527
valve_0079_lidar_classes.ply,3,1020
valve_0079_lidar_classes.ply,4,82
valve_0079_lidar_classes.ply,5,123
valve_0079_lidar_classes.ply,6,882
valve_0079_lidar_classes.ply,7,797
valve_0079_lidar_classes.ply,8,53
valve_0079_lidar_classes.ply,9,2945
valve_0080_lidar_classes.ply,0,1063
valve_0080_lidar_classes.ply,1,822
valve_0080_lidar_classes.ply,2,567
valve_0080_lidar_classes.ply,3,293
valve_0080_lidar_classes.ply,4,72
valve_0080_lidar_classes.ply,5,99
valve_0080_lidar_classes.ply,6,536
valve_0080_lidar_classes.ply,7,787
valve_0080_lidar_classes.ply,8,38
valve_0080_lidar_classes.ply,9,3146
valve_0081_lidar_classes.ply,0,1315
valve_0081_lidar_classes.ply,1,1013
valve_0081_lidar_classes.ply,2,468
valve_0081_lidar_classes.ply,3,430
valve_0081_lidar_classes.ply,4,82
valve_0081_lidar_classes.ply,5,55
valve_0081_lidar_classes.ply,6,677
valve_0081_lidar_classes.ply,7,950
valve_0081_lidar_classes.ply,8,50
valve_0081_lidar_classes.ply,9,2884
valve_0082_lidar_classes.ply,0,1082
valve_0082_lidar_classes.ply,1,888
valve_0082_lidar_classes.ply,2,400
valve_0082_lidar_classes.ply,3,701
valve_0082_lidar_classes.ply,4,51
valve_0082_lidar_classes.ply,5,84
valve_0082_lidar_classes.ply,6,637
valve_0082_lidar_classes.ply,7,510
valve_0082_lidar_classes.ply,8,44
valve_0082_lidar_classes.ply,9,2479
valve_0083_lidar_classes.ply,0,1252
valve_0083_lidar_classes.ply,1,873
valve_0083_lidar_classes.ply,2,425
valve_0083_lidar_classes.ply,3,582
valve_0083_lidar_classes.ply,4,51
valve_0083_lidar_classes.ply,5,83
valve_0083_lidar_classes.ply,6,591
valve_0083_lidar_classes.ply,7,403
valve_0083_lidar_classes.ply,8,42
valve_0083_lidar_classes.ply,9,2546
valve_0084_lidar_classes.ply,0,1268
valve_0084_lidar_classes.ply,1,812
valve_0084_lidar_classes.ply,2,524
valve_0084_lidar_classes.ply,3,942
valve_0084_lidar_classes.ply,4,86
valve_0084_lidar_classes.ply,5,78
valve_0084_lidar_classes.ply,6,721
valve_0084_lidar_classes.ply,7,600
valve_0084_lidar_classes.ply,8,42
valve_0084_lidar_classes.ply,9,2588
valve_0085_lidar_classes.ply,0,920
valve_0085_lidar_classes.ply,1,706
valve_0085_lidar_classes.ply,2,378
valve_0085_lidar_classes.ply,3,304
valve_0085_lidar_classes.ply,4,44
valve_0085_lidar_classes.ply,5,82
valve_0085_lidar_classes.ply,6,491
valve_0085_lidar_classes.ply,7,742
valve_0085_lidar_classes.ply,8,31
valve_0085_lidar_classes.ply,9,3190
valve_0086_lidar_classes.ply,0,1467
valve_0086_lidar_classes.ply,1,1021
valve_0086_lidar_classes.ply,2,465
valve_0086_lidar_classes.ply,3,440
valve_0086_lidar_classes.ply,4,59
valve_0086_lidar_classes.ply,5,103
valve_0086_lidar_classes.ply,6,787
valve_0086_lidar_classes.ply,7,676
valve_0086_lidar_classes.ply,8,64
valve_0086_lidar_classes.ply,9,3189
valve_0087_lidar_classes.ply,0,1438
valve_0087_lidar_classes.ply,1,873
valve_0087_lidar_classes.ply,2,408
valve_0087_lidar_classes.ply,3,387
valve_0087_lidar_classes.ply,4,49
valve_0087_lidar_classes.ply,5,106
valve_0087_lidar_classes.ply,6,782
valve_0087_lidar_classes.ply,7,609
valve_0087_lidar_classes.ply,8,45
valve_0087_lidar_classes.ply,9,2972
valve_0088_lidar_classes.ply,0,1085
valve_0088_lidar_classes.ply,1,975
valve_0088_lidar_classes.ply,2,415
valve_0088_lidar_classes.ply,3,676
valve_0088_lidar_classes.ply,4,53
valve_0088_lidar_classes.ply,5,89
valve_0088_lidar_classes.ply,6,640
valve_0088_lidar_classes.ply,7,503
valve_0088_lidar_classes.ply,8,41
valve_0088_lidar_classes.ply,9,2537
valve_0089_lidar_classes.ply,0,939
valve_0089_lidar_classes.ply,1,912
valve_0089_lidar_classes.ply,2,455
valve_0089_lidar_classes.ply,3,294
valve_0089_lidar_classes.ply,4,49
valve_0089_lidar_classes.ply,5,94
valve_0089_lidar_classes.ply,6,529
valve_0089_lidar_classes.ply,7,813
valve_0089_lidar_classes.ply,8,40
valve_0089_lidar_classes.ply,9,3346
valve_0090_lidar_classes.ply,0,1174
valve_0090_lidar_classes.ply,1,891
valve_0090_lidar_classes.ply,2,398
valve_0090_lidar_classes.ply,3,743
valve_0090_lidar_classes.ply,4,39
valve_0090_lidar_classes.ply,5,102
valve_0090_lidar_classes.ply,6,692
valve_0090_lidar_classes.ply,7,740
valve_0090_lidar_classes.ply,8,43
valve_0090_lidar_classes.ply,9,2587
valve_0091_lidar_classes.ply,0,975
valve_0091_lidar_classes.ply,1,855
valve_0091_lidar_classes.ply,2,406
valve_0091_lidar_classes.ply,3,704
valve_0091_lidar_classes.ply,4,53
valve_0091_lidar_classes.ply,5,91
valve_0091_lidar_classes.ply,6,635
valve_0091_lidar_classes.ply,7,482
valve_0091_lidar_classes.ply,8,45
valve_0091_lidar_classes.ply,9,2664
valve_0092_lidar_classes.ply,0,1583
valve_0092_lidar_classes.ply,1,1068
valve_0092_lidar_classes.ply,2,441
valve_0092_lidar_classes.ply,3,477
valve_0092_lidar_classes.ply,4,93
valve_0092_lidar_classes.ply,5,98
valve_0092_lidar_classes.ply,6,882
valve_0092_lidar_classes.ply,7,639
valve_0092_lidar_classes.ply,8,57
valve_0092_lidar_classes.ply,9,3252
valve_0093_lidar_classes.ply,0,1137
valve_0093_lidar_classes.ply,1,940
valve_0093_lidar_classes.ply,2,385
valve_0093_lidar_classes.ply,3,683
valve_0093_lidar_classes.ply,4,56
valve_0093_lidar_classes.ply,5,76
valve_0093_lidar_classes.ply,6,677
valve_0093_lidar_classes.ply,7,473
valve_0093_lidar_classes.ply,8,46
valve_0093_lidar_classes.ply,9,2522
valve_0094_lidar_classes.ply,0,1337
valve_0094_lidar_classes.ply,1,807
valve_0094_lidar_classes.ply,2,457
valve_0094_lidar_classes.ply,3,382
valve_0094_lidar_classes.ply,4,60
valve_0094_lidar_classes.ply,5,68
valve_0094_lidar_classes.ply,6,675
valve_0094_lidar_classes.ply,7,972
valve_0094_lidar_classes.ply,8,52
valve_0094_lidar_classes.ply,9,2740
valve_0095_lidar_classes.ply,0,1297
valve_0095_lidar_classes.ply,1,1099
valve_0095_lidar_classes.ply,2,513
valve_0095_lidar_classes.ply,3,355
valve_0095_lidar_classes.ply,4,50
valve_0095_lidar_classes.ply,5,60
valve_0095_lidar_classes.ply,6,514
valve_0095_lidar_classes.ply,7,829
valve_0095_lidar_classes.ply,8,48
valve_0095_lidar_classes.ply,9,2906
valve_0096_lidar_classes.ply,0,1560
valve_0096_lidar_classes.ply,1,1106
valve_0096_lidar_classes.ply,2,429
valve_0096_lidar_classes.ply,3,470
valve_0096_lidar_classes.ply,4,75
valve_0096_lidar_classes.ply,5,108
valve_0096_lidar_classes.ply,6,819
valve_0096_lidar_classes.ply,7,662
valve_0096_lidar_classes.ply,8,62
valve_0096_lidar_classes.ply,9,3164
valve_0097_lidar_classes.ply,0,1430
valve_0097_lidar_classes.ply,1,882
valve_0097_lidar_classes.ply,2,440
valve_0097_lidar_classes.ply,3,487
valve_0097_lidar_classes.ply,4,66
valve_0097_lidar_classes.ply,5,129
valve_0097_lidar_classes.ply,6,808
valve_0097_lidar_classes.ply,7,650
valve_0097_lidar_classes.ply,8,47
valve_0097_lidar_classes.ply,9,3266
valve_0098_lidar_classes.ply,0,1352
valve_0098_lidar_classes.ply,1,871
valve_0098_lidar_classes.ply,2,476
valve_0098_lidar_classes.ply,3,1051
valve_0098_lidar_classes.ply,4,95
valve_0098_lidar_classes.ply,5,107
valve_0098_lidar_classes.ply,6,873
valve_0098_lidar_classes.ply,7,697
valve_0098_lidar_classes.ply,8,59
valve_0098_lidar_classes.ply,9,2931
valve_0099_lidar_classes.ply,0,1451
valve_0099_lidar_classes.ply,1,902
valve_0099_lidar_classes.ply,2,562
valve_0099_lidar_classes.ply,3,1126
valve_0099_lidar_classes.ply,4,83
valve_0099_lidar_classes.ply,5,108
valve_0099_lidar_classes.ply,6,862
valve_0099_lidar_classes.ply,7,630
valve_0099_lidar_classes.ply,8,49
valve_0099_lidar_classes.ply,9,2744
valve_0100_lidar_classes.ply,0,1148
valve_0100_lidar_classes.ply,1,850
valve_0100_lidar_classes.ply,2,494
valve_0100_lidar_classes.ply,3,802
valve_0100_lidar_classes.ply,4,61
valve_0100_lidar_classes.ply,5,93
valve_0100_lidar_classes.ply,6,761
valve_0100_lidar_classes.ply,7,816
valve_0100_lidar_classes.ply,8,41
valve_0100_lidar_classes.ply,9,2814
valve_0101_lidar_classes.ply,0,1347
valve_0101_lidar_classes.ply,1,906
valve_0101_lidar_classes.ply,2,451
valve_0101_lidar_classes.ply,3,505
valve_0101_lidar_classes.ply,4,81
valve_0101_lidar_classes.ply,5,105
valve_0101_lidar_classes.ply,6,877
valve_0101_lidar_classes.ply,7,673
valve_0101_lidar_classes.ply,8,52
valve_0101_lidar_classes.ply,9,3501
valve_0102_lidar_classes.ply,0,1246
valve_0102_lidar_classes.ply,1,957
valve_0102_lidar_classes.ply,2,497
valve_0102_lidar_classes.ply,3,514
valve_0102_lidar_classes.ply,4,68
valve_0102_lidar_classes.ply,5,88
valve_0102_lidar_classes.ply,6,636
valve_0102_lidar_classes.ply,7,633
valve_0102_lidar_classes.ply,8,40
valve_0102_lidar_classes.ply,9,3134
valve_0103_lidar_classes.ply,0,1245
valve_0103_lidar_classes.ply,1,1018
valve_0103_lidar_classes.ply,2,545
valve_0103_lidar_classes.ply,3,282
valve_0103_lidar_classes.ply,4,65
valve_0103_lidar_classes.ply,5,88
valve_0103_lidar_classes.ply,6,582
valve_0103_lidar_classes.ply,7,776
valve_0103_lidar_classes.ply,8,46
valve_0103_lidar_classes.ply,9,2934
valve_0104_lidar_classes.ply,0,1248
valve_0104_lidar_classes.ply,1,1000
valve_0104_lidar_classes.ply,2,555
valve_0104_lidar_classes.ply,3,405
valve_0104_lidar_classes.ply,4,70
valve_0104_lidar_classes.ply,5,88
valve_0104_lidar_classes.ply,6,622
valve_0104_lidar_classes.ply,7,592
valve_0104_lidar_classes.ply,8,40
valve_0104_lidar_classes.ply,9,2886
valve_0105_lidar_classes.ply,0,1104
valve_0105_lidar_classes.ply,1,891
valve_0105_lidar_classes.ply,2,416
valve_0105_lidar_classes.ply,3,318
valve_0105_lidar_classes.ply,4,50
valve_0105_lidar_classes.ply,5,77
valve_0105_lidar_classes.ply,6,519
valve_0105_lidar_classes.ply,7,714
valve_0105_lidar_classes.ply,8,42
valve_0105_lidar_classes.ply,9,3004
valve_0106_lidar_classes.ply,0,1213
valve_0106_lidar_classes.ply,1,828
valve_0106_lidar_classes.ply,2,410
valve_0106_lidar_classes.ply,3,776
valve_0106_lidar_classes.ply,4,64
valve_0106_lidar_classes.ply,5,89
valve_0106_lidar_classes.ply,6,718
valve_0106_lidar_classes.ply,7,763
valve_0106_lidar_classes.ply,8,43
valve_0106_lidar_classes.ply,9,2591
valve_0107_lidar_classes.ply,0,1262
valve_0107_lidar_classes.ply,1,949
valve_0107_lidar_classes.ply,2,452
valve_0107_lidar_classes.ply,3,609
valve_0107_lidar_classes.ply,4,55
valve_0107_lidar_classes.ply,5,94
valve_0107_lidar_classes.ply,6,677
valve_0107_lidar_classes.ply,7,549
valve_0107_lidar_classes.ply,8,44
valve_0107_lidar_classes.ply,9,2878
valve_0108_lidar_classes.ply,0,1349
valve_0108_lidar_classes.ply,1,872
valve_0108_lidar_classes.ply,2,467
valve_0108_lidar_classes.ply,3,457
valve_0108_lidar_classes.ply,4,61
valve_0108_lidar_classes.ply,5,79
valve_0108_lidar_classes.ply,6,635
valve_0108_lidar_classes.ply,7,950
valve_0108_lidar_classes.ply,8,49
valve_0108_lidar_classes.ply,9,3152
valve_0109_lidar_classes.ply,0,1265
valve_0109_lidar_classes.ply,1,916
valve_0109_lidar_classes.ply,2,382
valve_0109_lidar_classes.ply,3,654
valve_0109_lidar_classes.ply,4,39
valve_0109_lidar_classes.ply,5,90
valve_0109_lidar_classes.ply,6,699
valve_0109_lidar_classes.ply,7,694
valve_0109_lidar_classes.ply,8,38
valve_0109_lidar_classes.ply,9,2598
valve_0110_lidar_classes.ply,0,1185
valve_0110_lidar_classes.ply,1,1106
valve_0110_lidar_classes.ply,2,523
valve_0110_lidar_classes.ply,3,331
valve_0110_lidar_classes.ply,4,42
valve_0110_lidar_classes.ply,5,77
valve_0110_lidar_classes.ply,6,530
valve_0110_lidar_classes.ply,7,909
valve_0110_lidar_classes.ply,8,40
valve_0110_lidar_classes.ply,9,3110
valve_0111_lidar_classes.ply,0,1378
valve_0111_lidar_classes.ply,1,958
valve_0111_lidar_classes.ply,2,405
valve_0111_lidar_classes.ply,3,478
valve_0111_lidar_classes.ply,4,73
valve_0111_lidar_classes.ply,5,101
valve_0111_lidar_classes.ply,6,852
valve_0111_lidar_classes.ply,7,614
valve_0111_lidar_classes.ply,8,41
valve_0111_lidar_classes.ply,9,3252
valve_0112_lidar_classes.ply,0,1636
valve_0112_lidar_classes.ply,1,988
valve_0112_lidar_classes.ply,2,505
valve_0112_lidar_classes.ply,3,1026
valve_0112_lidar_classes.ply,4,89
valve_0112_lidar_classes.ply,5,103
valve_0112_lidar_classes.ply,6,834
valve_0112_lidar_classes.ply,7,610
valve_0112_lidar_classes.ply,8,56
valve_0112_lidar_classes.ply,9,2509
valve_0113_lidar_classes.ply,0,1196
valve_0113_lidar_classes.ply,1,800
valve_0113_lidar_classes.ply,2,459
valve_0113_lidar_classes.ply,3,806
valve_0113_lidar_classes.ply,4,63
valve_0113_lidar_classes.ply,5,107
valve_0113_lidar_classes.ply,6,737
valve_0113_lidar_classes.ply,7,830
valve_0113_lidar_classes.ply,8,44
valve_0113_lidar_classes.ply,9,2698
valve_0114_lidar_classes.ply,0,1173
valve_0114_lidar_classes.ply,1,917
valve_0114_lidar_classes.ply,2,398
valve_0114_lidar_classes.ply,3,692
valve_0114_lidar_classes.ply,4,46
valve_0114_lidar_classes.ply,5,95
valve_0114_lidar_classes.ply,6,712
valve_0114_lidar_classes.ply,7,621
valve_0114_lidar_classes.ply,8,42
valve_0114_lidar_classes.ply,9,2670
valve_0115_lidar_classes.ply,0,1359
valve_0115_lidar_classes.ply,1,930
valve_0115_lidar_classes.ply,2,425
valve_0115_lidar_classes.ply,3,526
valve_0115_lidar_classes.ply,4,61
valve_0115_lidar_classes.ply,5,90
valve_0115_lidar_classes.ply,6,724
valve_0115_lidar_classes.ply,7,586
valve_0115_lidar_classes.ply,8,44
valve_0115_lidar_classes.ply,9,2976
valve_0116_lidar_classes.ply,0,1533
valve_0116_lidar_classes.ply,1,942
valve_0116_lidar_classes.ply,2,491
valve_0116_lidar_classes.ply,3,855
valve_0116_lidar_classes.ply,4,88
valve_0116_lidar_classes.ply,5,94
valve_0116_lidar_classes.ply,6,812
valve_0116_lidar_classes.ply,7,604
valve_0116_lidar_classes.ply,8,50
valve_0116_lidar_classes.ply,9,2418
valve_0117_lidar_classes.ply,0,1155
valve_0117_lidar_classes.ply,1,818
valve_0117_lidar_classes.ply,2,470
valve_0117_lidar_classes.ply,3,763
valve_0117_lidar_classes.ply,4,44
valve_0117_lidar_classes.ply,5,66
valve_0117_lidar_classes.ply,6,728
valve_0117_lidar_classes.ply,7,567
valve_0117_lidar_classes.ply,8,50
valve_0117_lidar_classes.ply,9,2578
valve_0118_lidar_classes.ply,0,1387
valve_0118_lidar_classes.ply,1,758
valve_0118_lidar_classes.ply,2,508
valve_0118_lidar_classes.ply,3,1098
valve_0118_lidar_classes.ply,4,84
valve_0118_lidar_classes.ply,5,142
valve_0118_lidar_classes.ply,6,851
valve_0118_lidar_classes.ply,7,883
valve_0118_lidar_classes.ply,8,44
valve_0118_lidar_classes.ply,9,3202
valve_0119_lidar_classes.ply,0,1293
valve_0119_lidar_classes.ply,1,957
valve_0119_lidar_classes.ply,2,371
valve_0119_lidar_classes.ply,3,502
valve_0119_lidar_classes.ply,4,62
valve_0119_lidar_classes.ply,5,70
valve_0119_lidar_classes.ply,6,656
valve_0119_lidar_classes.ply,7,949
valve_0119_lidar_classes.ply,8,50
valve_0119_lidar_classes.ply,9,2822
valve_0120_lidar_classes.ply,0,1197
valve_0120_lidar_classes.ply,1,934
valve_0120_lidar_classes.ply,2,519
valve_0120_lidar_classes.ply,3,999
valve_0120_lidar_classes.ply,4,54
valve_0120_lidar_classes.ply,5,116
valve_0120_lidar_classes.ply,6,761
valve_0120_lidar_classes.ply,7,889
valve_0120_lidar_classes.ply,8,44
valve_0120_lidar_classes.ply,9,2660
valve_0121_lidar_classes.ply,0,1091
valve_0121_lidar_classes.ply,1,1047
valve_0121_lidar_classes.ply,2,496
valve_0121_lidar_classes.ply,3,348
valve_0121_lidar_classes.ply,4,50
valve_0121_lidar_classes.ply,5,67
valve_0121_lidar_classes.ply,6,482
valve_0121_lidar_classes.ply,7,817
valve_0121_lidar_classes.ply,8,45
valve_0121_lidar_classes.ply,9,2936
valve_0122_lidar_classes.ply,0,1578
valve_0122_lidar_classes.ply,1,993
valve_0122_lidar_classes.ply,2,489
valve_0122_lidar_classes.ply,3,483
valve_0122_lidar_classes.ply,4,76
valve_0122_lidar_classes.ply,5,102
valve_0122_lidar_classes.ply,6,854
valve_0122_lidar_classes.ply,7,689
valve_0122_lidar_classes.ply,8,58
valve_0122_lidar_classes.ply,9,3195
valve_0123_lidar_classes.ply,0,1324
valve_0123_lidar_classes.ply,1,894
valve_0123_lidar_classes.ply,2,402
valve_0123_lidar_classes.ply,3,671
valve_0123_lidar_classes.ply,4,48
valve_0123_lidar_classes.ply,5,82
valve_0123_lidar_classes.ply,6,694
valve_0123_lidar_classes.ply,7,731
valve_0123_lidar_classes.ply,8,44
valve_0123_lidar_classes.ply,9,2775
valve_0124_lidar_classes.ply,0,1181
valve_0124_lidar_classes.ply,1,937
valve_0124_lidar_classes.ply,2,388
valve_0124_lidar_classes.ply,3,657
valve_0124_lidar_classes.ply,4,61
valve_0124_lidar_classes.ply,5,67
valve_0124_lidar_classes.ply,6,679
valve_0124_lidar_classes.ply,7,504
valve_0124_lidar_classes.ply,8,51
valve_0124_lidar_classes.ply,9,2625
valve_0125_lidar_classes.ply,0,1360
valve_0125_lidar_classes.ply,1,770
valve_0125_lidar_classes.ply,2,486
valve_0125_lidar_classes.ply,3,784
valve_0125_lidar_classes.ply,4,68
valve_0125_lidar_classes.ply,5,102
valve_0125_lidar_classes.ply,6,734
valve_0125_lidar_classes.ply,7,789
valve_0125_lidar_classes.ply,8,45
valve_0125_lidar_classes.ply,9,2538
valve_0126_lidar_classes.ply,0,1046
valve_0126_lidar_classes.ply,1,714
valve_0126_lidar_classes.ply,2,448
valve_0126_lidar_classes.ply,3,293
valve_0126_lidar_classes.ply,4,58
valve_0126_lidar_classes.ply,5,79
valve_0126_lidar_classes.ply,6,499
valve_0126_lidar_classes.ply,7,751
valve_0126_lidar_classes.ply,8,34
valve_0126_lidar_classes.ply,9,3039
valve_0127_lidar_classes.ply,0,1415
valve_0127_lidar_classes.ply,1,940
valve_0127_lidar_classes.ply,2,495
valve_0127_lidar_classes.ply,3,464
valve_0127_lidar_classes.ply,4,57
valve_0127_lidar_classes.ply,5,115
valve_0127_lidar_classes.ply,6,809
valve_0127_lidar_classes.ply,7,630
valve_0127_lidar_classes.ply,8,58
valve_0127_lidar_classes.ply,9,3529
valve_0128_lidar_classes.ply,0,1158
valve_0128_lidar_classes.ply,1,952
valve_0128_lidar_classes.ply,2,380
valve_0128_lidar_classes.ply,3,670
valve_0128_lidar_classes.ply,4,47
valve_0128_lidar_classes.ply,5,84
valve_0128_lidar_classes.ply,6,632
valve_0128_lidar_classes.ply,7,420
valve_0128_lidar_classes.ply,8,43
valve_0128_lidar_classes.ply,9,2687
valve_0129_lidar_classes.ply,0,1341
valve_0129_lidar_classes.ply,1,816
valve_0129_lidar_classes.ply,2,505
valve_0129_lidar_classes.ply,3,968
valve_0129_lidar_classes.ply,4,70
valve_0129_lidar_classes.ply,5,104
valve_0129_lidar_classes.ply,6,793
valve_0129_lidar_classes.ply,7,638
valve_0129_lidar_classes.ply,8,49
valve_0129_lidar_classes.ply,9,2552
valve_0130_lidar_classes.ply,0,1638
valve_0130_lidar_classes.ply,1,1025
valve_0130_lidar_classes.ply,2,493
valve_0130_lidar_classes.ply,3,976
valve_0130_lidar_classes.ply,4,101
valve_0130_lidar_classes.ply,5,106
valve_0130_lidar_classes.ply,6,900
valve_0130_lidar_classes.ply,7,788
valve_0130_lidar_classes.ply,8,48
valve_0130_lidar_classes.ply,9,2698
valve_0131_lidar_classes.ply,0,1396
valve_0131_lidar_classes.ply,1,1007
valve_0131_lidar_classes.ply,2,472
valve_0131_lidar_classes.ply,3,460
valve_0131_lidar_classes.ply,4,63
valve_0131_lidar_classes.ply,5,85
valve_0131_lidar_classes.ply,6,611
valve_0131_lidar_classes.ply,7,940
valve_0131_lidar_classes.ply,8,51
valve_0131_lidar_classes.ply,9,2695
valve_0132_lidar_classes.ply,0,1083
valve_0132_lidar_classes.ply,1,871
valve_0132_lidar_classes.ply,2,451
valve_0132_lidar_classes.ply,3,293
valve_0132_lidar_classes.ply,4,48
valve_0132_lidar_classes.ply,5,88
valve_0132_lidar_classes.ply,6,509
valve_0132_lidar_classes.ply,7,742
valve_0132_lidar_classes.ply,8,37
valve_0132_lidar_classes.ply,9,3164
valve_0133_lidar_classes.ply,0,1310
valve_0133_lidar_classes.ply,1,791
valve_0133_lidar_classes.ply,2,471
valve_0133_lidar_classes.ply,3,784
valve_0133_lidar_classes.ply,4,72
valve_0133_lidar_classes.ply,5,87
valve_0133_lidar_classes.ply,6,682
valve_0133_lidar_classes.ply,7,668
valve_0133_lidar_classes.ply,8,51
valve_0133_lidar_classes.ply,9,2132
valve_0134_lidar_classes.ply,0,1291
valve_0134_lidar_classes.ply,1,845
valve_0134_lidar_classes.ply,2,397
valve_0134_lidar_classes.ply,3,409
valve_0134_lidar_classes.ply,4,52
valve_0134_lidar_classes.ply,5,91
valve_0134_lidar_classes.ply,6,751
valve_0134_lidar_classes.ply,7,619
valve_0134_lidar_classes.ply,8,46
valve_0134_lidar_classes.ply,9,3484
valve_0135_lidar_classes.ply,0,1554
valve_0135_lidar_classes.ply,1,938
valve_0135_lidar_classes.ply,2,536
valve_0135_lidar_classes.ply,3,905
valve_0135_lidar_classes.ply,4,85
valve_0135_lidar_classes.ply,5,113
valve_0135_lidar_classes.ply,6,845
valve_0135_lidar_classes.ply,7,619
valve_0135_lidar_classes.ply,8,47
valve_0135_lidar_classes.ply,9,2507
valve_0136_lidar_classes.ply,0,1301
valve_0136_lidar_classes.ply,1,792
valve_0136_lidar_classes.ply,2,476
valve_0136_lidar_classes.ply,3,1007
valve_0136_lidar_classes.ply,4,62
valve_0136_lidar_classes.ply,5,85
valve_0136_lidar_classes.ply,6,779
valve_0136_lidar_classes.ply,7,601
valve_0136_lidar_classes.ply,8,49
valve_0136_lidar_classes.ply,9,2851
valve_0137_lidar_classes.ply,0,1152
valve_0137_lidar_classes.ply,1,843
valve_0137_lidar_classes.ply,2,462
valve_0137_lidar_classes.ply,3,647
valve_0137_lidar_classes.ply,4,53
valve_0137_lidar_classes.ply,5,86
valve_0137_lidar_classes.ply,6,654
valve_0137_lidar_classes.ply,7,544
valve_0137_lidar_classes.ply,8,40
valve_0137_lidar_classes.ply,9,2476
valve_0138_lidar_classes.ply,0,1406
valve_0138_lidar_classes.ply,1,851
valve_0138_lidar_classes.ply,2,496
valve_0138_lidar_classes.ply,3,977
valve_0138_lidar_classes.ply,4,102
valve_0138_lidar_classes.ply,5,125
valve_0138_lidar_classes.ply,6,856
valve_0138_lidar_classes.ply,7,871
valve_0138_lidar_classes.ply,8,48
valve_0138_lidar_classes.ply,9,2730
valve_0139_lidar_classes.ply,0,1254
valve_0139_lidar_classes.ply,1,919
valve_0139_lidar_classes.ply,2,499
valve_0139_lidar_classes.ply,3,789
valve_0139_lidar_classes.ply,4,63
valve_0139_lidar_classes.ply,5,116
valve_0139_lidar_classes.ply,6,746
valve_0139_lidar_classes.ply,7,790
valve_0139_lidar_classes.ply,8,38
valve_0139_lidar_classes.ply,9,2694
valve_0140_lidar_classes.ply,0,1095
valve_0140_lidar_classes.ply,1,772
valve_0140_lidar_classes.ply,2,395
valve_0140_lidar_classes.ply,3,307
valve_0140_lidar_classes.ply,4,43
valve_0140_lidar_classes.ply,5,77
valve_0140_lidar_classes.ply,6,473
valve_0140_lidar_classes.ply,7,739
valve_0140_lidar_classes.ply,8,34
valve_0140_lidar_classes.ply,9,3009
valve_0141_lidar_classes.ply,0,1260
valve_0141_lidar_classes.ply,1,1007
valve_0141_lidar_classes.ply,2,512
valve_0141_lidar_classes.ply,3,524
valve_0141_lidar_classes.ply,4,42
valve_0141_lidar_classes.ply,5,83
valve_0141_lidar_classes.ply,6,651
valve_0141_lidar_classes.ply,7,623
valve_0141_lidar_classes.ply,8,43
valve_0141_lidar_classes.ply,9,3064
valve_0142_lidar_classes.ply,0,1326
valve_0142_lidar_classes.ply,1,941
valve_0142_lidar_classes.ply,2,523
valve_0142_lidar_classes.ply,3,933
valve_0142_lidar_classes.ply,4,97
valve_0142_lidar_classes.ply,5,105
valve_0142_lidar_classes.ply,6,849
valve_0142_lidar_classes.ply,7,647
valve_0142_lidar_classes.ply,8,55
valve_0142_lidar_classes.ply,9,2924
valve_0143_lidar_classes.ply,0,1236
valve_0143_lidar_classes.ply,1,923
valve_0143_lidar_classes.ply,2,509
valve_0143_lidar_classes.ply,3,1210
valve_0143_lidar_classes.ply,4,103
valve_0143_lidar_classes.ply,5,121
valve_0143_lidar_classes.ply,6,880
valve_0143_lidar_classes.ply,7,649
valve_0143_lidar_classes.ply,8,53
valve_0143_lidar_classes.ply,9,2961
valve_0144_lidar_classes.ply,0,1126
valve_0144_lidar_classes.ply,1,902
valve_0144_lidar_classes.ply,2,460
valve_0144_lidar_classes.ply,3,264
valve_0144_lidar_classes.ply,4,42
valve_0144_lidar_classes.ply,5,83
valve_0144_lidar_classes.ply,6,574
valve_0144_lidar_classes.ply,7,807
valve_0144_lidar_classes.ply,8,39
valve_0144_lidar_classes.ply,9,3406
valve_0145_lidar_classes.ply,0,1289
valve_0145_lidar_classes.ply,1,943
valve_0145_lidar_classes.ply,2,489
valve_0145_lidar_classes.ply,3,343
valve_0145_lidar_classes.ply,4,82
valve_0145_lidar_classes.ply,5,78
valve_0145_lidar_classes.ply,6,629
valve_0145_lidar_classes.ply,7,605
valve_0145_lidar_classes.ply,8,42
valve_0145_lidar_classes.ply,9,2949
valve_0146_lidar_classes.ply,0,1413
valve_0146_lidar_classes.ply,1,922
valve_0146_lidar_classes.ply,2,494
valve_0146_lidar_classes.ply,3,446
valve_0146_lidar_classes.ply,4,63
valve_0146_lidar_classes.ply,5,87
valve_0146_lidar_classes.ply,6,653
valve_0146_lidar_classes.ply,7,914
valve_0146_lidar_classes.ply,8,58
valve_0146_lidar_classes.ply,9,2950
valve_0147_lidar_classes.ply,0,1209
valve_0147_lidar_classes.ply,1,844
valve_0147_lidar_classes.ply,2,375
valve_0147_lidar_classes.ply,3,725
valve_0147_lidar_classes.ply,4,41
valve_0147_lidar_classes.ply,5,72
valve_0147_lidar_classes.ply,6,702
valve_0147_lidar_classes.ply,7,673
valve_0147_lidar_classes.ply,8,45
valve_0147_lidar_classes.ply,9,2873
valve_0148_lidar_classes.ply,0,1591
valve_0148_lidar_classes.ply,1,951
valve_0148_lidar_classes.ply,2,468
valve_0148_lidar_classes.ply,3,389
valve_0148_lidar_classes.ply,4,81
valve_0148_lidar_classes.ply,5,123
valve_0148_lidar_classes.ply,6,794
valve_0148_lidar_classes.ply,7,660
valve_0148_lidar_classes.ply,8,60
valve_0148_lidar_classes.ply,9,3441
valve_0149_lidar_classes.ply,0,1163
valve_0149_lidar_classes.ply,1,1025
valve_0149_lidar_classes.ply,2,514
valve_0149_lidar_classes.ply,3,294
valve_0149_lidar_classes.ply,4,79
valve_0149_lidar_classes.ply,5,74
valve_0149_lidar_classes.ply,6,566
valve_0149_lidar_classes.ply,7,815
valve_0149_lidar_classes.ply,8,49
valve_0149_lidar_classes.ply,9,3051
valve_0150_lidar_classes.ply,0,1383
valve_0150_lidar_classes.ply,1,865
valve_0150_lidar_classes.ply,2,503
valve_0150_lidar_classes.ply,3,1066
valve_0150_lidar_classes.ply,4,103
valve_0150_lidar_classes.ply,5,141
valve_0150_lidar_classes.ply,6,853
valve_0150_lidar_classes.ply,7,862
valve_0150_lidar_classes.ply,8,49
valve_0150_lidar_classes.ply,9,2761
valve_0151_lidar_classes.ply,0,1358
valve_0151_lidar_classes.ply,1,928
valve_0151_lidar_classes.ply,2,557
valve_0151_lidar_classes.ply,3,1148
valve_0151_lidar_classes.ply,4,82
valve_0151_lidar_classes.ply,5,99
valve_0151_lidar_classes.ply,6,759
valve_0151_lidar_classes.ply,7,892
valve_0151_lidar_classes.ply,8,47
valve_0151_lidar_classes.ply,9,2340
valve_0152_lidar_classes.ply,0,1076
valve_0152_lidar_classes.ply,1,974
valve_0152_lidar_classes.ply,2,494
valve_0152_lidar_classes.ply,3,335
valve_0152_lidar_classes.ply,4,51
valve_0152_lidar_classes.ply,5,56
valve_0152_lidar_classes.ply,6,520
valve_0152_lidar_classes.ply,7,818
valve_0152_lidar_classes.ply,8,45
valve_0152_lidar_classes.ply,9,3262
valve_0153_lidar_classes.ply,0,1256
valve_0153_lidar_classes.ply,1,818
valve_0153_lidar_classes.ply,2,435
valve_0153_lidar_classes.ply,3,827
valve_0153_lidar_classes.ply,4,57
valve_0153_lidar_classes.ply,5,77
valve_0153_lidar_classes.ply,6,632
valve_0153_lidar_classes.ply,7,601
valve_0153_lidar_classes.ply,8,46
valve_0153_lidar_classes.ply,9,3076
valve_0154_lidar_classes.ply,0,1226
valve_0154_lidar_classes.ply,1,879
valve_0154_lidar_classes.ply,2,487
valve_0154_lidar_classes.ply,3,585
valve_0154_lidar_classes.ply,4,55
valve_0154_lidar_classes.ply,5,89
valve_0154_lidar_classes.ply,6,647
valve_0154_lidar_classes.ply,7,442
valve_0154_lidar_classes.ply,8,43
valve_0154_lidar_classes.ply,9,2552
valve_0155_lidar_classes.ply,0,1697
valve_0155_lidar_classes.ply,1,954
valve_0155_lidar_classes.ply,2,559
valve_0155_lidar_classes.ply,3,954
valve_0155_lidar_classes.ply,4,78
valve_0155_lidar_classes.ply,5,112
valve_0155_lidar_classes.ply,6,907
valve_0155_lidar_classes.ply,7,707
valve_0155_lidar_classes.ply,8,53
valve_0155_lidar_classes.ply,9,2939
valve_0156_lidar_classes.ply,0,1338
valve_0156_lidar_classes.ply,1,986
valve_0156_lidar_classes.ply,2,512
valve_0156_lidar_classes.ply,3,610
valve_0156_lidar_classes.ply,4,69
valve_0156_lidar_classes.ply,5,85
valve_0156_lidar_classes.ply,6,658
valve_0156_lidar_classes.ply,7,579
valve_0156_lidar_classes.ply,8,48
valve_0156_lidar_classes.ply,9,2995
valve_0157_lidar_classes.ply,0,1129
valve_0157_lidar_classes.ply,1,784
valve_0157_lidar_classes.ply,2,522
valve_0157_lidar_classes.ply,3,537
valve_0157_lidar_classes.ply,4,67
valve_0157_lidar_classes.ply,5,82
valve_0157_lidar_classes.ply,6,610
valve_0157_lidar_classes.ply,7,662
valve_0157_lidar_classes.ply,8,43
valve_0157_lidar_classes.ply,9,3214
valve_0158_lidar_classes.ply,0,1209
valve_0158_lidar_classes.ply,1,850
valve_0158_lidar_classes.ply,2,481
valve_0158_lidar_classes.ply,3,711
valve_0158_lidar_classes.ply,4,52
valve_0158_lidar_classes.ply,5,84
valve_0158_lidar_classes.ply,6,684
valve_0158_lidar_classes.ply,7,531
valve_0158_lidar_classes.ply,8,43
valve_0158_lidar_classes.ply,9,2856
valve_0159_lidar_classes.ply,0,1081
valve_0159_lidar_classes.ply,1,1020
valve_0159_lidar_classes.ply,2,425
valve_0159_lidar_classes.ply,3,279
valve_0159_lidar_classes.ply,4,64
valve_0159_lidar_classes.ply,5,91
valve_0159_lidar_classes.ply,6,558
valve_0159_lidar_classes.ply,7,860
valve_0159_lidar_classes.ply,8,41
valve_0159_lidar_classes.ply,9,3029
valve_0160_lidar_classes.ply,0,1291
valve_0160_lidar_classes.ply,1,960
valve_0160_lidar_classes.ply,2,557
valve_0160_lidar_classes.ply,3,1088
valve_0160_lidar_classes.ply,4,93
valve_0160_lidar_classes.ply,5,105
valve_0160_lidar_classes.ply,6,841
valve_0160_lidar_classes.ply,7,636
valve_0160_lidar_classes.ply,8,57
valve_0160_lidar_classes.ply,9,2695
valve_0161_lidar_classes.ply,0,1335
valve_0161_lidar_classes.ply,1,853
valve_0161_lidar_classes.ply,2,427
valve_0161_lidar_classes.ply,3,607
valve_0161_lidar_classes.ply,4,31
valve_0161_lidar_classes.ply,5,82
valve_0161_lidar_classes.ply,6,709
valve_0161_lidar_classes.ply,7,628
valve_0161_lidar_classes.ply,8,47
valve_0161_lidar_classes.ply,9,2615
valve_0162_lidar_classes.ply,0,1281
valve_0162_lidar_classes.ply,1,782
valve_0162_lidar_classes.ply,2,513
valve_0162_lidar_classes.ply,3,428
valve_0162_lidar_classes.ply,4,53
valve_0162_lidar_classes.ply,5,102
valve_0162_lidar_classes.ply,6,808
valve_0162_lidar_classes.ply,7,694
valve_0162_lidar_classes.ply,8,57
valve_0162_lidar_classes.ply,9,3721
valve_0163_lidar_classes.ply,0,1241
valve_0163_lidar_classes.ply,1,793
valve_0163_lidar_classes.ply,2,426
valve_0163_lidar_classes.ply,3,648
valve_0163_lidar_classes.ply,4,36
valve_0163_lidar_classes.ply,5,97
valve_0163_lidar_classes.ply,6,723
valve_0163_lidar_classes.ply,7,652
valve_0163_lidar_classes.ply,8,38
valve_0163_lidar_classes.ply,9,2965
valve_0164_lidar_classes.ply,0,1389
valve_0164_lidar_classes.ply,1,976
valve_0164_lidar_classes.ply,2,412
valve_0164_lidar_classes.ply,3,411
valve_0164_lidar_classes.ply,4,75
valve_0164_lidar_classes.ply,5,66
valve_0164_lidar_classes.ply,6,721
valve_0164_lidar_classes.ply,7,921
valve_0164_lidar_classes.ply,8,60
valve_0164_lidar_classes.ply,9,2604
valve_0165_lidar_classes.ply,0,1380
valve_0165_lidar_classes.ply,1,881
valve_0165_lidar_classes.ply,2,461
valve_0165_lidar_classes.ply,3,496
valve_0165_lidar_classes.ply,4,85
valve_0165_lidar_classes.ply,5,133
valve_0165_lidar_classes.ply,6,859
valve_0165_lidar_classes.ply,7,648
valve_0165_lidar_classes.ply,8,64
valve_0165_lidar_classes.ply,9,3512
valve_0166_lidar_classes.ply,0,1438
valve_0166_lidar_classes.ply,1,921
valve_0166_lidar_classes.ply,2,410
valve_0166_lidar_classes.ply,3,506
valve_0166_lidar_classes.ply,4,67
valve_0166_lidar_classes.ply,5,101
valve_0166_lidar_classes.ply,6,729
valve_0166_lidar_classes.ply,7,591
valve_0166_lidar_classes.ply,8,50
valve_0166_lidar_classes.ply,9,3004
valve_0167_lidar_classes.ply,0,1320
valve_0167_lidar_classes.ply,1,1011
valve_0167_lidar_classes.ply,2,402
valve_0167_lidar_classes.ply,3,403
valve_0167_lidar_classes.ply,4,77
valve_0167_lidar_classes.ply,5,79
valve_0167_lidar_classes.ply,6,816
valve_0167_lidar_classes.ply,7,718
valve_0167_lidar_classes.ply,8,59
valve_0167_lidar_classes.ply,9,3416
valve_0168_lidar_classes.ply,0,1287
valve_0168_lidar_classes.ply,1,875
valve_0168_lidar_classes.ply,2,510
valve_0168_lidar_classes.ply,3,863
valve_0168_lidar_classes.ply,4,78
valve_0168_lidar_classes.ply,5,99
valve_0168_lidar_classes.ply,6,750
valve_0168_lidar_classes.ply,7,761
valve_0168_lidar_classes.ply,8,42
valve_0168_lidar_classes.ply,9,2527
valve_0169_lidar_classes.ply,0,1236
valve_0169_lidar_classes.ply,1,856
valve_0169_lidar_classes.ply,2,411
valve_0169_lidar_classes.ply,3,668
valve_0169_lidar_classes.ply,4,61
valve_0169_lidar_classes.ply,5,82
valve_0169_lidar_classes.ply,6,624
valve_0169_lidar_classes.ply,7,428
valve_0169_lidar_classes.ply,8,42
valve_0169_lidar_classes.ply,9,2758
valve_0170_lidar_classes.ply,0,1380
valve_0170_lidar_classes.ply,1,1015
valve_0170_lidar_classes.ply,2,425
valve_0170_lidar_classes.ply,3,361
valve_0170_lidar_classes.ply,4,61
valve_0170_lidar_classes.ply,5,61
valve_0170_lidar_classes.ply,6,628
valve_0170_lidar_classes.ply,7,926
valve_0170_lidar_classes.ply,8,43
valve_0170_lidar_classes.ply,9,3130
valve_0171_lidar_classes.ply,0,955
valve_0171_lidar_classes.ply,1,748
valve_0171_lidar_classes.ply,2,339
valve_0171_lidar_classes.ply,3,338
valve_0171_lidar_classes.ply,4,55
valve_0171_lidar_classes.ply,5,80
valve_0171_lidar_classes.ply,6,505
valve_0171_lidar_classes.ply,7,713
valve_0171_lidar_classes.ply,8,36
valve_0171_lidar_classes.ply,9,3254
valve_0172_lidar_classes.ply,0,1304
valve_0172_lidar_classes.ply,1,795
valve_0172_lidar_classes.ply,2,490
valve_0172_lidar_classes.ply,3,476
valve_0172_lidar_classes.ply,4,49
valve_0172_lidar_classes.ply,5,114
valve_0172_lidar_classes.ply,6,785
valve_0172_lidar_classes.ply,7,699
valve_0172_lidar_classes.ply,8,52
valve_0172_lidar_classes.ply,9,3597
valve_0173_lidar_classes.ply,0,1315
valve_0173_lidar_classes.ply,1,1062
valve_0173_lidar_classes.ply,2,495
valve_0173_lidar_classes.ply,3,1152
valve_0173_lidar_classes.ply,4,94
valve_0173_lidar_classes.ply,5,119
valve_0173_lidar_classes.ply,6,876
valve_0173_lidar_classes.ply,7,724
valve_0173_lidar_classes.ply,8,57
valve_0173_lidar_classes.ply,9,2880
valve_0174_lidar_classes.ply,0,1070
valve_0174_lidar_classes.ply,1,940
valve_0174_lidar_classes.ply,2,427
valve_0174_lidar_classes.ply,3,670
valve_0174_lidar_classes.ply,4,53
valve_0174_lidar_classes.ply,5,91
valve_0174_lidar_classes.ply,6,608
valve_0174_lidar_classes.ply,7,394
valve_0174_lidar_classes.ply,8,45
valve_0174_lidar_classes.ply,9,2628
valve_0175_lidar_classes.ply,0,1351
valve_0175_lidar_classes.ply,1,849
valve_0175_lidar_classes.ply,2,560
valve_0175_lidar_classes.ply,3,954
valve_0175_lidar_classes.ply,4,80
valve_0175_lidar_classes.ply,5,88
valve_0175_lidar_classes.ply,6,820
valve_0175_lidar_classes.ply,7,623
valve_0175_lidar_classes.ply,8,51
valve_0175_lidar_classes.ply,9,2723
valve_0176_lidar_classes.ply,0,1059
valve_0176_lidar_classes.ply,1,804
valve_0176_lidar_classes.ply,2,464
valve_0176_lidar_classes.ply,3,624
valve_0176_lidar_classes.ply,4,44
valve_0176_lidar_classes.ply,5,101
valve_0176_lidar_classes.ply,6,611
valve_0176_lidar_classes.ply,7,399
valve_0176_lidar_classes.ply,8,42
valve_0176_lidar_classes.ply,9,2770
valve_0177_lidar_classes.ply,0,1308
valve_0177_lidar_classes.ply,1,888
valve_0177_lidar_classes.ply,2,478
valve_0177_lidar_classes.ply,3,456
valve_0177_lidar_classes.ply,4,84
valve_0177_lidar_classes.ply,5,122
valve_0177_lidar_classes.ply,6,833
valve_0177_lidar_classes.ply,7,685
valve_0177_lidar_classes.ply,8,45
valve_0177_lidar_classes.ply,9,3281
valve_0178_lidar_classes.ply,0,1428
valve_0178_lidar_classes.ply,1,989
valve_0178_lidar_classes.ply,2,487
valve_0178_lidar_classes.ply,3,947
valve_0178_lidar_classes.ply,4,65
valve_0178_lidar_classes.ply,5,114
valve_0178_lidar_classes.ply,6,895
valve_0178_lidar_classes.ply,7,664
valve_0178_lidar_classes.ply,8,49
valve_0178_lidar_classes.ply,9,2971
valve_0179_lidar_classes.ply,0,1168
valve_0179_lidar_classes.ply,1,953
valve_0179_lidar_classes.ply,2,516
valve_0179_lidar_classes.ply,3,321
valve_0179_lidar_classes.ply,4,50
valve_0179_lidar_classes.ply,5,102
valve_0179_lidar_classes.ply,6,613
valve_0179_lidar_classes.ply,7,825
valve_0179_lidar_classes.ply,8,38
valve_0179_lidar_classes.ply,9,3316
valve_0180_lidar_classes.ply,0,1606
valve_0180_lidar_classes.ply,1,755
valve_0180_lidar_classes.ply,2,498
valve_0180_lidar_classes.ply,3,972
valve_0180_lidar_classes.ply,4,79
valve_0180_lidar_classes.ply,5,138
valve_0180_lidar_classes.ply,6,841
valve_0180_lidar_classes.ply,7,894
valve_0180_lidar_classes.ply,8,47
valve_0180_lidar_classes.ply,9,2953
valve_0181_lidar_classes.ply,0,1109
valve_0181_lidar_classes.ply,1,858
valve_0181_lidar_classes.ply,2,555
valve_0181_lidar_classes.ply,3,348
valve_0181_lidar_classes.ply,4,22
valve_0181_lidar_classes.ply,5,82
valve_0181_lidar_classes.ply,6,484
valve_0181_lidar_classes.ply,7,775
valve_0181_lidar_classes.ply,8,39
valve_0181_lidar_classes.ply,9,3167
valve_0182_lidar_classes.ply,0,1132
valve_0182_lidar_classes.ply,1,875
valve_0182_lidar_classes.ply,2,266
valve_0182_lidar_classes.ply,3,278
valve_0182_lidar_classes.ply,4,50
valve_0182_lidar_classes.ply,5,75
valve_0182_lidar_classes.ply,6,497
valve_0182_lidar_classes.ply,7,754
valve_0182_lidar_classes.ply,8,34
valve_0182_lidar_classes.ply,9,2828
valve_0183_lidar_classes.ply,0,1472
valve_0183_lidar_classes.ply,1,1038
valve_0183_lidar_classes.ply,2,442
valve_0183_lidar_classes.ply,3,411
valve_0183_lidar_classes.ply,4,52
valve_0183_lidar_classes.ply,5,103
valve_0183_lidar_classes.ply,6,773
valve_0183_lidar_classes.ply,7,701
valve_0183_lidar_classes.ply,8,67
valve_0183_lidar_classes.ply,9,3231
valve_0184_lidar_classes.ply,0,1358
valve_0184_lidar_classes.ply,1,901
valve_0184_lidar_classes.ply,2,411
valve_0184_lidar_classes.ply,3,421
valve_0184_lidar_classes.ply,4,63
valve_0184_lidar_classes.ply,5,89
valve_0184_lidar_classes.ply,6,666
valve_0184_lidar_classes.ply,7,903
valve_0184_lidar_classes.ply,8,54
valve_0184_lidar_classes.ply,9,3245
valve_0185_lidar_classes.ply,0,1173
valve_0185_lidar_classes.ply,1,860
valve_0185_lidar_classes.ply,2,423
valve_0185_lidar_classes.ply,3,771
valve_0185_lidar_classes.ply,4,60
valve_0185_lidar_classes.ply,5,75
valve_0185_lidar_classes.ply,6,742
valve_0185_lidar_classes.ply,7,738
valve_0185_lidar_classes.ply,8,42
valve_0185_lidar_classes.ply,9,2863
valve_0186_lidar_classes.ply,0,1399
valve_0186_lidar_classes.ply,1,868
valve_0186_lidar_classes.ply,2,447
valve_0186_lidar_classes.ply,3,576
valve_0186_lidar_classes.ply,4,51
valve_0186_lidar_classes.ply,5,96
valve_0186_lidar_classes.ply,6,669
valve_0186_lidar_classes.ply,7,551
valve_0186_lidar_classes.ply,8,42
valve_0186_lidar_classes.ply,9,3080
valve_0187_lidar_classes.ply,0,1092
valve_0187_lidar_classes.ply,1,823
valve_0187_lidar_classes.ply,2,432
valve_0187_lidar_classes.ply,3,698
valve_0187_lidar_classes.ply,4,57
valve_0187_lidar_classes.ply,5,71
valve_0187_lidar_classes.ply,6,707
valve_0187_lidar_classes.ply,7,529
valve_0187_lidar_classes.ply,8,42
valve_0187_lidar_classes.ply,9,2679
valve_0188_lidar_classes.ply,0,1038
valve_0188_lidar_classes.ply,1,847
valve_0188_lidar_classes.ply,2,354
valve_0188_lidar_classes.ply,3,305
valve_0188_lidar_classes.ply,4,55
valve_0188_lidar_classes.ply,5,81
valve_0188_lidar_classes.ply,6,512
valve_0188_lidar_classes.ply,7,735
valve_0188_lidar_classes.ply,8,36
valve_0188_lidar_classes.ply,9,2891
valve_0189_lidar_classes.ply,0,1363
valve_0189_lidar_classes.ply,1,902
valve_0189_lidar_classes.ply,2,537
valve_0189_lidar_classes.ply,3,1011
valve_0189_lidar_classes.ply,4,94
valve_0189_lidar_classes.ply,5,106
valve_0189_lidar_classes.ply,6,849
valve_0189_lidar_classes.ply,7,659
valve_0189_lidar_classes.ply,8,60
valve_0189_lidar_classes.ply,9,2742
valve_0190_lidar_classes.ply,0,1506
valve_0190_lidar_classes.ply,1,840
valve_0190_lidar_classes.ply,2,529
valve_0190_lidar_classes.ply,3,1126
valve_0190_lidar_classes.ply,4,71
valve_0190_lidar_classes.ply,5,111
valve_0190_lidar_classes.ply,6,816
valve_0190_lidar_classes.ply,7,906
valve_0190_lidar_classes.ply,8,40
valve_0190_lidar_classes.ply,9,2759
valve_0191_lidar_classes.ply,0,1137
valve_0191_lidar_classes.ply,1,921
valve_0191_lidar_classes.ply,2,537
valve_0191_lidar_classes.ply,3,330
valve_0191_lidar_classes.ply,4,31
valve_0191_lidar_classes.ply,5,85
valve_0191_lidar_classes.ply,6,490
valve_0191_lidar_classes.ply,7,782
valve_0191_lidar_classes.ply,8,38
valve_0191_lidar_classes.ply,9,2973
valve_0192_lidar_classes.ply,0,1274
valve_0192_lidar_classes.ply,1,801
valve_0192_lidar_classes.ply,2,523
valve_0192_lidar_classes.ply,3,603
valve_0192_lidar_classes.ply,4,60
valve_0192_lidar_classes.ply,5,89
valve_0192_lidar_classes.ply,6,675
valve_0192_lidar_classes.ply,7,497
valve_0192_lidar_classes.ply,8,42
valve_0192_lidar_classes.ply,9,3110
valve_0193_lidar_classes.ply,0,1266
valve_0193_lidar_classes.ply,1,819
valve_0193_lidar_classes.ply,2,444
valve_0193_lidar_classes.ply,3,455
valve_0193_lidar_classes.ply,4,72
valve_0193_lidar_classes.ply,5,81
valve_0193_lidar_classes.ply,6,633
valve_0193_lidar_classes.ply,7,941
valve_0193_lidar_classes.ply,8,48
valve_0193_lidar_classes.ply,9,3034
valve_0194_lidar_classes.ply,0,1392
valve_0194_lidar_classes.ply,1,863
valve_0194_lidar_classes.ply,2,545
valve_0194_lidar_classes.ply,3,988
valve_0194_lidar_classes.ply,4,68
valve_0194_lidar_classes.ply,5,117
valve_0194_lidar_classes.ply,6,822
valve_0194_lidar_classes.ply,7,641
valve_0194_lidar_classes.ply,8,53
valve_0194_lidar_classes.ply,9,2739
valve_0195_lidar_classes.ply,0,1139
valve_0195_lidar_classes.ply,1,930
valve_0195_lidar_classes.ply,2,407
valve_0195_lidar_classes.ply,3,746
valve_0195_lidar_classes.ply,4,49
valve_0195_lidar_classes.ply,5,94
valve_0195_lidar_classes.ply,6,700
valve_0195_lidar_classes.ply,7,589
valve_0195_lidar_classes.ply,8,50
valve_0195_lidar_classes.ply,9,2744
valve_0196_lidar_classes.ply,0,1439
valve_0196_lidar_classes.ply,1,900
valve_0196_lidar_classes.ply,2,484
valve_0196_lidar_classes.ply,3,459
valve_0196_lidar_classes.ply,4,48
valve_0196_lidar_classes.ply,5,106
valve_0196_lidar_classes.ply,6,795
valve_0196_lidar_classes.ply,7,693
valve_0196_lidar_classes.ply,8,55
valve_0196_lidar_classes.ply,9,3414
valve_0197_lidar_classes.ply,0,1372
valve_0197_lidar_classes.ply,1,868
valve_0197_lidar_classes.ply,2,468
valve_0197_lidar_classes.ply,3,640
valve_0197_lidar_classes.ply,4,55
valve_0197_lidar_classes.ply,5,97
valve_0197_lidar_classes.ply,6,686
valve_0197_lidar_classes.ply,7,726
valve_0197_lidar_classes.ply,8,45
valve_0197_lidar_classes.ply,9,2454
valve_0198_lidar_classes.ply,0,1106
valve_0198_lidar_classes.ply,1,834
valve_0198_lidar_classes.ply,2,386
valve_0198_lidar_classes.ply,3,710
valve_0198_lidar_classes.ply,4,64
valve_0198_lidar_classes.ply,5,77
valve_0198_lidar_classes.ply,6,691
valve_0198_lidar_classes.ply,7,709
valve_0198_lidar_classes.ply,8,49
valve_0198_lidar_classes.ply,9,2916
valve_0199_lidar_classes.ply,0,1004
valve_0199_lidar_classes.ply,1,902
valve_0199_lidar_classes.ply,2,505
valve_0199_lidar_classes.ply,3,297
valve_0199_lidar_classes.ply,4,71
valve_0199_lidar_classes.ply,5,83
valve_0199_lidar_classes.ply,6,551
valve_0199_lidar_classes.ply,7,731
valve_0199_lidar_classes.ply,8,42
valve_0199_lidar_classes.ply,9,3388
valve_0200_lidar_classes.ply,0,1083
valve_0200_lidar_classes.ply,1,936
valve_0200_lidar_classes.ply,2,405
valve_0200_lidar_classes.ply,3,726
valve_0200_lidar_classes.ply,4,61
valve_0200_lidar_classes.ply,5,83
valve_0200_lidar_classes.ply,6,652
valve_0200_lidar_classes.ply,7,444
valve_0200_lidar_classes.ply,8,47
valve_0200_lidar_classes.ply,9,2706
valve_0201_lidar_classes.ply,0,1263
valve_0201_lidar_classes.ply,1,915
valve_0201_lidar_classes.ply,2,486
valve_0201_lidar_classes.ply,3,853
valve_0201_lidar_classes.ply,4,62
valve_0201_lidar_classes.ply,5,125
valve_0201_lidar_classes.ply,6,769
valve_0201_lidar_classes.ply,7,877
valve_0201_lidar_classes.ply,8,37
valve_0201_lidar_classes.ply,9,2383
valve_0202_lidar_classes.ply,0,1578
valve_0202_lidar_classes.ply,1,1049
valve_0202_lidar_classes.ply,2,496
valve_0202_lidar_classes.ply,3,1056
valve_0202_lidar_classes.ply,4,74
valve_0202_lidar_classes.ply,5,133
valve_0202_lidar_classes.ply,6,909
valve_0202_lidar_classes.ply,7,737
valve_0202_lidar_classes.ply,8,50
valve_0202_lidar_classes.ply,9,2976
valve_0203_lidar_classes.ply,0,1126
valve_0203_lidar_classes.ply,1,1003
valve_0203_lidar_classes.ply,2,472
valve_0203_lidar_classes.ply,3,247
valve_0203_lidar_classes.ply,4,68
valve_0203_lidar_classes.ply,5,87
valve_0203_lidar_classes.ply,6,532
valve_0203_lidar_classes.ply,7,747
valve_0203_lidar_classes.ply,8,42
valve_0203_lidar_classes.ply,9,2877
valve_0204_lidar_classes.ply,0,930
valve_0204_lidar_classes.ply,1,715
valve_0204_lidar_classes.ply,2,527
valve_0204_lidar_classes.ply,3,345
valve_0204_lidar_classes.ply,4,49
valve_0204_lidar_classes.ply,5,73
valve_0204_lidar_classes.ply,6,454
valve_0204_lidar_classes.ply,7,764
valve_0204_lidar_classes.ply,8,40
valve_0204_lidar_classes.ply,9,3048
valve_0205_lidar_classes.ply,0,1154
valve_0205_lidar_classes.ply,1,742
valve_0205_lidar_classes.ply,2,507
valve_0205_lidar_classes.ply,3,843
valve_0205_lidar_classes.ply,4,76
valve_0205_lidar_classes.ply,5,103
valve_0205_lidar_classes.ply,6,744
valve_0205_lidar_classes.ply,7,805
valve_0205_lidar_classes.ply,8,41
valve_0205_lidar_classes.ply,9,2498
valve_0206_lidar_classes.ply,0,1306
valve_0206_lidar_classes.ply,1,987
valve_0206_lidar_classes.ply,2,447
valve_0206_lidar_classes.ply,3,410
valve_0206_lidar_classes.ply,4,36
valve_0206_lidar_classes.ply,5,61
valve_0206_lidar_classes.ply,6,573
valve_0206_lidar_classes.ply,7,914
valve_0206_lidar_classes.ply,8,45
valve_0206_lidar_classes.ply,9,3264
valve_0207_lidar_classes.ply,0,1451
valve_0207_lidar_classes.ply,1,951
valve_0207_lidar_classes.ply,2,419
valve_0207_lidar_classes.ply,3,451
valve_0207_lidar_classes.ply,4,80
valve_0207_lidar_classes.ply,5,124
valve_0207_lidar_classes.ply,6,837
valve_0207_lidar_classes.ply,7,652
valve_0207_lidar_classes.ply,8,59
valve_0207_lidar_classes.ply,9,3365
valve_0208_lidar_classes.ply,0,1343
valve_0208_lidar_classes.ply,1,932
valve_0208_lidar_classes.ply,2,430
valve_0208_lidar_classes.ply,3,630
valve_0208_lidar_classes.ply,4,61
valve_0208_lidar_classes.ply,5,91
valve_0208_lidar_classes.ply,6,691
valve_0208_lidar_classes.ply,7,518
valve_0208_lidar_classes.ply,8,43
valve_0208_lidar_classes.ply,9,2879
valve_0209_lidar_classes.ply,0,1299
valve_0209_lidar_classes.ply,1,897
valve_0209_lidar_classes.ply,2,552
valve_0209_lidar_classes.ply,3,974
valve_0209_lidar_classes.ply,4,70
valve_0209_lidar_classes.ply,5,119
valve_0209_lidar_classes.ply,6,833
valve_0209_lidar_classes.ply,7,628
valve_0209_lidar_classes.ply,8,54
valve_0209_lidar_classes.ply,9,2768
valve_0210_lidar_classes.ply,0,1303
valve_0210_lidar_classes.ply,1,1022
valve_0210_lidar_classes.ply,2,436
valve_0210_lidar_classes.ply,3,299
valve_0210_lidar_classes.ply,4,83
valve_0210_lidar_classes.ply,5,80
valve_0210_lidar_classes.ply,6,608
valve_0210_lidar_classes.ply,7,708
valve_0210_lidar_classes.ply,8,43
valve_0210_lidar_classes.ply,9,2891
valve_0211_lidar_classes.ply,0,1055
valve_0211_lidar_classes.ply,1,735
valve_0211_lidar_classes.ply,2,454
valve_0211_lidar_classes.ply,3,616
valve_0211_lidar_classes.ply,4,57
valve_0211_lidar_classes.ply,5,64
valve_0211_lidar_classes.ply,6,665
valve_0211_lidar_classes.ply,7,557
valve_0211_lidar_classes.ply,8,42
valve_0211_lidar_classes.ply,9,2789
valve_0212_lidar_classes.ply,0,987
valve_0212_lidar_classes.ply,1,777
valve_0212_lidar_classes.ply,2,403
valve_0212_lidar_classes.ply,3,771
valve_0212_lidar_classes.ply,4,54
valve_0212_lidar_classes.ply,5,73
valve_0212_lidar_classes.ply,6,703
valve_0212_lidar_classes.ply,7,616
valve_0212_lidar_classes.ply,8,48
valve_0212_lidar_classes.ply,9,2852
valve_0213_lidar_classes.ply,0,1026
valve_0213_lidar_classes.ply,1,945
valve_0213_lidar_classes.ply,2,376
valve_0213_lidar_classes.ply,3,339
valve_0213_lidar_classes.ply,4,62
valve_0213_lidar_classes.ply,5,97
valve_0213_lidar_classes.ply,6,497
valve_0213_lidar_classes.ply,7,744
valve_0213_lidar_classes.ply,8,37
valve_0213_lidar_classes.ply,9,2971
valve_0214_lidar_classes.ply,0,1196
valve_0214_lidar_classes.ply,1,776
valve_0214_lidar_classes.ply,2,478
valve_0214_lidar_classes.ply,3,632
valve_0214_lidar_classes.ply,4,61
valve_0214_lidar_classes.ply,5,86
valve_0214_lidar_classes.ply,6,669
valve_0214_lidar_classes.ply,7,510
valve_0214_lidar_classes.ply,8,44
valve_0214_lidar_classes.ply,9,2550
valve_0215_lidar_classes.ply,0,1446
valve_0215_lidar_classes.ply,1,1037
valve_0215_lidar_classes.ply,2,437
valve_0215_lidar_classes.ply,3,487
valve_0215_lidar_classes.ply,4,66
valve_0215_lidar_classes.ply,5,110
valve_0215_lidar_classes.ply,6,887
valve_0215_lidar_classes.ply,7,677
valve_0215_lidar_classes.ply,8,48
valve_0215_lidar_classes.ply,9,3348
valve_0216_lidar_classes.ply,0,1335
valve_0216_lidar_classes.ply,1,852
valve_0216_lidar_classes.ply,2,458
valve_0216_lidar_classes.ply,3,441
valve_0216_lidar_classes.ply,4,56
valve_0216_lidar_classes.ply,5,79
valve_0216_lidar_classes.ply,6,829
valve_0216_lidar_classes.ply,7,667
valve_0216_lidar_classes.ply,8,58
valve_0216_lidar_classes.ply,9,3697
valve_0217_lidar_classes.ply,0,1064
valve_0217_lidar_classes.ply,1,963
valve_0217_lidar_classes.ply,2,567
valve_0217_lidar_classes.ply,3,311
valve_0217_lidar_classes.ply,4,45
valve_0217_lidar_classes.ply,5,97
valve_0217_lidar_classes.ply,6,529
valve_0217_lidar_classes.ply,7,736
valve_0217_lidar_classes.ply,8,38
valve_0217_lidar_classes.ply,9,3163
valve_0218_lidar_classes.ply,0,1361
valve_0218_lidar_classes.ply,1,852
valve_0218_lidar_classes.ply,2,447
valve_0218_lidar_classes.ply,3,726
valve_0218_lidar_classes.ply,4,68
valve_0218_lidar_classes.ply,5,81
valve_0218_lidar_classes.ply,6,747
valve_0218_lidar_classes.ply,7,749
valve_0218_lidar_classes.ply,8,47
valve_0218_lidar_classes.ply,9,2729
valve_0219_lidar_classes.ply,0,1052
valve_0219_lidar_classes.ply,1,865
valve_0219_lidar_classes.ply,2,312
valve_0219_lidar_classes.ply,3,314
valve_0219_lidar_classes.ply,4,47
valve_0219_lidar_classes.ply,5,73
valve_0219_lidar_classes.ply,6,489
valve_0219_lidar_classes.ply,7,737
valve_0219_lidar_classes.ply,8,30
valve_0219_lidar_classes.ply,9,2809
valve_0220_lidar_classes.ply,0,1146
valve_0220_lidar_classes.ply,1,859
valve_0220_lidar_classes.ply,2,446
valve_0220_lidar_classes.ply,3,628
valve_0220_lidar_classes.ply,4,31
valve_0220_lidar_classes.ply,5,83
valve_0220_lidar_classes.ply,6,618
valve_0220_lidar_classes.ply,7,418
valve_0220_lidar_classes.ply,8,45
valve_0220_lidar_classes.ply,9,2755
valve_0221_lidar_classes.ply,0,1381
valve_0221_lidar_classes.ply,1,1046
valve_0221_lidar_classes.ply,2,410
valve_0221_lidar_classes.ply,3,506
valve_0221_lidar_classes.ply,4,83
valve_0221_lidar_classes.ply,5,116
valve_0221_lidar_classes.ply,6,856
valve_0221_lidar_classes.ply,7,687
valve_0221_lidar_classes.ply,8,53
valve_0221_lidar_classes.ply,9,3550
valve_0222_lidar_classes.ply,0,1467
valve_0222_lidar_classes.ply,1,917
valve_0222_lidar_classes.ply,2,522
valve_0222_lidar_classes.ply,3,1031
valve_0222_lidar_classes.ply,4,65
valve_0222_lidar_classes.ply,5,87
valve_0222_lidar_classes.ply,6,776
valve_0222_lidar_classes.ply,7,909
valve_0222_lidar_classes.ply,8,47
valve_0222_lidar_classes.ply,9,2302
valve_0223_lidar_classes.ply,0,1384
valve_0223_lidar_classes.ply,1,1044
valve_0223_lidar_classes.ply,2,466
valve_0223_lidar_classes.ply,3,410
valve_0223_lidar_classes.ply,4,78
valve_0223_lidar_classes.ply,5,91
valve_0223_lidar_classes.ply,6,628
valve_0223_lidar_classes.ply,7,747
valve_0223_lidar_classes.ply,8,49
valve_0223_lidar_classes.ply,9,2789
valve_0224_lidar_classes.ply,0,1150
valve_0224_lidar_classes.ply,1,745
valve_0224_lidar_classes.ply,2,449
valve_0224_lidar_classes.ply,3,611
valve_0224_lidar_classes.ply,4,44
valve_0224_lidar_classes.ply,5,92
valve_0224_lidar_classes.ply,6,591
valve_0224_lidar_classes.ply,7,400
valve_0224_lidar_classes.ply,8,45
valve_0224_lidar_classes.ply,9,2981
valve_0225_lidar_classes.ply,0,1369
valve_0225_lidar_classes.ply,1,711
valve_0225_lidar_classes.ply,2,486
valve_0225_lidar_classes.ply,3,829
valve_0225_lidar_classes.ply,4,77
valve_0225_lidar_classes.ply,5,86
valve_0225_lidar_classes.ply,6,695
valve_0225_lidar_classes.ply,7,658
valve_0225_lidar_classes.ply,8,48
valve_0225_lidar_classes.ply,9,2455
valve_0226_lidar_classes.ply,0,1403
valve_0226_lidar_classes.ply,1,916
valve_0226_lidar_classes.ply,2,560
valve_0226_lidar_classes.ply,3,952
valve_0226_lidar_classes.ply,4,73
valve_0226_lidar_classes.ply,5,104
valve_0226_lidar_classes.ply,6,798
valve_0226_lidar_classes.ply,7,907
valve_0226_lidar_classes.ply,8,38
valve_0226_lidar_classes.ply,9,2593
valve_0227_lidar_classes.ply,0,1120
valve_0227_lidar_classes.ply,1,988
valve_0227_lidar_classes.ply,2,507
valve_0227_lidar_classes.ply,3,331
valve_0227_lidar_classes.ply,4,61
valve_0227_lidar_classes.ply,5,83
valve_0227_lidar_classes.ply,6,557
valve_0227_lidar_classes.ply,7,812
valve_0227_lidar_classes.ply,8,44
valve_0227_lidar_classes.ply,9,3061
valve_0228_lidar_classes.ply,0,1126
valve_0228_lidar_classes.ply,1,862
valve_0228_lidar_classes.ply,2,448
valve_0228_lidar_classes.ply,3,648
valve_0228_lidar_classes.ply,4,45
valve_0228_lidar_classes.ply,5,71
valve_0228_lidar_classes.ply,6,688
valve_0228_lidar_classes.ply,7,475
valve_0228_lidar_classes.ply,8,46
valve_0228_lidar_classes.ply,9,2760
valve_0229_lidar_classes.ply,0,1134
valve_0229_lidar_classes.ply,1,1037
valve_0229_lidar_classes.ply,2,506
valve_0229_lidar_classes.ply,3,302
valve_0229_lidar_classes.ply,4,56
valve_0229_lidar_classes.ply,5,82
valve_0229_lidar_classes.ply,6,583
valve_0229_lidar_classes.ply,7,765
valve_0229_lidar_classes.ply,8,48
valve_0229_lidar_classes.ply,9,3015
valve_0230_lidar_classes.ply,0,1436
valve_0230_lidar_classes.ply,1,1055
valve_0230_lidar_classes.ply,2,410
valve_0230_lidar_classes.ply,3,425
valve_0230_lidar_classes.ply,4,74
valve_0230_lidar_classes.ply,5,77
valve_0230_lidar_classes.ply,6,689
valve_0230_lidar_classes.ply,7,932
valve_0230_lidar_classes.ply,8,55
valve_0230_lidar_classes.ply,9,2730
valve_0231_lidar_classes.ply,0,1447
valve_0231_lidar_classes.ply,1,841
valve_0231_lidar_classes.ply,2,523
valve_0231_lidar_classes.ply,3,1049
valve_0231_lidar_classes.ply,4,63
valve_0231_lidar_classes.ply,5,113
valve_0231_lidar_classes.ply,6,889
valve_0231_lidar_classes.ply,7,751
valve_0231_lidar_classes.ply,8,48
valve_0231_lidar_classes.ply,9,3073
valve_0232_lidar_classes.ply,0,993
valve_0232_lidar_classes.ply,1,783
valve_0232_lidar_classes.ply,2,545
valve_0232_lidar_classes.ply,3,321
valve_0232_lidar_classes.ply,4,40
valve_0232_lidar_classes.ply,5,88
valve_0232_lidar_classes.ply,6,475
valve_0232_lidar_classes.ply,7,765
valve_0232_lidar_classes.ply,8,38
valve_0232_lidar_classes.ply,9,3097
valve_0233_lidar_classes.ply,0,1335
valve_0233_lidar_classes.ply,1,921
valve_0233_lidar_classes.ply,2,493
valve_0233_lidar_classes.ply,3,512
valve_0233_lidar_classes.ply,4,76
valve_0233_lidar_classes.ply,5,80
valve_0233_lidar_classes.ply,6,609
valve_0233_lidar_classes.ply,7,686
valve_0233_lidar_classes.ply,8,42
valve_0233_lidar_classes.ply,9,2904
valve_0234_lidar_classes.ply,0,1123
valve_0234_lidar_classes.ply,1,840
valve_0234_lidar_classes.ply,2,454
valve_0234_lidar_classes.ply,3,648
valve_0234_lidar_classes.ply,4,50
valve_0234_lidar_classes.ply,5,87
valve_0234_lidar_classes.ply,6,657
valve_0234_lidar_classes.ply,7,439
valve_0234_lidar_classes.ply,8,42
valve_0234_lidar_classes.ply,9,2888
valve_0235_lidar_classes.ply,0,1181
valve_0235_lidar_classes.ply,1,980
valve_0235_lidar_classes.ply,2,551
valve_0235_lidar_classes.ply,3,359
valve_0235_lidar_classes.ply,4,46
valve_0235_lidar_classes.ply,5,91
valve_0235_lidar_classes.ply,6,487
valve_0235_lidar_classes.ply,7,805
valve_0235_lidar_classes.ply,8,37
valve_0235_lidar_classes.ply,9,2894
valve_0236_lidar_classes.ply,0,1210
valve_0236_lidar_classes.ply,1,1025
valve_0236_lidar_classes.ply,2,527
valve_0236_lidar_classes.ply,3,368
valve_0236_lidar_classes.ply,4,44
valve_0236_lidar_classes.ply,5,76
valve_0236_lidar_classes.ply,6,490
valve_0236_lidar_classes.ply,7,818
valve_0236_lidar_classes.ply,8,42
valve_0236_lidar_classes.ply,9,2907
valve_0237_lidar_classes.ply,0,1547
valve_0237_lidar_classes.ply,1,1051
valve_0237_lidar_classes.ply,2,502
valve_0237_lidar_classes.ply,3,436
valve_0237_lidar_classes.ply,4,70
valve_0237_lidar_classes.ply,5,84
valve_0237_lidar_classes.ply,6,860
valve_0237_lidar_classes.ply,7,632
valve_0237_lidar_classes.ply,8,58
valve_0237_lidar_classes.ply,9,3288
valve_0238_lidar_classes.ply,0,1332
valve_0238_lidar_classes.ply,1,1013
valve_0238_lidar_classes.ply,2,481
valve_0238_lidar_classes.ply,3,604
valve_0238_lidar_classes.ply,4,71
valve_0238_lidar_classes.ply,5,81
valve_0238_lidar_classes.ply,6,645
valve_0238_lidar_classes.ply,7,646
valve_0238_lidar_classes.ply,8,41
valve_0238_lidar_classes.ply,9,2815
valve_0239_lidar_classes.ply,0,1223
valve_0239_lidar_classes.ply,1,879
valve_0239_lidar_classes.ply,2,425
valve_0239_lidar_classes.ply,3,689
valve_0239_lidar_classes.ply,4,59
valve_0239_lidar_classes.ply,5,80
valve_0239_lidar_classes.ply,6,723
valve_0239_lidar_classes.ply,7,618
valve_0239_lidar_classes.ply,8,48
valve_0239_lidar_classes.ply,9,2757
valve_0240_lidar_classes.ply,0,1574
valve_0240_lidar_classes.ply,1,984
valve_0240_lidar_classes.ply,2,557
valve_0240_lidar_classes.ply,3,1017
valve_0240_lidar_classes.ply,4,97
valve_0240_lidar_classes.ply,5,119
valve_0240_lidar_classes.ply,6,874
valve_0240_lidar_classes.ply,7,646
valve_0240_lidar_classes.ply,8,52
valve_0240_lidar_classes.ply,9,2580
valve_0241_lidar_classes.ply,0,1401
valve_0241_lidar_classes.ply,1,892
valve_0241_lidar_classes.ply,2,456
valve_0241_lidar_classes.ply,3,384
valve_0241_lidar_classes.ply,4,68
valve_0241_lidar_classes.ply,5,105
valve_0241_lidar_classes.ply,6,792
valve_0241_lidar_classes.ply,7,681
valve_0241_lidar_classes.ply,8,57
valve_0241_lidar_classes.ply,9,3531
valve_0242_lidar_classes.ply,0,1133
valve_0242_lidar_classes.ply,1,889
valve_0242_lidar_classes.ply,2,431
valve_0242_lidar_classes.ply,3,686
valve_0242_lidar_classes.ply,4,63
valve_0242_lidar_classes.ply,5,82
valve_0242_lidar_classes.ply,6,629
valve_0242_lidar_classes.ply,7,461
valve_0242_lidar_classes.ply,8,49
valve_0242_lidar_classes.ply,9,2506
valve_0243_lidar_classes.ply,0,1153
valve_0243_lidar_classes.ply,1,773
valve_0243_lidar_classes.ply,2,443
valve_0243_lidar_classes.ply,3,414
valve_0243_lidar_classes.ply,4,32
valve_0243_lidar_classes.ply,5,75
valve_0243_lidar_classes.ply,6,585
valve_0243_lidar_classes.ply,7,922
valve_0243_lidar_classes.ply,8,41
valve_0243_lidar_classes.ply,9,3101
valve_0244_lidar_classes.ply,0,1092
valve_0244_lidar_classes.ply,1,771
valve_0244_lidar_classes.ply,2,474
valve_0244_lidar_classes.ply,3,309
valve_0244_lidar_classes.ply,4,47
valve_0244_lidar_classes.ply,5,84
valve_0244_lidar_classes.ply,6,475
valve_0244_lidar_classes.ply,7,764
valve_0244_lidar_classes.ply,8,38
valve_0244_lidar_classes.ply,9,2936
valve_0245_lidar_classes.ply,0,1110
valve_0245_lidar_classes.ply,1,869
valve_0245_lidar_classes.ply,2,408
valve_0245_lidar_classes.ply,3,692
valve_0245_lidar_classes.ply,4,65
valve_0245_lidar_classes.ply,5,84
valve_0245_lidar_classes.ply,6,704
valve_0245_lidar_classes.ply,7,615
valve_0245_lidar_classes.ply,8,45
valve_0245_lidar_classes.ply,9,2474
valve_0246_lidar_classes.ply,0,1163
valve_0246_lidar_classes.ply,1,876
valve_0246_lidar_classes.ply,2,348
valve_0246_lidar_classes.ply,3,641
valve_0246_lidar_classes.ply,4,59
valve_0246_lidar_classes.ply,5,76
valve_0246_lidar_classes.ply,6,694
valve_0246_lidar_classes.ply,7,591
valve_0246_lidar_classes.ply,8,44
valve_0246_lidar_classes.ply,9,2554
valve_0247_lidar_classes.ply,0,1118
valve_0247_lidar_classes.ply,1,887
valve_0247_lidar_classes.ply,2,406
valve_0247_lidar_classes.ply,3,723
valve_0247_lidar_classes.ply,4,60
valve_0247_lidar_classes.ply,5,70
valve_0247_lidar_classes.ply,6,651
valve_0247_lidar_classes.ply,7,444
valve_0247_lidar_classes.ply,8,45
valve_0247_lidar_classes.ply,9,2507
valve_0248_lidar_classes.ply,0,1339
valve_0248_lidar_classes.ply,1,944
valve_0248_lidar_classes.ply,2,448
valve_0248_lidar_classes.ply,3,661
valve_0248_lidar_classes.ply,4,64
valve_0248_lidar_classes.ply,5,72
valve_0248_lidar_classes.ply,6,639
valve_0248_lidar_classes.ply,7,635
valve_0248_lidar_classes.ply,8,45
valve_0248_lidar_classes.ply,9,2741
valve_0249_lidar_classes.ply,0,1559
valve_0249_lidar_classes.ply,1,1011
valve_0249_lidar_classes.ply,2,487
valve_0249_lidar_classes.ply,3,437
valve_0249_lidar_classes.ply,4,68
valve_0249_lidar_classes.ply,5,108
valve_0249_lidar_classes.ply,6,835
valve_0249_lidar_classes.ply,7,702
valve_0249_lidar_classes.ply,8,55
valve_0249_lidar_classes.ply,9,3198
valve_0250_lidar_classes.ply,0,1172
valve_0250_lidar_classes.ply,1,773
valve_0250_lidar_classes.ply,2,375
valve_0250_lidar_classes.ply,3,306
valve_0250_lidar_classes.ply,4,31
valve_0250_lidar_classes.ply,5,80
valve_0250_lidar_classes.ply,6,511
valve_0250_lidar_classes.ply,7,714
valve_0250_lidar_classes.ply,8,36
valve_0250_lidar_classes.ply,9,2942
valve_0251_lidar_classes.ply,0,1458
valve_0251_lidar_classes.ply,1,1073
valve_0251_lidar_classes.ply,2,446
valve_0251_lidar_classes.ply,3,447
valve_0251_lidar_classes.ply,4,86
valve_0251_lidar_classes.ply,5,120
valve_0251_lidar_classes.ply,6,845
valve_0251_lidar_classes.ply,7,684
valve_0251_lidar_classes.ply,8,53
valve_0251_lidar_classes.ply,9,3243
valve_0252_lidar_classes.ply,0,1020
valve_0252_lidar_classes.ply,1,830
valve_0252_lidar_classes.ply,2,542
valve_0252_lidar_classes.ply,3,401
valve_0252_lidar_classes.ply,4,52
valve_0252_lidar_classes.ply,5,70
valve_0252_lidar_classes.ply,6,546
valve_0252_lidar_classes.ply,7,898
valve_0252_lidar_classes.ply,8,41
valve_0252_lidar_classes.ply,9,3515
valve_0253_lidar_classes.ply,0,1282
valve_0253_lidar_classes.ply,1,853
valve_0253_lidar_classes.ply,2,462
valve_0253_lidar_classes.ply,3,574
valve_0253_lidar_classes.ply,4,64
valve_0253_lidar_classes.ply,5,82
valve_0253_lidar_classes.ply,6,677
valve_0253_lidar_classes.ply,7,456
valve_0253_lidar_classes.ply,8,45
valve_0253_lidar_classes.ply,9,2338
valve_0254_lidar_classes.ply,0,1384
valve_0254_lidar_classes.ply,1,979
valve_0254_lidar_classes.ply,2,422
valve_0254_lidar_classes.ply,3,373
valve_0254_lidar_classes.ply,4,51
valve_0254_lidar_classes.ply,5,91
valve_0254_lidar_classes.ply,6,751
valve_0254_lidar_classes.ply,7,802
valve_0254_lidar_classes.ply,8,53
valve_0254_lidar_classes.ply,9,3048
valve_0255_lidar_classes.ply,0,1161
valve_0255_lidar_classes.ply,1,818
valve_0255_lidar_classes.ply,2,431
valve_0255_lidar_classes.ply,3,653
valve_0255_lidar_classes.ply,4,42
valve_0255_lidar_classes.ply,5,78
valve_0255_lidar_classes.ply,6,611
valve_0255_lidar_classes.ply,7,414
valve_0255_lidar_classes.ply,8,46
valve_0255_lidar_classes.ply,9,2696
valve_0256_lidar_classes.ply,0,1094
valve_0256_lidar_classes.ply,1,793
valve_0256_lidar_classes.ply,2,413
valve_0256_lidar_classes.ply,3,570
valve_0256_lidar_classes.ply,4,53
valve_0256_lidar_classes.ply,5,73
valve_0256_lidar_classes.ply,6,685
valve_0256_lidar_classes.ply,7,505
valve_0256_lidar_classes.ply,8,46
valve_0256_lidar_classes.ply,9,2694
valve_0257_lidar_classes.ply,0,1401
valve_0257_lidar_classes.ply,1,998
valve_0257_lidar_classes.ply,2,473
valve_0257_lidar_classes.ply,3,486
valve_0257_lidar_classes.ply,4,85
valve_0257_lidar_classes.ply,5,101
valve_0257_lidar_classes.ply,6,876
valve_0257_lidar_classes.ply,7,696
valve_0257_lidar_classes.ply,8,48
valve_0257_lidar_classes.ply,9,3168
valve_0258_lidar_classes.ply,0,1310
valve_0258_lidar_classes.ply,1,938
valve_0258_lidar_classes.ply,2,547
valve_0258_lidar_classes.ply,3,1070
valve_0258_lidar_classes.ply,4,84
valve_0258_lidar_classes.ply,5,132
valve_0258_lidar_classes.ply,6,872
valve_0258_lidar_classes.ply,7,702
valve_0258_lidar_classes.ply,8,49
valve_0258_lidar_classes.ply,9,2839
valve_0259_lidar_classes.ply,0,1085
valve_0259_lidar_classes.ply,1,910
valve_0259_lidar_classes.ply,2,467
valve_0259_lidar_classes.ply,3,323
valve_0259_lidar_classes.ply,4,63
valve_0259_lidar_classes.ply,5,94
valve_0259_lidar_classes.ply,6,600
valve_0259_lidar_classes.ply,7,644
valve_0259_lidar_classes.ply,8,42
valve_0259_lidar_classes.ply,9,3249
valve_0260_lidar_classes.ply,0,1297
valve_0260_lidar_classes.ply,1,781
valve_0260_lidar_classes.ply,2,508
valve_0260_lidar_classes.ply,3,723
valve_0260_lidar_classes.ply,4,75
valve_0260_lidar_classes.ply,5,99
valve_0260_lidar_classes.ply,6,770
valve_0260_lidar_classes.ply,7,796
valve_0260_lidar_classes.ply,8,35
valve_0260_lidar_classes.ply,9,2710
valve_0261_lidar_classes.ply,0,1621
valve_0261_lidar_classes.ply,1,1053
valve_0261_lidar_classes.ply,2,447
valve_0261_lidar_classes.ply,3,393
valve_0261_lidar_classes.ply,4,77
valve_0261_lidar_classes.ply,5,114
valve_0261_lidar_classes.ply,6,846
valve_0261_lidar_classes.ply,7,638
valve_0261_lidar_classes.ply,8,47
valve_0261_lidar_classes.ply,9,2791
valve_0262_lidar_classes.ply,0,1271
valve_0262_lidar_classes.ply,1,824
valve_0262_lidar_classes.ply,2,547
valve_0262_lidar_classes.ply,3,1136
valve_0262_lidar_classes.ply,4,74
valve_0262_lidar_classes.ply,5,118
valve_0262_lidar_classes.ply,6,758
valve_0262_lidar_classes.ply,7,835
valve_0262_lidar_classes.ply,8,34
valve_0262_lidar_classes.ply,9,2641
valve_0263_lidar_classes.ply,0,1378
valve_0263_lidar_classes.ply,1,1075
valve_0263_lidar_classes.ply,2,456
valve_0263_lidar_classes.ply,3,492
valve_0263_lidar_classes.ply,4,52
valve_0263_lidar_classes.ply,5,73
valve_0263_lidar_classes.ply,6,626
valve_0263_lidar_classes.ply,7,688
valve_0263_lidar_classes.ply,8,48
valve_0263_lidar_classes.ply,9,2904
valve_0264_lidar_classes.ply,0,1160
valve_0264_lidar_classes.ply,1,825
valve_0264_lidar_classes.ply,2,421
valve_0264_lidar_classes.ply,3,607
valve_0264_lidar_classes.ply,4,59
valve_0264_lidar_classes.ply,5,95
valve_0264_lidar_classes.ply,6,631
valve_0264_lidar_classes.ply,7,460
valve_0264_lidar_classes.ply,8,39
valve_0264_lidar_classes.ply,9,2877
valve_0265_lidar_classes.ply,0,1252
valve_0265_lidar_classes.ply,1,959
valve_0265_lidar_classes.ply,2,381
valve_0265_lidar_classes.ply,3,741
valve_0265_lidar_classes.ply,4,66
valve_0265_lidar_classes.ply,5,93
valve_0265_lidar_classes.ply,6,702
valve_0265_lidar_classes.ply,7,768
valve_0265_lidar_classes.ply,8,50
valve_0265_lidar_classes.ply,9,2534
valve_0266_lidar_classes.ply,0,1078
valve_0266_lidar_classes.ply,1,844
valve_0266_lidar_classes.ply,2,503
valve_0266_lidar_classes.ply,3,298
valve_0266_lidar_classes.ply,4,58
valve_0266_lidar_classes.ply,5,95
valve_0266_lidar_classes.ply,6,524
valve_0266_lidar_classes.ply,7,711
valve_0266_lidar_classes.ply,8,38
valve_0266_lidar_classes.ply,9,3242
valve_0267_lidar_classes.ply,0,1469
valve_0267_lidar_classes.ply,1,1029
valve_0267_lidar_classes.ply,2,438
valve_0267_lidar_classes.ply,3,526
valve_0267_lidar_classes.ply,4,82
valve_0267_lidar_classes.ply,5,117
valve_0267_lidar_classes.ply,6,829
valve_0267_lidar_classes.ply,7,698
valve_0267_lidar_classes.ply,8,47
valve_0267_lidar_classes.ply,9,3133
valve_0268_lidar_classes.ply,0,1559
valve_0268_lidar_classes.ply,1,971
valve_0268_lidar_classes.ply,2,518
valve_0268_lidar_classes.ply,3,943
valve_0268_lidar_classes.ply,4,73
valve_0268_lidar_classes.ply,5,94
valve_0268_lidar_classes.ply,6,797
valve_0268_lidar_classes.ply,7,601
valve_0268_lidar_classes.ply,8,45
valve_0268_lidar_classes.ply,9,2614
valve_0269_lidar_classes.ply,0,1029
valve_0269_lidar_classes.ply,1,847
valve_0269_lidar_classes.ply,2,489
valve_0269_lidar_classes.ply,3,358
valve_0269_lidar_classes.ply,4,46
valve_0269_lidar_classes.ply,5,69
valve_0269_lidar_classes.ply,6,490
valve_0269_lidar_classes.ply,7,766
valve_0269_lidar_classes.ply,8,43
valve_0269_lidar_classes.ply,9,3297
valve_0270_lidar_classes.ply,0,1193
valve_0270_lidar_classes.ply,1,975
valve_0270_lidar_classes.ply,2,489
valve_0270_lidar_classes.ply,3,394
valve_0270_lidar_classes.ply,4,58
valve_0270_lidar_classes.ply,5,66
valve_0270_lidar_classes.ply,6,574
valve_0270_lidar_classes.ply,7,886
valve_0270_lidar_classes.ply,8,45
valve_0270_lidar_classes.ply,9,3236
valve_0271_lidar_classes.ply,0,1109
valve_0271_lidar_classes.ply,1,958
valve_0271_lidar_classes.ply,2,531
valve_0271_lidar_classes.ply,3,331
valve_0271_lidar_classes.ply,4,52
valve_0271_lidar_classes.ply,5,55
valve_0271_lidar_classes.ply,6,515
valve_0271_lidar_classes.ply,7,778
valve_0271_lidar_classes.ply,8,35
valve_0271_lidar_classes.ply,9,2860
valve_0272_lidar_classes.ply,0,1373
valve_0272_lidar_classes.ply,1,965
valve_0272_lidar_classes.ply,2,509
valve_0272_lidar_classes.ply,3,967
valve_0272_lidar_classes.ply,4,58
valve_0272_lidar_classes.ply,5,102
valve_0272_lidar_classes.ply,6,779
valve_0272_lidar_classes.ply,7,901
valve_0272_lidar_classes.ply,8,45
valve_0272_lidar_classes.ply,9,2500
valve_0273_lidar_classes.ply,0,1088
valve_0273_lidar_classes.ply,1,827
valve_0273_lidar_classes.ply,2,399
valve_0273_lidar_classes.ply,3,321
valve_0273_lidar_classes.ply,4,41
valve_0273_lidar_classes.ply,5,85
valve_0273_lidar_classes.ply,6,503
valve_0273_lidar_classes.ply,7,721
valve_0273_lidar_classes.ply,8,37
valve_0273_lidar_classes.ply,9,3056
valve_0274_lidar_classes.ply,0,1313
valve_0274_lidar_classes.ply,1,754
valve_0274_lidar_classes.ply,2,458
valve_0274_lidar_classes.ply,3,446
valve_0274_lidar_classes.ply,4,58
valve_0274_lidar_classes.ply,5,103
valve_0274_lidar_classes.ply,6,864
valve_0274_lidar_classes.ply,7,596
valve_0274_lidar_classes.ply,8,54
valve_0274_lidar_classes.ply,9,3476
valve_0275_lidar_classes.ply,0,1095
valve_0275_lidar_classes.ply,1,1031
valve_0275_lidar_classes.ply,2,378
valve_0275_lidar_classes.ply,3,670
valve_0275_lidar_classes.ply,4,53
valve_0275_lidar_classes.ply,5,91
valve_0275_lidar_classes.ply,6,661
valve_0275_lidar_classes.ply,7,378
valve_0275_lidar_classes.ply,8,47
valve_0275_lidar_classes.ply,9,2538
valve_0276_lidar_classes.ply,0,1384
valve_0276_lidar_classes.ply,1,890
valve_0276_lidar_classes.ply,2,535
valve_0276_lidar_classes.ply,3,626
valve_0276_lidar_classes.ply,4,76
valve_0276_lidar_classes.ply,5,91
valve_0276_lidar_classes.ply,6,636
valve_0276_lidar_classes.ply,7,562
valve_0276_lidar_classes.ply,8,45
valve_0276_lidar_classes.ply,9,2927
valve_0277_lidar_classes.ply,0,1477
valve_0277_lidar_classes.ply,1,925
valve_0277_lidar_classes.ply,2,495
valve_0277_lidar_classes.ply,3,435
valve_0277_lidar_classes.ply,4,64
valve_0277_lidar_classes.ply,5,83
valve_0277_lidar_classes.ply,6,833
valve_0277_lidar_classes.ply,7,610
valve_0277_lidar_classes.ply,8,51
valve_0277_lidar_classes.ply,9,3683
valve_0278_lidar_classes.ply,0,1204
valve_0278_lidar_classes.ply,1,960
valve_0278_lidar_classes.ply,2,441
valve_0278_lidar_classes.ply,3,846
valve_0278_lidar_classes.ply,4,65
valve_0278_lidar_classes.ply,5,97
valve_0278_lidar_classes.ply,6,773
valve_0278_lidar_classes.ply,7,760
valve_0278_lidar_classes.ply,8,47
valve_0278_lidar_classes.ply,9,2604
valve_0279_lidar_classes.ply,0,1504
valve_0279_lidar_classes.ply,1,983
valve_0279_lidar_classes.ply,2,538
valve_0279_lidar_classes.ply,3,1114
valve_0279_lidar_classes.ply,4,95
valve_0279_lidar_classes.ply,5,138
valve_0279_lidar_classes.ply,6,894
valve_0279_lidar_classes.ply,7,773
valve_0279_lidar_classes.ply,8,45
valve_0279_lidar_classes.ply,9,2873
valve_0280_lidar_classes.ply,0,1125
valve_0280_lidar_classes.ply,1,871
valve_0280_lidar_classes.ply,2,416
valve_0280_lidar_classes.ply,3,701
valve_0280_lidar_classes.ply,4,60
valve_0280_lidar_classes.ply,5,94
valve_0280_lidar_classes.ply,6,590
valve_0280_lidar_classes.ply,7,402
valve_0280_lidar_classes.ply,8,45
valve_0280_lidar_classes.ply,9,2539
valve_0281_lidar_classes.ply,0,1184
valve_0281_lidar_classes.ply,1,907
valve_0281_lidar_classes.ply,2,415
valve_0281_lidar_classes.ply,3,657
valve_0281_lidar_classes.ply,4,51
valve_0281_lidar_classes.ply,5,77
valve_0281_lidar_classes.ply,6,695
valve_0281_lidar_classes.ply,7,535
valve_0281_lidar_classes.ply,8,46
valve_0281_lidar_classes.ply,9,2743
valve_0282_lidar_classes.ply,0,1040
valve_0282_lidar_classes.ply,1,729
valve_0282_lidar_classes.ply,2,372
valve_0282_lidar_classes.ply,3,308
valve_0282_lidar_classes.ply,4,41
valve_0282_lidar_classes.ply,5,80
valve_0282_lidar_classes.ply,6,508
valve_0282_lidar_classes.ply,7,732
valve_0282_lidar_classes.ply,8,32
valve_0282_lidar_classes.ply,9,3176
valve_0283_lidar_classes.ply,0,1187
valve_0283_lidar_classes.ply,1,849
valve_0283_lidar_classes.ply,2,422
valve_0283_lidar_classes.ply,3,695
valve_0283_lidar_classes.ply,4,75
valve_0283_lidar_classes.ply,5,74
valve_0283_lidar_classes.ply,6,711
valve_0283_lidar_classes.ply,7,807
valve_0283_lidar_classes.ply,8,36
valve_0283_lidar_classes.ply,9,2846
valve_0284_lidar_classes.ply,0,1055
valve_0284_lidar_classes.ply,1,863
valve_0284_lidar_classes.ply,2,424
valve_0284_lidar_classes.ply,3,645
valve_0284_lidar_classes.ply,4,56
valve_0284_lidar_classes.ply,5,72
valve_0284_lidar_classes.ply,6,636
valve_0284_lidar_classes.ply,7,386
valve_0284_lidar_classes.ply,8,45
valve_0284_lidar_classes.ply,9,2533
valve_0285_lidar_classes.ply,0,1136
valve_0285_lidar_classes.ply,1,825
valve_0285_lidar_classes.ply,2,425
valve_0285_lidar_classes.ply,3,672
valve_0285_lidar_classes.ply,4,49
valve_0285_lidar_classes.ply,5,69
valve_0285_lidar_classes.ply,6,605
valve_0285_lidar_classes.ply,7,450
valve_0285_lidar_classes.ply,8,50
valve_0285_lidar_classes.ply,9,2615
valve_0286_lidar_classes.ply,0,1232
valve_0286_lidar_classes.ply,1,806
valve_0286_lidar_classes.ply,2,428
valve_0286_lidar_classes.ply,3,630
valve_0286_lidar_classes.ply,4,53
valve_0286_lidar_classes.ply,5,104
valve_0286_lidar_classes.ply,6,650
valve_0286_lidar_classes.ply,7,589
valve_0286_lidar_classes.ply,8,41
valve_0286_lidar_classes.ply,9,3199
valve_0287_lidar_classes.ply,0,1238
valve_0287_lidar_classes.ply,1,1157
valve_0287_lidar_classes.ply,2,437
valve_0287_lidar_classes.ply,3,388
valve_0287_lidar_classes.ply,4,46
valve_0287_lidar_classes.ply,5,65
valve_0287_lidar_classes.ply,6,543
valve_0287_lidar_classes.ply,7,879
valve_0287_lidar_classes.ply,8,39
valve_0287_lidar_classes.ply,9,3004
valve_0288_lidar_classes.ply,0,1033
valve_0288_lidar_classes.ply,1,814
valve_0288_lidar_classes.ply,2,480
valve_0288_lidar_classes.ply,3,799
valve_0288_lidar_classes.ply,4,40
valve_0288_lidar_classes.ply,5,86
valve_0288_lidar_classes.ply,6,712
valve_0288_lidar_classes.ply,7,728
valve_0288_lidar_classes.ply,8,44
valve_0288_lidar_classes.ply,9,2609
valve_0289_lidar_classes.ply,0,1444
valve_0289_lidar_classes.ply,1,893
valve_0289_lidar_classes.ply,2,512
valve_0289_lidar_classes.ply,3,1057
valve_0289_lidar_classes.ply,4,91
valve_0289_lidar_classes.ply,5,113
valve_0289_lidar_classes.ply,6,831
valve_0289_lidar_classes.ply,7,660
valve_0289_lidar_classes.ply,8,46
valve_0289_lidar_classes.ply,9,2540
valve_0290_lidar_classes.ply,0,1117
valve_0290_lidar_classes.ply,1,1007
valve_0290_lidar_classes.ply,2,477
valve_0290_lidar_classes.ply,3,345
valve_0290_lidar_classes.ply,4,36
valve_0290_lidar_classes.ply,5,80
valve_0290_lidar_classes.ply,6,512
valve_0290_lidar_classes.ply,7,872
valve_0290_lidar_classes.ply,8,41
valve_0290_lidar_classes.ply,9,3321
valve_0291_lidar_classes.ply,0,1328
valve_0291_lidar_classes.ply,1,899
valve_0291_lidar_classes.ply,2,388
valve_0291_lidar_classes.ply,3,431
valve_0291_lidar_classes.ply,4,62
valve_0291_lidar_classes.ply,5,99
valve_0291_lidar_classes.ply,6,768
valve_0291_lidar_classes.ply,7,593
valve_0291_lidar_classes.ply,8,47
valve_0291_lidar_classes.ply,9,2917
valve_0292_lidar_classes.ply,0,1310
valve_0292_lidar_classes.ply,1,969
valve_0292_lidar_classes.ply,2,566
valve_0292_lidar_classes.ply,3,1123
valve_0292_lidar_classes.ply,4,82
valve_0292_lidar_classes.ply,5,118
valve_0292_lidar_classes.ply,6,888
valve_0292_lidar_classes.ply,7,730
valve_0292_lidar_classes.ply,8,59
valve_0292_lidar_classes.ply,9,3000
valve_0293_lidar_classes.ply,0,1014
valve_0293_lidar_classes.ply,1,724
valve_0293_lidar_classes.ply,2,387
valve_0293_lidar_classes.ply,3,314
valve_0293_lidar_classes.ply,4,45
valve_0293_lidar_classes.ply,5,98
valve_0293_lidar_classes.ply,6,487
valve_0293_lidar_classes.ply,7,729
valve_0293_lidar_classes.ply,8,34
valve_0293_lidar_classes.ply,9,3157
valve_0294_lidar_classes.ply,0,1423
valve_0294_lidar_classes.ply,1,805
valve_0294_lidar_classes.ply,2,434
valve_0294_lidar_classes.ply,3,477
valve_0294_lidar_classes.ply,4,59
valve_0294_lidar_classes.ply,5,139
valve_0294_lidar_classes.ply,6,863
valve_0294_lidar_classes.ply,7,639
valve_0294_lidar_classes.ply,8,50
valve_0294_lidar_classes.ply,9,3552
valve_0295_lidar_classes.ply,0,1100
valve_0295_lidar_classes.ply,1,1084
valve_0295_lidar_classes.ply,2,456
valve_0295_lidar_classes.ply,3,308
valve_0295_lidar_classes.ply,4,49
valve_0295_lidar_classes.ply,5,84
valve_0295_lidar_classes.ply,6,536
valve_0295_lidar_classes.ply,7,723
valve_0295_lidar_classes.ply,8,47
valve_0295_lidar_classes.ply,9,3100
valve_0296_lidar_classes.ply,0,1342
valve_0296_lidar_classes.ply,1,984
valve_0296_lidar_classes.ply,2,438
valve_0296_lidar_classes.ply,3,510
valve_0296_lidar_classes.ply,4,74
valve_0296_lidar_classes.ply,5,97
valve_0296_lidar_classes.ply,6,723
valve_0296_lidar_classes.ply,7,582
valve_0296_lidar_classes.ply,8,44
valve_0296_lidar_classes.ply,9,2895
valve_0297_lidar_classes.ply,0,1342
valve_0297_lidar_classes.ply,1,924
valve_0297_lidar_classes.ply,2,495
valve_0297_lidar_classes.ply,3,1127
valve_0297_lidar_classes.ply,4,96
valve_0297_lidar_classes.ply,5,118
valve_0297_lidar_classes.ply,6,880
valve_0297_lidar_classes.ply,7,779
valve_0297_lidar_classes.ply,8,56
valve_0297_lidar_classes.ply,9,3085
valve_0298_lidar_classes.ply,0,1318
valve_0298_lidar_classes.ply,1,903
valve_0298_lidar_classes.ply,2,486
valve_0298_lidar_classes.ply,3,453
valve_0298_lidar_classes.ply,4,70
valve_0298_lidar_classes.ply,5,95
valve_0298_lidar_classes.ply,6,729
valve_0298_lidar_classes.ply,7,830
valve_0298_lidar_classes.ply,8,54
valve_0298_lidar_classes.ply,9,3086
valve_0299_lidar_classes.ply,0,1396
valve_0299_lidar_classes.ply,1,991
valve_0299_lidar_classes.ply,2,427
valve_0299_lidar_classes.ply,3,445
valve_0299_lidar_classes.ply,4,69
valve_0299_lidar_classes.ply,5,108
valve_0299_lidar_classes.ply,6,732
valve_0299_lidar_classes.ply,7,756
valve_0299_lidar_classes.ply,8,52
valve_0299_lidar_classes.ply,9,3093
valve_0300_lidar_classes.ply,0,1538
valve_0300_lidar_classes.ply,1,940
valve_0300_lidar_classes.ply,2,559
valve_0300_lidar_classes.ply,3,1022
valve_0300_lidar_classes.ply,4,82
valve_0300_lidar_classes.ply,5,133
valve_0300_lidar_classes.ply,6,867
valve_0300_lidar_classes.ply,7,719
valve_0300_lidar_classes.ply,8,56
valve_0300_lidar_classes.ply,9,2882
valve_0301_lidar_classes.ply,0,1162
valve_0301_lidar_classes.ply,1,822
valve_0301_lidar_classes.ply,2,525
valve_0301_lidar_classes.ply,3,959
valve_0301_lidar_classes.ply,4,66
valve_0301_lidar_classes.ply,5,94
valve_0301_lidar_classes.ply,6,671
valve_0301_lidar_classes.ply,7,583
valve_0301_lidar_classes.ply,8,46
valve_0301_lidar_classes.ply,9,3018
valve_0302_lidar_classes.ply,0,1588
valve_0302_lidar_classes.ply,1,975
valve_0302_lidar_classes.ply,2,483
valve_0302_lidar_classes.ply,3,428
valve_0302_lidar_classes.ply,4,78
valve_0302_lidar_classes.ply,5,104
valve_0302_lidar_classes.ply,6,873
valve_0302_lidar_classes.ply,7,697
valve_0302_lidar_classes.ply,8,50
valve_0302_lidar_classes.ply,9,3229
valve_0303_lidar_classes.ply,0,1365
valve_0303_lidar_classes.ply,1,893
valve_0303_lidar_classes.ply,2,395
valve_0303_lidar_classes.ply,3,625
valve_0303_lidar_classes.ply,4,38
valve_0303_lidar_classes.ply,5,80
valve_0303_lidar_classes.ply,6,723
valve_0303_lidar_classes.ply,7,712
valve_0303_lidar_classes.ply,8,44
valve_0303_lidar_classes.ply,9,2752
valve_0304_lidar_classes.ply,0,1359
valve_0304_lidar_classes.ply,1,798
valve_0304_lidar_classes.ply,2,506
valve_0304_lidar_classes.ply,3,909
valve_0304_lidar_classes.ply,4,82
valve_0304_lidar_classes.ply,5,102
valve_0304_lidar_classes.ply,6,745
valve_0304_lidar_classes.ply,7,642
valve_0304_lidar_classes.ply,8,50
valve_0304_lidar_classes.ply,9,2356
valve_0305_lidar_classes.ply,0,1227
valve_0305_lidar_classes.ply,1,931
valve_0305_lidar_classes.ply,2,492
valve_0305_lidar_classes.ply,3,659
valve_0305_lidar_classes.ply,4,64
valve_0305_lidar_classes.ply,5,111
valve_0305_lidar_classes.ply,6,676
valve_0305_lidar_classes.ply,7,537
valve_0305_lidar_classes.ply,8,42
valve_0305_lidar_classes.ply,9,2878
valve_0306_lidar_classes.ply,0,1126
valve_0306_lidar_classes.ply,1,808
valve_0306_lidar_classes.ply,2,431
valve_0306_lidar_classes.ply,3,669
valve_0306_lidar_classes.ply,4,53
valve_0306_lidar_classes.ply,5,78
valve_0306_lidar_classes.ply,6,658
valve_0306_lidar_classes.ply,7,558
valve_0306_lidar_classes.ply,8,39
valve_0306_lidar_classes.ply,9,2835
valve_0307_lidar_classes.ply,0,1311
valve_0307_lidar_classes.ply,1,943
valve_0307_lidar_classes.ply,2,500
valve_0307_lidar_classes.ply,3,321
valve_0307_lidar_classes.ply,4,76
valve_0307_lidar_classes.ply,5,82
valve_0307_lidar_classes.ply,6,615
valve_0307_lidar_classes.ply,7,664
valve_0307_lidar_classes.ply,8,36
valve_0307_lidar_classes.ply,9,2766
valve_0308_lidar_classes.ply,0,1077
valve_0308_lidar_classes.ply,1,1021
valve_0308_lidar_classes.ply,2,541
valve_0308_lidar_classes.ply,3,349
valve_0308_lidar_classes.ply,4,46
valve_0308_lidar_classes.ply,5,71
valve_0308_lidar_classes.ply,6,496
valve_0308_lidar_classes.ply,7,821
valve_0308_lidar_classes.ply,8,44
valve_0308_lidar_classes.ply,9,2882
valve_0309_lidar_classes.ply,0,1065
valve_0309_lidar_classes.ply,1,833
valve_0309_lidar_classes.ply,2,418
valve_0309_lidar_classes.ply,3,613
valve_0309_lidar_classes.ply,4,46
valve_0309_lidar_classes.ply,5,77
valve_0309_lidar_classes.ply,6,626
valve_0309_lidar_classes.ply,7,410
valve_0309_lidar_classes.ply,8,47
valve_0309_lidar_classes.ply,9,2670
valve_0310_lidar_classes.ply,0,1180
valve_0310_lidar_classes.ply,1,821
valve_0310_lidar_classes.ply,2,436
valve_0310_lidar_classes.ply,3,628
valve_0310_lidar_classes.ply,4,40
valve_0310_lidar_classes.ply,5,79
valve_0310_lidar_classes.ply,6,629
valve_0310_lidar_classes.ply,7,389
valve_0310_lidar_classes.ply,8,45
valve_0310_lidar_classes.ply,9,2730
valve_0311_lidar_classes.ply,0,1197
valve_0311_lidar_classes.ply,1,873
valve_0311_lidar_classes.ply,2,394
valve_0311_lidar_classes.ply,3,673
valve_0311_lidar_classes.ply,4,39
valve_0311_lidar_classes.ply,5,89
valve_0311_lidar_classes.ply,6,638
valve_0311_lidar_classes.ply,7,410
valve_0311_lidar_classes.ply,8,44
valve_0311_lidar_classes.ply,9,2997
valve_0312_lidar_classes.ply,0,1254
valve_0312_lidar_classes.ply,1,851
valve_0312_lidar_classes.ply,2,434
valve_0312_lidar_classes.ply,3,629
valve_0312_lidar_classes.ply,4,59
valve_0312_lidar_classes.ply,5,83
valve_0312_lidar_classes.ply,6,635
valve_0312_lidar_classes.ply,7,368
valve_0312_lidar_classes.ply,8,50
valve_0312_lidar_classes.ply,9,2719
valve_0313_lidar_classes.ply,0,1037
valve_0313_lidar_classes.ply,1,849
valve_0313_lidar_classes.ply,2,471
valve_0313_lidar_classes.ply,3,706
valve_0313_lidar_classes.ply,4,45
valve_0313_lidar_classes.ply,5,76
valve_0313_lidar_classes.ply,6,653
valve_0313_lidar_classes.ply,7,373
valve_0313_lidar_classes.ply,8,45
valve_0313_lidar_classes.ply,9,2803
valve_0314_lidar_classes.ply,0,1444
valve_0314_lidar_classes.ply,1,886
valve_0314_lidar_classes.ply,2,500
valve_0314_lidar_classes.ply,3,1075
valve_0314_lidar_classes.ply,4,62
valve_0314_lidar_classes.ply,5,106
valve_0314_lidar_classes.ply,6,777
valve_0314_lidar_classes.ply,7,904
valve_0314_lidar_classes.ply,8,38
valve_0314_lidar_classes.ply,9,2556
valve_0315_lidar_classes.ply,0,1489
valve_0315_lidar_classes.ply,1,1077
valve_0315_lidar_classes.ply,2,493
valve_0315_lidar_classes.ply,3,476
valve_0315_lidar_classes.ply,4,69
valve_0315_lidar_classes.ply,5,100
valve_0315_lidar_classes.ply,6,874
valve_0315_lidar_classes.ply,7,617
valve_0315_lidar_classes.ply,8,59
valve_0315_lidar_classes.ply,9,3314
valve_0316_lidar_classes.ply,0,1638
valve_0316_lidar_classes.ply,1,820
valve_0316_lidar_classes.ply,2,530
valve_0316_lidar_classes.ply,3,1069
valve_0316_lidar_classes.ply,4,67
valve_0316_lidar_classes.ply,5,139
valve_0316_lidar_classes.ply,6,845
valve_0316_lidar_classes.ply,7,857
valve_0316_lidar_classes.ply,8,40
valve_0316_lidar_classes.ply,9,2846
valve_0317_lidar_classes.ply,0,1104
valve_0317_lidar_classes.ply,1,754
valve_0317_lidar_classes.ply,2,444
valve_0317_lidar_classes.ply,3,636
valve_0317_lidar_classes.ply,4,57
valve_0317_lidar_classes.ply,5,83
valve_0317_lidar_classes.ply,6,676
valve_0317_lidar_classes.ply,7,518
valve_0317_lidar_classes.ply,8,43
valve_0317_lidar_classes.ply,9,3302
valve_0318_lidar_classes.ply,0,1435
valve_0318_lidar_classes.ply,1,868
valve_0318_lidar_classes.ply,2,438
valve_0318_lidar_classes.ply,3,705
valve_0318_lidar_classes.ply,4,57
valve_0318_lidar_classes.ply,5,80
valve_0318_lidar_classes.ply,6,784
valve_0318_lidar_classes.ply,7,712
valve_0318_lidar_classes.ply,8,47
valve_0318_lidar_classes.ply,9,2719
valve_0319_lidar_classes.ply,0,1078
valve_0319_lidar_classes.ply,1,923
valve_0319_lidar_classes.ply,2,438
valve_0319_lidar_classes.ply,3,333
valve_0319_lidar_classes.ply,4,46
valve_0319_lidar_classes.ply,5,84
valve_0319_lidar_classes.ply,6,526
valve_0319_lidar_classes.ply,7,725
valve_0319_lidar_classes.ply,8,43
valve_0319_lidar_classes.ply,9,3108
valve_0320_lidar_classes.ply,0,1449
valve_0320_lidar_classes.ply,1,1110
valve_0320_lidar_classes.ply,2,427
valve_0320_lidar_classes.ply,3,423
valve_0320_lidar_classes.ply,4,82
valve_0320_lidar_classes.ply,5,79
valve_0320_lidar_classes.ply,6,811
valve_0320_lidar_classes.ply,7,683
valve_0320_lidar_classes.ply,8,57
valve_0320_lidar_classes.ply,9,3070
valve_0321_lidar_classes.ply,0,1407
valve_0321_lidar_classes.ply,1,1017
valve_0321_lidar_classes.ply,2,418
valve_0321_lidar_classes.ply,3,507
valve_0321_lidar_classes.ply,4,74
valve_0321_lidar_classes.ply,5,110
valve_0321_lidar_classes.ply,6,886
valve_0321_lidar_classes.ply,7,694
valve_0321_lidar_classes.ply,8,51
valve_0321_lidar_classes.ply,9,3127
valve_0322_lidar_classes.ply,0,1329
valve_0322_lidar_classes.ply,1,939
valve_0322_lidar_classes.ply,2,579
valve_0322_lidar_classes.ply,3,1123
valve_0322_lidar_classes.ply,4,80
valve_0322_lidar_classes.ply,5,106
valve_0322_lidar_classes.ply,6,826
valve_0322_lidar_classes.ply,7,602
valve_0322_lidar_classes.ply,8,53
valve_0322_lidar_classes.ply,9,2830
valve_0323_lidar_classes.ply,0,1416
valve_0323_lidar_classes.ply,1,940
valve_0323_lidar_classes.ply,2,440
valve_0323_lidar_classes.ply,3,694
valve_0323_lidar_classes.ply,4,70
valve_0323_lidar_classes.ply,5,83
valve_0323_lidar_classes.ply,6,744
valve_0323_lidar_classes.ply,7,765
valve_0323_lidar_classes.ply,8,44
valve_0323_lidar_classes.ply,9,2704
valve_0324_lidar_classes.ply,0,1178
valve_0324_lidar_classes.ply,1,1075
valve_0324_lidar_classes.ply,2,427
valve_0324_lidar_classes.ply,3,356
valve_0324_lidar_classes.ply,4,37
valve_0324_lidar_classes.ply,5,80
valve_0324_lidar_classes.ply,6,494
valve_0324_lidar_classes.ply,7,857
valve_0324_lidar_classes.ply,8,41
valve_0324_lidar_classes.ply,9,2968
valve_0325_lidar_classes.ply,0,1361
valve_0325_lidar_classes.ply,1,879
valve_0325_lidar_classes.ply,2,525
valve_0325_lidar_classes.ply,3,1015
valve_0325_lidar_classes.ply,4,75
valve_0325_lidar_classes.ply,5,104
valve_0325_lidar_classes.ply,6,843
valve_0325_lidar_classes.ply,7,634
valve_0325_lidar_classes.ply,8,53
valve_0325_lidar_classes.ply,9,2809
valve_0326_lidar_classes.ply,0,1470
valve_0326_lidar_classes.ply,1,1039
valve_0326_lidar_classes.ply,2,421
valve_0326_lidar_classes.ply,3,533
valve_0326_lidar_classes.ply,4,90
valve_0326_lidar_classes.ply,5,102
valve_0326_lidar_classes.ply,6,860
valve_0326_lidar_classes.ply,7,695
valve_0326_lidar_classes.ply,8,46
valve_0326_lidar_classes.ply,9,3076
valve_0327_lidar_classes.ply,0,962
valve_0327_lidar_classes.ply,1,749
valve_0327_lidar_classes.ply,2,285
valve_0327_lidar_classes.ply,3,327
valve_0327_lidar_classes.ply,4,64
valve_0327_lidar_classes.ply,5,83
valve_0327_lidar_classes.ply,6,497
valve_0327_lidar_classes.ply,7,731
valve_0327_lidar_classes.ply,8,37
valve_0327_lidar_classes.ply,9,3164
valve_0328_lidar_classes.ply,0,1313
valve_0328_lidar_classes.ply,1,917
valve_0328_lidar_classes.ply,2,472
valve_0328_lidar_classes.ply,3,401
valve_0328_lidar_classes.ply,4,46
valve_0328_lidar_classes.ply,5,64
valve_0328_lidar_classes.ply,6,553
valve_0328_lidar_classes.ply,7,890
valve_0328_lidar_classes.ply,8,49
valve_0328_lidar_classes.ply,9,3034
valve_0329_lidar_classes.ply,0,1222
valve_0329_lidar_classes.ply,1,830
valve_0329_lidar_classes.ply,2,388
valve_0329_lidar_classes.ply,3,716
valve_0329_lidar_classes.ply,4,55
valve_0329_lidar_classes.ply,5,79
valve_0329_lidar_classes.ply,6,697
valve_0329_lidar_classes.ply,7,713
valve_0329_lidar_classes.ply,8,45
valve_0329_lidar_classes.ply,9,2589
valve_0330_lidar_classes.ply,0,1360
valve_0330_lidar_classes.ply,1,956
valve_0330_lidar_classes.ply,2,423
valve_0330_lidar_classes.ply,3,459
valve_0330_lidar_classes.ply,4,63
valve_0330_lidar_classes.ply,5,104
valve_0330_lidar_classes.ply,6,783
valve_0330_lidar_classes.ply,7,621
valve_0330_lidar_classes.ply,8,50
valve_0330_lidar_classes.ply,9,2884
valve_0331_lidar_classes.ply,0,1216
valve_0331_lidar_classes.ply,1,843
valve_0331_lidar_classes.ply,2,428
valve_0331_lidar_classes.ply,3,638
valve_0331_lidar_classes.ply,4,65
valve_0331_lidar_classes.ply,5,66
valve_0331_lidar_classes.ply,6,702
valve_0331_lidar_classes.ply,7,644
valve_0331_lidar_classes.ply,8,47
valve_0331_lidar_classes.ply,9,2476
valve_0332_lidar_classes.ply,0,1585
valve_0332_lidar_classes.ply,1,998
valve_0332_lidar_classes.ply,2,510
valve_0332_lidar_classes.ply,3,1017
valve_0332_lidar_classes.ply,4,84
valve_0332_lidar_classes.ply,5,110
valve_0332_lidar_classes.ply,6,891
valve_0332_lidar_classes.ply,7,738
valve_0332_lidar_classes.ply,8,56
valve_0332_lidar_classes.ply,9,2656
valve_0333_lidar_classes.ply,0,1442
valve_0333_lidar_classes.ply,1,917
valve_0333_lidar_classes.ply,2,470
valve_0333_lidar_classes.ply,3,441
valve_0333_lidar_classes.ply,4,95
valve_0333_lidar_classes.ply,5,86
valve_0333_lidar_classes.ply,6,829
valve_0333_lidar_classes.ply,7,635
valve_0333_lidar_classes.ply,8,59
valve_0333_lidar_classes.ply,9,3388
valve_0334_lidar_classes.ply,0,1353
valve_0334_lidar_classes.ply,1,842
valve_0334_lidar_classes.ply,2,555
valve_0334_lidar_classes.ply,3,1154
valve_0334_lidar_classes.ply,4,94
valve_0334_lidar_classes.ply,5,119
valve_0334_lidar_classes.ply,6,862
valve_0334_lidar_classes.ply,7,796
valve_0334_lidar_classes.ply,8,48
valve_0334_lidar_classes.ply,9,2693
valve_0335_lidar_classes.ply,0,1222
valve_0335_lidar_classes.ply,1,872
valve_0335_lidar_classes.ply,2,487
valve_0335_lidar_classes.ply,3,639
valve_0335_lidar_classes.ply,4,65
valve_0335_lidar_classes.ply,5,77
valve_0335_lidar_classes.ply,6,637
valve_0335_lidar_classes.ply,7,399
valve_0335_lidar_classes.ply,8,45
valve_0335_lidar_classes.ply,9,2841
valve_0336_lidar_classes.ply,0,1070
valve_0336_lidar_classes.ply,1,992
valve_0336_lidar_classes.ply,2,427
valve_0336_lidar_classes.ply,3,401
valve_0336_lidar_classes.ply,4,45
valve_0336_lidar_classes.ply,5,62
valve_0336_lidar_classes.ply,6,504
valve_0336_lidar_classes.ply,7,830
valve_0336_lidar_classes.ply,8,40
valve_0336_lidar_classes.ply,9,2999
valve_0337_lidar_classes.ply,0,1513
valve_0337_lidar_classes.ply,1,1142
valve_0337_lidar_classes.ply,2,435
valve_0337_lidar_classes.ply,3,534
valve_0337_lidar_classes.ply,4,86
valve_0337_lidar_classes.ply,5,97
valve_0337_lidar_classes.ply,6,856
valve_0337_lidar_classes.ply,7,600
valve_0337_lidar_classes.ply,8,63
valve_0337_lidar_classes.ply,9,3375
valve_0338_lidar_classes.ply,0,1512
valve_0338_lidar_classes.ply,1,969
valve_0338_lidar_classes.ply,2,489
valve_0338_lidar_classes.ply,3,972
valve_0338_lidar_classes.ply,4,92
valve_0338_lidar_classes.ply,5,118
valve_0338_lidar_classes.ply,6,913
valve_0338_lidar_classes.ply,7,685
valve_0338_lidar_classes.ply,8,49
valve_0338_lidar_classes.ply,9,2814
valve_0339_lidar_classes.ply,0,1520
valve_0339_lidar_classes.ply,1,821
valve_0339_lidar_classes.ply,2,527
valve_0339_lidar_classes.ply,3,1046
valve_0339_lidar_classes.ply,4,69
valve_0339_lidar_classes.ply,5,135
valve_0339_lidar_classes.ply,6,820
valve_0339_lidar_classes.ply,7,891
valve_0339_lidar_classes.ply,8,41
valve_0339_lidar_classes.ply,9,2890
valve_0340_lidar_classes.ply,0,1572
valve_0340_lidar_classes.ply,1,906
valve_0340_lidar_classes.ply,2,549
valve_0340_lidar_classes.ply,3,1044
valve_0340_lidar_classes.ply,4,78
valve_0340_lidar_classes.ply,5,127
valve_0340_lidar_classes.ply,6,787
valve_0340_lidar_classes.ply,7,922
valve_0340_lidar_classes.ply,8,36
valve_0340_lidar_classes.ply,9,2376
valve_0341_lidar_classes.ply,0,1178
valve_0341_lidar_classes.ply,1,949
valve_0341_lidar_classes.ply,2,465
valve_0341_lidar_classes.ply,3,274
valve_0341_lidar_classes.ply,4,70
valve_0341_lidar_classes.ply,5,86
valve_0341_lidar_classes.ply,6,614
valve_0341_lidar_classes.ply,7,764
valve_0341_lidar_classes.ply,8,41
valve_0341_lidar_classes.ply,9,3086
valve_0342_lidar_classes.ply,0,1342
valve_0342_lidar_classes.ply,1,1030
valve_0342_lidar_classes.ply,2,417
valve_0342_lidar_classes.ply,3,420
valve_0342_lidar_classes.ply,4,53
valve_0342_lidar_classes.ply,5,80
valve_0342_lidar_classes.ply,6,556
valve_0342_lidar_classes.ply,7,901
valve_0342_lidar_classes.ply,8,46
valve_0342_lidar_classes.ply,9,2806
valve_0343_lidar_classes.ply,0,1347
valve_0343_lidar_classes.ply,1,839
valve_0343_lidar_classes.ply,2,513
valve_0343_lidar_classes.ply,3,467
valve_0343_lidar_classes.ply,4,81
valve_0343_lidar_classes.ply,5,112
valve_0343_lidar_classes.ply,6,840
valve_0343_lidar_classes.ply,7,666
valve_0343_lidar_classes.ply,8,58
valve_0343_lidar_classes.ply,9,3585
valve_0344_lidar_classes.ply,0,1466
valve_0344_lidar_classes.ply,1,939
valve_0344_lidar_classes.ply,2,435
valve_0344_lidar_classes.ply,3,469
valve_0344_lidar_classes.ply,4,67
valve_0344_lidar_classes.ply,5,89
valve_0344_lidar_classes.ply,6,792
valve_0344_lidar_classes.ply,7,600
valve_0344_lidar_classes.ply,8,46
valve_0344_lidar_classes.ply,9,3091
valve_0345_lidar_classes.ply,0,1517
valve_0345_lidar_classes.ply,1,928
valve_0345_lidar_classes.ply,2,456
valve_0345_lidar_classes.ply,3,445
valve_0345_lidar_classes.ply,4,72
valve_0345_lidar_classes.ply,5,113
valve_0345_lidar_classes.ply,6,818
valve_0345_lidar_classes.ply,7,664
valve_0345_lidar_classes.ply,8,54
valve_0345_lidar_classes.ply,9,2961
valve_0346_lidar_classes.ply,0,1360
valve_0346_lidar_classes.ply,1,1022
valve_0346_lidar_classes.ply,2,401
valve_0346_lidar_classes.ply,3,454
valve_0346_lidar_classes.ply,4,63
valve_0346_lidar_classes.ply,5,97
valve_0346_lidar_classes.ply,6,677
valve_0346_lidar_classes.ply,7,927
valve_0346_lidar_classes.ply,8,52
valve_0346_lidar_classes.ply,9,2742
valve_0347_lidar_classes.ply,0,1236
valve_0347_lidar_classes.ply,1,968
valve_0347_lidar_classes.ply,2,571
valve_0347_lidar_classes.ply,3,291
valve_0347_lidar_classes.ply,4,75
valve_0347_lidar_classes.ply,5,85
valve_0347_lidar_classes.ply,6,608
valve_0347_lidar_classes.ply,7,801
valve_0347_lidar_classes.ply,8,42
valve_0347_lidar_classes.ply,9,2946
valve_0348_lidar_classes.ply,0,1006
valve_0348_lidar_classes.ply,1,771
valve_0348_lidar_classes.ply,2,358
valve_0348_lidar_classes.ply,3,345
valve_0348_lidar_classes.ply,4,43
valve_0348_lidar_classes.ply,5,79
valve_0348_lidar_classes.ply,6,485
valve_0348_lidar_classes.ply,7,722
valve_0348_lidar_classes.ply,8,34
valve_0348_lidar_classes.ply,9,2970
valve_0349_lidar_classes.ply,0,1121
valve_0349_lidar_classes.ply,1,830
valve_0349_lidar_classes.ply,2,375
valve_0349_lidar_classes.ply,3,705
valve_0349_lidar_classes.ply,4,67
valve_0349_lidar_classes.ply,5,70
valve_0349_lidar_classes.ply,6,618
valve_0349_lidar_classes.ply,7,464
valve_0349_lidar_classes.ply,8,43
valve_0349_lidar_classes.ply,9,2783
valve_0350_lidar_classes.ply,0,1323
valve_0350_lidar_classes.ply,1,1028
valve_0350_lidar_classes.ply,2,474
valve_0350_lidar_classes.ply,3,537
valve_0350_lidar_classes.ply,4,45
valve_0350_lidar_classes.ply,5,76
valve_0350_lidar_classes.ply,6,636
valve_0350_lidar_classes.ply,7,693
valve_0350_lidar_classes.ply,8,42
valve_0350_lidar_classes.ply,9,2954
valve_0351_lidar_classes.ply,0,1313
valve_0351_lidar_classes.ply,1,1032
valve_0351_lidar_classes.ply,2,439
valve_0351_lidar_classes.ply,3,658
valve_0351_lidar_classes.ply,4,72
valve_0351_lidar_classes.ply,5,69
valve_0351_lidar_classes.ply,6,647
valve_0351_lidar_classes.ply,7,669
valve_0351_lidar_classes.ply,8,39
valve_0351_lidar_classes.ply,9,2628
valve_0352_lidar_classes.ply,0,1471
valve_0352_lidar_classes.ply,1,877
valve_0352_lidar_classes.ply,2,506
valve_0352_lidar_classes.ply,3,409
valve_0352_lidar_classes.ply,4,65
valve_0352_lidar_classes.ply,5,92
valve_0352_lidar_classes.ply,6,627
valve_0352_lidar_classes.ply,7,607
valve_0352_lidar_classes.ply,8,44
valve_0352_lidar_classes.ply,9,3103
valve_0353_lidar_classes.ply,0,1443
valve_0353_lidar_classes.ply,1,919
valve_0353_lidar_classes.ply,2,418
valve_0353_lidar_classes.ply,3,405
valve_0353_lidar_classes.ply,4,66
valve_0353_lidar_classes.ply,5,114
valve_0353_lidar_classes.ply,6,795
valve_0353_lidar_classes.ply,7,654
valve_0353_lidar_classes.ply,8,55
valve_0353_lidar_classes.ply,9,2968
valve_0354_lidar_classes.ply,0,1539
valve_0354_lidar_classes.ply,1,931
valve_0354_lidar_classes.ply,2,509
valve_0354_lidar_classes.ply,3,1069
valve_0354_lidar_classes.ply,4,86
valve_0354_lidar_classes.ply,5,120
valve_0354_lidar_classes.ply,6,891
valve_0354_lidar_classes.ply,7,790
valve_0354_lidar_classes.ply,8,48
valve_0354_lidar_classes.ply,9,2995
valve_0355_lidar_classes.ply,0,1579
valve_0355_lidar_classes.ply,1,849
valve_0355_lidar_classes.ply,2,591
valve_0355_lidar_classes.ply,3,947
valve_0355_lidar_classes.ply,4,76
valve_0355_lidar_classes.ply,5,113
valve_0355_lidar_classes.ply,6,778
valve_0355_lidar_classes.ply,7,901
valve_0355_lidar_classes.ply,8,35
valve_0355_lidar_classes.ply,9,2548
valve_0356_lidar_classes.ply,0,1513
valve_0356_lidar_classes.ply,1,842
valve_0356_lidar_classes.ply,2,533
valve_0356_lidar_classes.ply,3,1084
valve_0356_lidar_classes.ply,4,88
valve_0356_lidar_classes.ply,5,105
valve_0356_lidar_classes.ply,6,787
valve_0356_lidar_classes.ply,7,947
valve_0356_lidar_classes.ply,8,43
valve_0356_lidar_classes.ply,9,2337
valve_0357_lidar_classes.ply,0,1356
valve_0357_lidar_classes.ply,1,997
valve_0357_lidar_classes.ply,2,405
valve_0357_lidar_classes.ply,3,483
valve_0357_lidar_classes.ply,4,77
valve_0357_lidar_classes.ply,5,87
valve_0357_lidar_classes.ply,6,812
valve_0357_lidar_classes.ply,7,638
valve_0357_lidar_classes.ply,8,45
valve_0357_lidar_classes.ply,9,2833
valve_0358_lidar_classes.ply,0,1264
valve_0358_lidar_classes.ply,1,917
valve_0358_lidar_classes.ply,2,472
valve_0358_lidar_classes.ply,3,403
valve_0358_lidar_classes.ply,4,63
valve_0358_lidar_classes.ply,5,81
valve_0358_lidar_classes.ply,6,615
valve_0358_lidar_classes.ply,7,656
valve_0358_lidar_classes.ply,8,42
valve_0358_lidar_classes.ply,9,3203
valve_0359_lidar_classes.ply,0,1180
valve_0359_lidar_classes.ply,1,837
valve_0359_lidar_classes.ply,2,458
valve_0359_lidar_classes.ply,3,911
valve_0359_lidar_classes.ply,4,73
valve_0359_lidar_classes.ply,5,96
valve_0359_lidar_classes.ply,6,735
valve_0359_lidar_classes.ply,7,636
valve_0359_lidar_classes.ply,8,54
valve_0359_lidar_classes.ply,9,2379
valve_0360_lidar_classes.ply,0,1287
valve_0360_lidar_classes.ply,1,1034
valve_0360_lidar_classes.ply,2,530
valve_0360_lidar_classes.ply,3,333
valve_0360_lidar_classes.ply,4,73
valve_0360_lidar_classes.ply,5,88
valve_0360_lidar_classes.ply,6,617
valve_0360_lidar_classes.ply,7,614
valve_0360_lidar_classes.ply,8,47
valve_0360_lidar_classes.ply,9,2806
valve_0361_lidar_classes.ply,0,1095
valve_0361_lidar_classes.ply,1,846
valve_0361_lidar_classes.ply,2,487
valve_0361_lidar_classes.ply,3,699
valve_0361_lidar_classes.ply,4,48
valve_0361_lidar_classes.ply,5,100
valve_0361_lidar_classes.ply,6,611
valve_0361_lidar_classes.ply,7,376
valve_0361_lidar_classes.ply,8,48
valve_0361_lidar_classes.ply,9,2681
valve_0362_lidar_classes.ply,0,1355
valve_0362_lidar_classes.ply,1,828
valve_0362_lidar_classes.ply,2,404
valve_0362_lidar_classes.ply,3,408
valve_0362_lidar_classes.ply,4,61
valve_0362_lidar_classes.ply,5,77
valve_0362_lidar_classes.ply,6,683
valve_0362_lidar_classes.ply,7,924
valve_0362_lidar_classes.ply,8,50
valve_0362_lidar_classes.ply,9,2853
valve_0363_lidar_classes.ply,0,1543
valve_0363_lidar_classes.ply,1,1044
valve_0363_lidar_classes.ply,2,487
valve_0363_lidar_classes.ply,3,519
valve_0363_lidar_classes.ply,4,86
valve_0363_lidar_classes.ply,5,104
valve_0363_lidar_classes.ply,6,859
valve_0363_lidar_classes.ply,7,682
valve_0363_lidar_classes.ply,8,51
valve_0363_lidar_classes.ply,9,3147
valve_0364_lidar_classes.ply,0,1285
valve_0364_lidar_classes.ply,1,1060
valve_0364_lidar_classes.ply,2,512
valve_0364_lidar_classes.ply,3,401
valve_0364_lidar_classes.ply,4,48
valve_0364_lidar_classes.ply,5,71
valve_0364_lidar_classes.ply,6,592
valve_0364_lidar_classes.ply,7,865
valve_0364_lidar_classes.ply,8,52
valve_0364_lidar_classes.ply,9,3379
valve_0365_lidar_classes.ply,0,1002
valve_0365_lidar_classes.ply,1,1017
valve_0365_lidar_classes.ply,2,591
valve_0365_lidar_classes.ply,3,278
valve_0365_lidar_classes.ply,4,65
valve_0365_lidar_classes.ply,5,109
valve_0365_lidar_classes.ply,6,496
valve_0365_lidar_classes.ply,7,755
valve_0365_lidar_classes.ply,8,35
valve_0365_lidar_classes.ply,9,2719
valve_0366_lidar_classes.ply,0,1361
valve_0366_lidar_classes.ply,1,908
valve_0366_lidar_classes.ply,2,495
valve_0366_lidar_classes.ply,3,968
valve_0366_lidar_classes.ply,4,49
valve_0366_lidar_classes.ply,5,112
valve_0366_lidar_classes.ply,6,796
valve_0366_lidar_classes.ply,7,912
valve_0366_lidar_classes.ply,8,37
valve_0366_lidar_classes.ply,9,2630
valve_0367_lidar_classes.ply,0,1529
valve_0367_lidar_classes.ply,1,970
valve_0367_lidar_classes.ply,2,561
valve_0367_lidar_classes.ply,3,950
valve_0367_lidar_classes.ply,4,95
valve_0367_lidar_classes.ply,5,106
valve_0367_lidar_classes.ply,6,877
valve_0367_lidar_classes.ply,7,678
valve_0367_lidar_classes.ply,8,54
valve_0367_lidar_classes.ply,9,2702
valve_0368_lidar_classes.ply,0,1340
valve_0368_lidar_classes.ply,1,1022
valve_0368_lidar_classes.ply,2,463
valve_0368_lidar_classes.ply,3,741
valve_0368_lidar_classes.ply,4,75
valve_0368_lidar_classes.ply,5,97
valve_0368_lidar_classes.ply,6,633
valve_0368_lidar_classes.ply,7,584
valve_0368_lidar_classes.ply,8,44
valve_0368_lidar_classes.ply,9,2679
valve_0369_lidar_classes.ply,0,1095
valve_0369_lidar_classes.ply,1,943
valve_0369_lidar_classes.ply,2,414
valve_0369_lidar_classes.ply,3,664
valve_0369_lidar_classes.ply,4,58
valve_0369_lidar_classes.ply,5,90
valve_0369_lidar_classes.ply,6,656
valve_0369_lidar_classes.ply,7,482
valve_0369_lidar_classes.ply,8,42
valve_0369_lidar_classes.ply,9,2526
valve_0370_lidar_classes.ply,0,1573
valve_0370_lidar_classes.ply,1,882
valve_0370_lidar_classes.ply,2,546
valve_0370_lidar_classes.ply,3,995
valve_0370_lidar_classes.ply,4,109
valve_0370_lidar_classes.ply,5,103
valve_0370_lidar_classes.ply,6,877
valve_0370_lidar_classes.ply,7,780
valve_0370_lidar_classes.ply,8,50
valve_0370_lidar_classes.ply,9,2683
valve_0371_lidar_classes.ply,0,1198
valve_0371_lidar_classes.ply,1,1142
valve_0371_lidar_classes.ply,2,449
valve_0371_lidar_classes.ply,3,390
valve_0371_lidar_classes.ply,4,36
valve_0371_lidar_classes.ply,5,86
valve_0371_lidar_classes.ply,6,525
valve_0371_lidar_classes.ply,7,869
valve_0371_lidar_classes.ply,8,39
valve_0371_lidar_classes.ply,9,3049
valve_0372_lidar_classes.ply,0,1101
valve_0372_lidar_classes.ply,1,892
valve_0372_lidar_classes.ply,2,453
valve_0372_lidar_classes.ply,3,700
valve_0372_lidar_classes.ply,4,59
valve_0372_lidar_classes.ply,5,76
valve_0372_lidar_classes.ply,6,618
valve_0372_lidar_classes.ply,7,410
valve_0372_lidar_classes.ply,8,43
valve_0372_lidar_classes.ply,9,2470
valve_0373_lidar_classes.ply,0,1352
valve_0373_lidar_classes.ply,1,909
valve_0373_lidar_classes.ply,2,476
valve_0373_lidar_classes.ply,3,1122
valve_0373_lidar_classes.ply,4,66
valve_0373_lidar_classes.ply,5,99
valve_0373_lidar_classes.ply,6,834
valve_0373_lidar_classes.ply,7,609
valve_0373_lidar_classes.ply,8,47
valve_0373_lidar_classes.ply,9,2735
valve_0374_lidar_classes.ply,0,1218
valve_0374_lidar_classes.ply,1,839
valve_0374_lidar_classes.ply,2,459
valve_0374_lidar_classes.ply,3,410
valve_0374_lidar_classes.ply,4,62
valve_0374_lidar_classes.ply,5,74
valve_0374_lidar_classes.ply,6,624
valve_0374_lidar_classes.ply,7,966
valve_0374_lidar_classes.ply,8,44
valve_0374_lidar_classes.ply,9,2956
valve_0375_lidar_classes.ply,0,1256
valve_0375_lidar_classes.ply,1,886
valve_0375_lidar_classes.ply,2,421
valve_0375_lidar_classes.ply,3,683
valve_0375_lidar_classes.ply,4,42
valve_0375_lidar_classes.ply,5,90
valve_0375_lidar_classes.ply,6,694
valve_0375_lidar_classes.ply,7,559
valve_0375_lidar_classes.ply,8,38
valve_0375_lidar_classes.ply,9,3084
valve_0376_lidar_classes.ply,0,1310
valve_0376_lidar_classes.ply,1,910
valve_0376_lidar_classes.ply,2,466
valve_0376_lidar_classes.ply,3,789
valve_0376_lidar_classes.ply,4,69
valve_0376_lidar_classes.ply,5,96
valve_0376_lidar_classes.ply,6,763
valve_0376_lidar_classes.ply,7,766
valve_0376_lidar_classes.ply,8,40
valve_0376_lidar_classes.ply,9,2589
valve_0377_lidar_classes.ply,0,1128
valve_0377_lidar_classes.ply,1,920
valve_0377_lidar_classes.ply,2,389
valve_0377_lidar_classes.ply,3,654
valve_0377_lidar_classes.ply,4,47
valve_0377_lidar_classes.ply,5,81
valve_0377_lidar_classes.ply,6,612
valve_0377_lidar_classes.ply,7,422
valve_0377_lidar_classes.ply,8,45
valve_0377_lidar_classes.ply,9,2763
valve_0378_lidar_classes.ply,0,1396
valve_0378_lidar_classes.ply,1,862
valve_0378_lidar_classes.ply,2,470
valve_0378_lidar_classes.ply,3,586
valve_0378_lidar_classes.ply,4,65
valve_0378_lidar_classes.ply,5,98
valve_0378_lidar_classes.ply,6,658
valve_0378_lidar_classes.ply,7,539
valve_0378_lidar_classes.ply,8,43
valve_0378_lidar_classes.ply,9,2920
valve_0379_lidar_classes.ply,0,1515
valve_0379_lidar_classes.ply,1,942
valve_0379_lidar_classes.ply,2,536
valve_0379_lidar_classes.ply,3,1052
valve_0379_lidar_classes.ply,4,73
valve_0379_lidar_classes.ply,5,114
valve_0379_lidar_classes.ply,6,770
valve_0379_lidar_classes.ply,7,908
valve_0379_lidar_classes.ply,8,41
valve_0379_lidar_classes.ply,9,2176
valve_0380_lidar_classes.ply,0,1258
valve_0380_lidar_classes.ply,1,855
valve_0380_lidar_classes.ply,2,408
valve_0380_lidar_classes.ply,3,664
valve_0380_lidar_classes.ply,4,66
valve_0380_lidar_classes.ply,5,70
valve_0380_lidar_classes.ply,6,718
valve_0380_lidar_classes.ply,7,669
valve_0380_lidar_classes.ply,8,54
valve_0380_lidar_classes.ply,9,2844
valve_0381_lidar_classes.ply,0,1284
valve_0381_lidar_classes.ply,1,854
valve_0381_lidar_classes.ply,2,542
valve_0381_lidar_classes.ply,3,988
valve_0381_lidar_classes.ply,4,80
valve_0381_lidar_classes.ply,5,106
valve_0381_lidar_classes.ply,6,830
valve_0381_lidar_classes.ply,7,640
valve_0381_lidar_classes.ply,8,55
valve_0381_lidar_classes.ply,9,2864
valve_0382_lidar_classes.ply,0,1186
valve_0382_lidar_classes.ply,1,798
valve_0382_lidar_classes.ply,2,536
valve_0382_lidar_classes.ply,3,999
valve_0382_lidar_classes.ply,4,74
valve_0382_lidar_classes.ply,5,101
valve_0382_lidar_classes.ply,6,821
valve_0382_lidar_classes.ply,7,599
valve_0382_lidar_classes.ply,8,50
valve_0382_lidar_classes.ply,9,3017
valve_0383_lidar_classes.ply,0,1726
valve_0383_lidar_classes.ply,1,1037
valve_0383_lidar_classes.ply,2,491
valve_0383_lidar_classes.ply,3,860
valve_0383_lidar_classes.ply,4,91
valve_0383_lidar_classes.ply,5,111
valve_0383_lidar_classes.ply,6,840
valve_0383_lidar_classes.ply,7,626
valve_0383_lidar_classes.ply,8,59
valve_0383_lidar_classes.ply,9,2438
valve_0384_lidar_classes.ply,0,1354
valve_0384_lidar_classes.ply,1,945
valve_0384_lidar_classes.ply,2,426
valve_0384_lidar_classes.ply,3,471
valve_0384_lidar_classes.ply,4,71
valve_0384_lidar_classes.ply,5,90
valve_0384_lidar_classes.ply,6,788
valve_0384_lidar_classes.ply,7,601
valve_0384_lidar_classes.ply,8,48
valve_0384_lidar_classes.ply,9,2680
valve_0385_lidar_classes.ply,0,1222
valve_0385_lidar_classes.ply,1,890
valve_0385_lidar_classes.ply,2,413
valve_0385_lidar_classes.ply,3,800
valve_0385_lidar_classes.ply,4,58
valve_0385_lidar_classes.ply,5,67
valve_0385_lidar_classes.ply,6,758
valve_0385_lidar_classes.ply,7,706
valve_0385_lidar_classes.ply,8,49
valve_0385_lidar_classes.ply,9,2810
valve_0386_lidar_classes.ply,0,1152
valve_0386_lidar_classes.ply,1,847
valve_0386_lidar_classes.ply,2,435
valve_0386_lidar_classes.ply,3,669
valve_0386_lidar_classes.ply,4,55
valve_0386_lidar_classes.ply,5,83
valve_0386_lidar_classes.ply,6,677
valve_0386_lidar_classes.ply,7,522
valve_0386_lidar_classes.ply,8,42
valve_0386_lidar_classes.ply,9,2580
valve_0387_lidar_classes.ply,0,1329
valve_0387_lidar_classes.ply,1,838
valve_0387_lidar_classes.ply,2,482
valve_0387_lidar_classes.ply,3,909
valve_0387_lidar_classes.ply,4,73
valve_0387_lidar_classes.ply,5,101
valve_0387_lidar_classes.ply,6,754
valve_0387_lidar_classes.ply,7,603
valve_0387_lidar_classes.ply,8,45
valve_0387_lidar_classes.ply,9,2559
valve_0388_lidar_classes.ply,0,1279
valve_0388_lidar_classes.ply,1,999
valve_0388_lidar_classes.ply,2,522
valve_0388_lidar_classes.ply,3,268
valve_0388_lidar_classes.ply,4,71
valve_0388_lidar_classes.ply,5,81
valve_0388_lidar_classes.ply,6,543
valve_0388_lidar_classes.ply,7,825
valve_0388_lidar_classes.ply,8,49
valve_0388_lidar_classes.ply,9,2941
valve_0389_lidar_classes.ply,0,1496
valve_0389_lidar_classes.ply,1,861
valve_0389_lidar_classes.ply,2,513
valve_0389_lidar_classes.ply,3,1118
valve_0389_lidar_classes.ply,4,64
valve_0389_lidar_classes.ply,5,131
valve_0389_lidar_classes.ply,6,872
valve_0389_lidar_classes.ply,7,865
valve_0389_lidar_classes.ply,8,43
valve_0389_lidar_classes.ply,9,2928
valve_0390_lidar_classes.ply,0,1315
valve_0390_lidar_classes.ply,1,1001
valve_0390_lidar_classes.ply,2,545
valve_0390_lidar_classes.ply,3,449
valve_0390_lidar_classes.ply,4,63
valve_0390_lidar_classes.ply,5,95
valve_0390_lidar_classes.ply,6,642
valve_0390_lidar_classes.ply,7,704
valve_0390_lidar_classes.ply,8,39
valve_0390_lidar_classes.ply,9,2901
valve_0391_lidar_classes.ply,0,1387
valve_0391_lidar_classes.ply,1,968
valve_0391_lidar_classes.ply,2,422
valve_0391_lidar_classes.ply,3,465
valve_0391_lidar_classes.ply,4,87
valve_0391_lidar_classes.ply,5,106
valve_0391_lidar_classes.ply,6,842
valve_0391_lidar_classes.ply,7,695
valve_0391_lidar_classes.ply,8,52
valve_0391_lidar_classes.ply,9,3520
valve_0392_lidar_classes.ply,0,1124
valve_0392_lidar_classes.ply,1,857
valve_0392_lidar_classes.ply,2,309
valve_0392_lidar_classes.ply,3,339
valve_0392_lidar_classes.ply,4,48
valve_0392_lidar_classes.ply,5,75
valve_0392_lidar_classes.ply,6,501
valve_0392_lidar_classes.ply,7,727
valve_0392_lidar_classes.ply,8,40
valve_0392_lidar_classes.ply,9,2952
valve_0393_lidar_classes.ply,0,1162
valve_0393_lidar_classes.ply,1,790
valve_0393_lidar_classes.ply,2,494
valve_0393_lidar_classes.ply,3,632
valve_0393_lidar_classes.ply,4,63
valve_0393_lidar_classes.ply,5,90
valve_0393_lidar_classes.ply,6,638
valve_0393_lidar_classes.ply,7,421
valve_0393_lidar_classes.ply,8,41
valve_0393_lidar_classes.ply,9,2898
valve_0394_lidar_classes.ply,0,1441
valve_0394_lidar_classes.ply,1,901
valve_0394_lidar_classes.ply,2,513
valve_0394_lidar_classes.ply,3,946
valve_0394_lidar_classes.ply,4,89
valve_0394_lidar_classes.ply,5,113
valve_0394_lidar_classes.ply,6,868
valve_0394_lidar_classes.ply,7,662
valve_0394_lidar_classes.ply,8,59
valve_0394_lidar_classes.ply,9,2801
valve_0395_lidar_classes.ply,0,1587
valve_0395_lidar_classes.ply,1,1049
valve_0395_lidar_classes.ply,2,429
valve_0395_lidar_classes.ply,3,465
valve_0395_lidar_classes.ply,4,84
valve_0395_lidar_classes.ply,5,113
valve_0395_lidar_classes.ply,6,870
valve_0395_lidar_classes.ply,7,669
valve_0395_lidar_classes.ply,8,50
valve_0395_lidar_classes.ply,9,3297
valve_0396_lidar_classes.ply,0,1393
valve_0396_lidar_classes.ply,1,910
valve_0396_lidar_classes.ply,2,528
valve_0396_lidar_classes.ply,3,888
valve_0396_lidar_classes.ply,4,80
valve_0396_lidar_classes.ply,5,126
valve_0396_lidar_classes.ply,6,863
valve_0396_lidar_classes.ply,7,666
valve_0396_lidar_classes.ply,8,46
valve_0396_lidar_classes.ply,9,2705
valve_0397_lidar_classes.ply,0,1463
valve_0397_lidar_classes.ply,1,960
valve_0397_lidar_classes.ply,2,445
valve_0397_lidar_classes.ply,3,422
valve_0397_lidar_classes.ply,4,76
valve_0397_lidar_classes.ply,5,112
valve_0397_lidar_classes.ply,6,825
valve_0397_lidar_classes.ply,7,616
valve_0397_lidar_classes.ply,8,46
valve_0397_lidar_classes.ply,9,3181
valve_0398_lidar_classes.ply,0,1134
valve_0398_lidar_classes.ply,1,907
valve_0398_lidar_classes.ply,2,414
valve_0398_lidar_classes.ply,3,766
valve_0398_lidar_classes.ply,4,45
valve_0398_lidar_classes.ply,5,80
valve_0398_lidar_classes.ply,6,743
valve_0398_lidar_classes.ply,7,724
valve_0398_lidar_classes.ply,8,50
valve_0398_lidar_classes.ply,9,2823
valve_0399_lidar_classes.ply,0,1412
valve_0399_lidar_classes.ply,1,951
valve_0399_lidar_classes.ply,2,566
valve_0399_lidar_classes.ply,3,423
valve_0399_lidar_classes.ply,4,54
valve_0399_lidar_classes.ply,5,79
valve_0399_lidar_classes.ply,6,642
valve_0399_lidar_classes.ply,7,551
valve_0399_lidar_classes.ply,8,39
valve_0399_lidar_classes.ply,9,3060
valve_0400_lidar_classes.ply,0,1097
valve_0400_lidar_classes.ply,1,969
valve_0400_lidar_classes.ply,2,525
valve_0400_lidar_classes.ply,3,281
valve_0400_lidar_classes.ply,4,63
valve_0400_lidar_classes.ply,5,105
valve_0400_lidar_classes.ply,6,512
valve_0400_lidar_classes.ply,7,746
valve_0400_lidar_classes.ply,8,33
valve_0400_lidar_classes.ply,9,2832
valve_0401_lidar_classes.ply,0,1393
valve_0401_lidar_classes.ply,1,1008
valve_0401_lidar_classes.ply,2,515
valve_0401_lidar_classes.ply,3,1105
valve_0401_lidar_classes.ply,4,81
valve_0401_lidar_classes.ply,5,112
valve_0401_lidar_classes.ply,6,878
valve_0401_lidar_classes.ply,7,765
valve_0401_lidar_classes.ply,8,52
valve_0401_lidar_classes.ply,9,2971
valve_0402_lidar_classes.ply,0,1413
valve_0402_lidar_classes.ply,1,868
valve_0402_lidar_classes.ply,2,517
valve_0402_lidar_classes.ply,3,1035
valve_0402_lidar_classes.ply,4,53
valve_0402_lidar_classes.ply,5,108
valve_0402_lidar_classes.ply,6,752
valve_0402_lidar_classes.ply,7,921
valve_0402_lidar_classes.ply,8,33
valve_0402_lidar_classes.ply,9,2379
valve_0403_lidar_classes.ply,0,1002
valve_0403_lidar_classes.ply,1,813
valve_0403_lidar_classes.ply,2,492
valve_0403_lidar_classes.ply,3,314
valve_0403_lidar_classes.ply,4,38
valve_0403_lidar_classes.ply,5,75
valve_0403_lidar_classes.ply,6,491
valve_0403_lidar_classes.ply,7,724
valve_0403_lidar_classes.ply,8,41
valve_0403_lidar_classes.ply,9,3452
valve_0404_lidar_classes.ply,0,1176
valve_0404_lidar_classes.ply,1,891
valve_0404_lidar_classes.ply,2,407
valve_0404_lidar_classes.ply,3,681
valve_0404_lidar_classes.ply,4,54
valve_0404_lidar_classes.ply,5,89
valve_0404_lidar_classes.ply,6,721
valve_0404_lidar_classes.ply,7,582
valve_0404_lidar_classes.ply,8,48
valve_0404_lidar_classes.ply,9,2610
valve_0405_lidar_classes.ply,0,1022
valve_0405_lidar_classes.ply,1,760
valve_0405_lidar_classes.ply,2,454
valve_0405_lidar_classes.ply,3,649
valve_0405_lidar_classes.ply,4,46
valve_0405_lidar_classes.ply,5,93
valve_0405_lidar_classes.ply,6,609
valve_0405_lidar_classes.ply,7,394
valve_0405_lidar_classes.ply,8,44
valve_0405_lidar_classes.ply,9,2732
valve_0406_lidar_classes.ply,0,1317
valve_0406_lidar_classes.ply,1,875
valve_0406_lidar_classes.ply,2,439
valve_0406_lidar_classes.ply,3,606
valve_0406_lidar_classes.ply,4,55
valve_0406_lidar_classes.ply,5,93
valve_0406_lidar_classes.ply,6,695
valve_0406_lidar_classes.ply,7,572
valve_0406_lidar_classes.ply,8,42
valve_0406_lidar_classes.ply,9,3037
valve_0407_lidar_classes.ply,0,1158
valve_0407_lidar_classes.ply,1,838
valve_0407_lidar_classes.ply,2,461
valve_0407_lidar_classes.ply,3,301
valve_0407_lidar_classes.ply,4,45
valve_0407_lidar_classes.ply,5,79
valve_0407_lidar_classes.ply,6,488
valve_0407_lidar_classes.ply,7,747
valve_0407_lidar_classes.ply,8,41
valve_0407_lidar_classes.ply,9,2888
valve_0408_lidar_classes.ply,0,1500
valve_0408_lidar_classes.ply,1,1085
valve_0408_lidar_classes.ply,2,406
valve_0408_lidar_classes.ply,3,439
valve_0408_lidar_classes.ply,4,73
valve_0408_lidar_classes.ply,5,99
valve_0408_lidar_classes.ply,6,763
valve_0408_lidar_classes.ply,7,712
valve_0408_lidar_classes.ply,8,61
valve_0408_lidar_classes.ply,9,3290
valve_0409_lidar_classes.ply,0,1158
valve_0409_lidar_classes.ply,1,899
valve_0409_lidar_classes.ply,2,517
valve_0409_lidar_classes.ply,3,355
valve_0409_lidar_classes.ply,4,53
valve_0409_lidar_classes.ply,5,72
valve_0409_lidar_classes.ply,6,583
valve_0409_lidar_classes.ply,7,877
valve_0409_lidar_classes.ply,8,47
valve_0409_lidar_classes.ply,9,3499
valve_0410_lidar_classes.ply,0,1480
valve_0410_lidar_classes.ply,1,903
valve_0410_lidar_classes.ply,2,554
valve_0410_lidar_classes.ply,3,1133
valve_0410_lidar_classes.ply,4,76
valve_0410_lidar_classes.ply,5,117
valve_0410_lidar_classes.ply,6,879
valve_0410_lidar_classes.ply,7,653
valve_0410_lidar_classes.ply,8,49
valve_0410_lidar_classes.ply,9,2749
valve_0411_lidar_classes.ply,0,1283
valve_0411_lidar_classes.ply,1,935
valve_0411_lidar_classes.ply,2,425
valve_0411_lidar_classes.ply,3,649
valve_0411_lidar_classes.ply,4,67
valve_0411_lidar_classes.ply,5,101
valve_0411_lidar_classes.ply,6,693
valve_0411_lidar_classes.ply,7,577
valve_0411_lidar_classes.ply,8,42
valve_0411_lidar_classes.ply,9,2993
valve_0412_lidar_classes.ply,0,1288
valve_0412_lidar_classes.ply,1,930
valve_0412_lidar_classes.ply,2,419
valve_0412_lidar_classes.ply,3,651
valve_0412_lidar_classes.ply,4,58
valve_0412_lidar_classes.ply,5,88
valve_0412_lidar_classes.ply,6,680
valve_0412_lidar_classes.ply,7,464
valve_0412_lidar_classes.ply,8,47
valve_0412_lidar_classes.ply,9,2920
valve_0413_lidar_classes.ply,0,1411
valve_0413_lidar_classes.ply,1,1013
valve_0413_lidar_classes.ply,2,411
valve_0413_lidar_classes.ply,3,444
valve_0413_lidar_classes.ply,4,60
valve_0413_lidar_classes.ply,5,99
valve_0413_lidar_classes.ply,6,816
valve_0413_lidar_classes.ply,7,676
valve_0413_lidar_classes.ply,8,53
valve_0413_lidar_classes.ply,9,3340
valve_0414_lidar_classes.ply,0,1559
valve_0414_lidar_classes.ply,1,970
valve_0414_lidar_classes.ply,2,504
valve_0414_lidar_classes.ply,3,428
valve_0414_lidar_classes.ply,4,83
valve_0414_lidar_classes.ply,5,107
valve_0414_lidar_classes.ply,6,858
valve_0414_lidar_classes.ply,7,687
valve_0414_lidar_classes.ply,8,52
valve_0414_lidar_classes.ply,9,3361
valve_0415_lidar_classes.ply,0,1240
valve_0415_lidar_classes.ply,1,823
valve_0415_lidar_classes.ply,2,457
valve_0415_lidar_classes.ply,3,591
valve_0415_lidar_classes.ply,4,44
valve_0415_lidar_classes.ply,5,99
valve_0415_lidar_classes.ply,6,629
valve_0415_lidar_classes.ply,7,422
valve_0415_lidar_classes.ply,8,42
valve_0415_lidar_classes.ply,9,2779
valve_0416_lidar_classes.ply,0,1198
valve_0416_lidar_classes.ply,1,818
valve_0416_lidar_classes.ply,2,481
valve_0416_lidar_classes.ply,3,811
valve_0416_lidar_classes.ply,4,49
valve_0416_lidar_classes.ply,5,101
valve_0416_lidar_classes.ply,6,719
valve_0416_lidar_classes.ply,7,771
valve_0416_lidar_classes.ply,8,46
valve_0416_lidar_classes.ply,9,2808
valve_0417_lidar_classes.ply,0,1483
valve_0417_lidar_classes.ply,1,866
valve_0417_lidar_classes.ply,2,516
valve_0417_lidar_classes.ply,3,1079
valve_0417_lidar_classes.ply,4,103
valve_0417_lidar_classes.ply,5,129
valve_0417_lidar_classes.ply,6,852
valve_0417_lidar_classes.ply,7,799
valve_0417_lidar_classes.ply,8,55
valve_0417_lidar_classes.ply,9,2712
valve_0418_lidar_classes.ply,0,1432
valve_0418_lidar_classes.ply,1,944
valve_0418_lidar_classes.ply,2,498
valve_0418_lidar_classes.ply,3,473
valve_0418_lidar_classes.ply,4,81
valve_0418_lidar_classes.ply,5,110
valve_0418_lidar_classes.ply,6,844
valve_0418_lidar_classes.ply,7,669
valve_0418_lidar_classes.ply,8,47
valve_0418_lidar_classes.ply,9,3280
valve_0419_lidar_classes.ply,0,1213
valve_0419_lidar_classes.ply,1,816
valve_0419_lidar_classes.ply,2,500
valve_0419_lidar_classes.ply,3,860
valve_0419_lidar_classes.ply,4,51
valve_0419_lidar_classes.ply,5,89
valve_0419_lidar_classes.ply,6,769
valve_0419_lidar_classes.ply,7,777
valve_0419_lidar_classes.ply,8,45
valve_0419_lidar_classes.ply,9,2625
valve_0420_lidar_classes.ply,0,1348
valve_0420_lidar_classes.ply,1,920
valve_0420_lidar_classes.ply,2,489
valve_0420_lidar_classes.ply,3,608
valve_0420_lidar_classes.ply,4,65
valve_0420_lidar_classes.ply,5,86
valve_0420_lidar_classes.ply,6,641
valve_0420_lidar_classes.ply,7,703
valve_0420_lidar_classes.ply,8,40
valve_0420_lidar_classes.ply,9,2666
valve_0421_lidar_classes.ply,0,1153
valve_0421_lidar_classes.ply,1,878
valve_0421_lidar_classes.ply,2,530
valve_0421_lidar_classes.ply,3,374
valve_0421_lidar_classes.ply,4,57
valve_0421_lidar_classes.ply,5,77
valve_0421_lidar_classes.ply,6,637
valve_0421_lidar_classes.ply,7,636
valve_0421_lidar_classes.ply,8,40
valve_0421_lidar_classes.ply,9,3175
valve_0422_lidar_classes.ply,0,1577
valve_0422_lidar_classes.ply,1,967
valve_0422_lidar_classes.ply,2,457
valve_0422_lidar_classes.ply,3,411
valve_0422_lidar_classes.ply,4,75
valve_0422_lidar_classes.ply,5,114
valve_0422_lidar_classes.ply,6,853
valve_0422_lidar_classes.ply,7,712
valve_0422_lidar_classes.ply,8,48
valve_0422_lidar_classes.ply,9,3112
valve_0423_lidar_classes.ply,0,1081
valve_0423_lidar_classes.ply,1,1117
valve_0423_lidar_classes.ply,2,489
valve_0423_lidar_classes.ply,3,379
valve_0423_lidar_classes.ply,4,45
valve_0423_lidar_classes.ply,5,80
valve_0423_lidar_classes.ply,6,493
valve_0423_lidar_classes.ply,7,847
valve_0423_lidar_classes.ply,8,41
valve_0423_lidar_classes.ply,9,3123
valve_0424_lidar_classes.ply,0,1106
valve_0424_lidar_classes.ply,1,940
valve_0424_lidar_classes.ply,2,530
valve_0424_lidar_classes.ply,3,276
valve_0424_lidar_classes.ply,4,47
valve_0424_lidar_classes.ply,5,81
valve_0424_lidar_classes.ply,6,534
valve_0424_lidar_classes.ply,7,840
valve_0424_lidar_classes.ply,8,40
valve_0424_lidar_classes.ply,9,3148
valve_0425_lidar_classes.ply,0,1451
valve_0425_lidar_classes.ply,1,1060
valve_0425_lidar_classes.ply,2,464
valve_0425_lidar_classes.ply,3,460
valve_0425_lidar_classes.ply,4,77
valve_0425_lidar_classes.ply,5,97
valve_0425_lidar_classes.ply,6,868
valve_0425_lidar_classes.ply,7,700
valve_0425_lidar_classes.ply,8,52
valve_0425_lidar_classes.ply,9,3023
valve_0426_lidar_classes.ply,0,1468
valve_0426_lidar_classes.ply,1,914
valve_0426_lidar_classes.ply,2,540
valve_0426_lidar_classes.ply,3,967
valve_0426_lidar_classes.ply,4,77
valve_0426_lidar_classes.ply,5,107
valve_0426_lidar_classes.ply,6,803
valve_0426_lidar_classes.ply,7,637
valve_0426_lidar_classes.ply,8,53
valve_0426_lidar_classes.ply,9,2553
valve_0427_lidar_classes.ply,0,1324
valve_0427_lidar_classes.ply,1,934
valve_0427_lidar_classes.ply,2,470
valve_0427_lidar_classes.ply,3,421
valve_0427_lidar_classes.ply,4,76
valve_0427_lidar_classes.ply,5,100
valve_0427_lidar_classes.ply,6,737
valve_0427_lidar_classes.ply,7,785
valve_0427_lidar_classes.ply,8,58
valve_0427_lidar_classes.ply,9,3168
valve_0428_lidar_classes.ply,0,1429
valve_0428_lidar_classes.ply,1,959
valve_0428_lidar_classes.ply,2,502
valve_0428_lidar_classes.ply,3,572
valve_0428_lidar_classes.ply,4,73
valve_0428_lidar_classes.ply,5,94
valve_0428_lidar_classes.ply,6,606
valve_0428_lidar_classes.ply,7,623
valve_0428_lidar_classes.ply,8,40
valve_0428_lidar_classes.ply,9,2697
valve_0429_lidar_classes.ply,0,1167
valve_0429_lidar_classes.ply,1,794
valve_0429_lidar_classes.ply,2,419
valve_0429_lidar_classes.ply,3,583
valve_0429_lidar_classes.ply,4,60
valve_0429_lidar_classes.ply,5,63
valve_0429_lidar_classes.ply,6,664
valve_0429_lidar_classes.ply,7,512
valve_0429_lidar_classes.ply,8,45
valve_0429_lidar_classes.ply,9,2696
valve_0430_lidar_classes.ply,0,1331
valve_0430_lidar_classes.ply,1,848
valve_0430_lidar_classes.ply,2,486
valve_0430_lidar_classes.ply,3,458
valve_0430_lidar_classes.ply,4,55
valve_0430_lidar_classes.ply,5,126
valve_0430_lidar_classes.ply,6,817
valve_0430_lidar_classes.ply,7,599
valve_0430_lidar_classes.ply,8,47
valve_0430_lidar_classes.ply,9,3316
valve_0431_lidar_classes.ply,0,1129
valve_0431_lidar_classes.ply,1,885
valve_0431_lidar_classes.ply,2,440
valve_0431_lidar_classes.ply,3,862
valve_0431_lidar_classes.ply,4,49
valve_0431_lidar_classes.ply,5,110
valve_0431_lidar_classes.ply,6,744
valve_0431_lidar_classes.ply,7,831
valve_0431_lidar_classes.ply,8,44
valve_0431_lidar_classes.ply,9,2612
valve_0432_lidar_classes.ply,0,1490
valve_0432_lidar_classes.ply,1,875
valve_0432_lidar_classes.ply,2,543
valve_0432_lidar_classes.ply,3,1080
valve_0432_lidar_classes.ply,4,106
valve_0432_lidar_classes.ply,5,116
valve_0432_lidar_classes.ply,6,884
valve_0432_lidar_classes.ply,7,820
valve_0432_lidar_classes.ply,8,42
valve_0432_lidar_classes.ply,9,2605
valve_0433_lidar_classes.ply,0,1090
valve_0433_lidar_classes.ply,1,830
valve_0433_lidar_classes.ply,2,506
valve_0433_lidar_classes.ply,3,833
valve_0433_lidar_classes.ply,4,67
valve_0433_lidar_classes.ply,5,96
valve_0433_lidar_classes.ply,6,726
valve_0433_lidar_classes.ply,7,703
valve_0433_lidar_classes.ply,8,46
valve_0433_lidar_classes.ply,9,2728
valve_0434_lidar_classes.ply,0,1244
valve_0434_lidar_classes.ply,1,803
valve_0434_lidar_classes.ply,2,436
valve_0434_lidar_classes.ply,3,575
valve_0434_lidar_classes.ply,4,44
valve_0434_lidar_classes.ply,5,82
valve_0434_lidar_classes.ply,6,596
valve_0434_lidar_classes.ply,7,406
valve_0434_lidar_classes.ply,8,44
valve_0434_lidar_classes.ply,9,2655
valve_0435_lidar_classes.ply,0,1407
valve_0435_lidar_classes.ply,1,856
valve_0435_lidar_classes.ply,2,528
valve_0435_lidar_classes.ply,3,1106
valve_0435_lidar_classes.ply,4,72
valve_0435_lidar_classes.ply,5,111
valve_0435_lidar_classes.ply,6,805
valve_0435_lidar_classes.ply,7,913
valve_0435_lidar_classes.ply,8,38
valve_0435_lidar_classes.ply,9,2448
valve_0436_lidar_classes.ply,0,1306
valve_0436_lidar_classes.ply,1,935
valve_0436_lidar_classes.ply,2,526
valve_0436_lidar_classes.ply,3,1022
valve_0436_lidar_classes.ply,4,79
valve_0436_lidar_classes.ply,5,111
valve_0436_lidar_classes.ply,6,757
valve_0436_lidar_classes.ply,7,893
valve_0436_lidar_classes.ply,8,39
valve_0436_lidar_classes.ply,9,2154
valve_0437_lidar_classes.ply,0,1303
valve_0437_lidar_classes.ply,1,824
valve_0437_lidar_classes.ply,2,434
valve_0437_lidar_classes.ply,3,437
valve_0437_lidar_classes.ply,4,52
valve_0437_lidar_classes.ply,5,103
valve_0437_lidar_classes.ply,6,808
valve_0437_lidar_classes.ply,7,598
valve_0437_lidar_classes.ply,8,49
valve_0437_lidar_classes.ply,9,3169
valve_0438_lidar_classes.ply,0,1306
valve_0438_lidar_classes.ply,1,919
valve_0438_lidar_classes.ply,2,534
valve_0438_lidar_classes.ply,3,1047
valve_0438_lidar_classes.ply,4,93
valve_0438_lidar_classes.ply,5,128
valve_0438_lidar_classes.ply,6,897
valve_0438_lidar_classes.ply,7,702
valve_0438_lidar_classes.ply,8,52
valve_0438_lidar_classes.ply,9,3091
valve_0439_lidar_classes.ply,0,1260
valve_0439_lidar_classes.ply,1,960
valve_0439_lidar_classes.ply,2,560
valve_0439_lidar_classes.ply,3,324
valve_0439_lidar_classes.ply,4,67
valve_0439_lidar_classes.ply,5,100
valve_0439_lidar_classes.ply,6,600
valve_0439_lidar_classes.ply,7,766
valve_0439_lidar_classes.ply,8,40
valve_0439_lidar_classes.ply,9,2971
valve_0440_lidar_classes.ply,0,1185
valve_0440_lidar_classes.ply,1,859
valve_0440_lidar_classes.ply,2,419
valve_0440_lidar_classes.ply,3,602
valve_0440_lidar_classes.ply,4,47
valve_0440_lidar_classes.ply,5,77
valve_0440_lidar_classes.ply,6,657
valve_0440_lidar_classes.ply,7,446
valve_0440_lidar_classes.ply,8,41
valve_0440_lidar_classes.ply,9,2831
valve_0441_lidar_classes.ply,0,1435
valve_0441_lidar_classes.ply,1,1014
valve_0441_lidar_classes.ply,2,404
valve_0441_lidar_classes.ply,3,443
valve_0441_lidar_classes.ply,4,64
valve_0441_lidar_classes.ply,5,84
valve_0441_lidar_classes.ply,6,808
valve_0441_lidar_classes.ply,7,678
valve_0441_lidar_classes.ply,8,62
valve_0441_lidar_classes.ply,9,3181
valve_0442_lidar_classes.ply,0,1582
valve_0442_lidar_classes.ply,1,845
valve_0442_lidar_classes.ply,2,497
valve_0442_lidar_classes.ply,3,1116
valve_0442_lidar_classes.ply,4,95
valve_0442_lidar_classes.ply,5,118
valve_0442_lidar_classes.ply,6,887
valve_0442_lidar_classes.ply,7,861
valve_0442_lidar_classes.ply,8,39
valve_0442_lidar_classes.ply,9,2760
valve_0443_lidar_classes.ply,0,1362
valve_0443_lidar_classes.ply,1,919
valve_0443_lidar_classes.ply,2,404
valve_0443_lidar_classes.ply,3,525
valve_0443_lidar_classes.ply,4,76
valve_0443_lidar_classes.ply,5,87
valve_0443_lidar_classes.ply,6,733
valve_0443_lidar_classes.ply,7,565
valve_0443_lidar_classes.ply,8,45
valve_0443_lidar_classes.ply,9,2761
valve_0444_lidar_classes.ply,0,1274
valve_0444_lidar_classes.ply,1,997
valve_0444_lidar_classes.ply,2,516
valve_0444_lidar_classes.ply,3,280
valve_0444_lidar_classes.ply,4,61
valve_0444_lidar_classes.ply,5,76
valve_0444_lidar_classes.ply,6,649
valve_0444_lidar_classes.ply,7,589
valve_0444_lidar_classes.ply,8,43
valve_0444_lidar_classes.ply,9,3216
valve_0445_lidar_classes.ply,0,1440
valve_0445_lidar_classes.ply,1,815
valve_0445_lidar_classes.ply,2,561
valve_0445_lidar_classes.ply,3,1125
valve_0445_lidar_classes.ply,4,61
valve_0445_lidar_classes.ply,5,95
valve_0445_lidar_classes.ply,6,818
valve_0445_lidar_classes.ply,7,909
valve_0445_lidar_classes.ply,8,38
valve_0445_lidar_classes.ply,9,2735
valve_0446_lidar_classes.ply,0,1247
valve_0446_lidar_classes.ply,1,842
valve_0446_lidar_classes.ply,2,499
valve_0446_lidar_classes.ply,3,930
valve_0446_lidar_classes.ply,4,88
valve_0446_lidar_classes.ply,5,89
valve_0446_lidar_classes.ply,6,696
valve_0446_lidar_classes.ply,7,615
valve_0446_lidar_classes.ply,8,43
valve_0446_lidar_classes.ply,9,2482
valve_0447_lidar_classes.ply,0,1125
valve_0447_lidar_classes.ply,1,861
valve_0447_lidar_classes.ply,2,444
valve_0447_lidar_classes.ply,3,684
valve_0447_lidar_classes.ply,4,55
valve_0447_lidar_classes.ply,5,71
valve_0447_lidar_classes.ply,6,704
valve_0447_lidar_classes.ply,7,512
valve_0447_lidar_classes.ply,8,47
valve_0447_lidar_classes.ply,9,2734
valve_0448_lidar_classes.ply,0,1375
valve_0448_lidar_classes.ply,1,989
valve_0448_lidar_classes.ply,2,538
valve_0448_lidar_classes.ply,3,645
valve_0448_lidar_classes.ply,4,68
valve_0448_lidar_classes.ply,5,93
valve_0448_lidar_classes.ply,6,638
valve_0448_lidar_classes.ply,7,571
valve_0448_lidar_classes.ply,8,46
valve_0448_lidar_classes.ply,9,2920
valve_0449_lidar_classes.ply,0,1341
valve_0449_lidar_classes.ply,1,966
valve_0449_lidar_classes.ply,2,393
valve_0449_lidar_classes.ply,3,549
valve_0449_lidar_classes.ply,4,71
valve_0449_lidar_classes.ply,5,88
valve_0449_lidar_classes.ply,6,697
valve_0449_lidar_classes.ply,7,596
valve_0449_lidar_classes.ply,8,38
valve_0449_lidar_classes.ply,9,2902
valve_0450_lidar_classes.ply,0,1384
valve_0450_lidar_classes.ply,1,934
valve_0450_lidar_classes.ply,2,448
valve_0450_lidar_classes.ply,3,469
valve_0450_lidar_classes.ply,4,80
valve_0450_lidar_classes.ply,5,99
valve_0450_lidar_classes.ply,6,782
valve_0450_lidar_classes.ply,7,575
valve_0450_lidar_classes.ply,8,45
valve_0450_lidar_classes.ply,9,2792
valve_0451_lidar_classes.ply,0,1254
valve_0451_lidar_classes.ply,1,806
valve_0451_lidar_classes.ply,2,491
valve_0451_lidar_classes.ply,3,791
valve_0451_lidar_classes.ply,4,83
valve_0451_lidar_classes.ply,5,88
valve_0451_lidar_classes.ply,6,743
valve_0451_lidar_classes.ply,7,768
valve_0451_lidar_classes.ply,8,40
valve_0451_lidar_classes.ply,9,2776
valve_0452_lidar_classes.ply,0,1422
valve_0452_lidar_classes.ply,1,899
valve_0452_lidar_classes.ply,2,455
valve_0452_lidar_classes.ply,3,392
valve_0452_lidar_classes.ply,4,78
valve_0452_lidar_classes.ply,5,100
valve_0452_lidar_classes.ply,6,767
valve_0452_lidar_classes.ply,7,740
valve_0452_lidar_classes.ply,8,55
valve_0452_lidar_classes.ply,9,3337
valve_0453_lidar_classes.ply,0,1224
valve_0453_lidar_classes.ply,1,939
valve_0453_lidar_classes.ply,2,462
valve_0453_lidar_classes.ply,3,952
valve_0453_lidar_classes.ply,4,87
valve_0453_lidar_classes.ply,5,110
valve_0453_lidar_classes.ply,6,783
valve_0453_lidar_classes.ply,7,817
valve_0453_lidar_classes.ply,8,35
valve_0453_lidar_classes.ply,9,2581
valve_0454_lidar_classes.ply,0,1428
valve_0454_lidar_classes.ply,1,1029
valve_0454_lidar_classes.ply,2,413
valve_0454_lidar_classes.ply,3,437
valve_0454_lidar_classes.ply,4,46
valve_0454_lidar_classes.ply,5,107
valve_0454_lidar_classes.ply,6,805
valve_0454_lidar_classes.ply,7,623
valve_0454_lidar_classes.ply,8,47
valve_0454_lidar_classes.ply,9,3159
valve_0455_lidar_classes.ply,0,1503
valve_0455_lidar_classes.ply,1,863
valve_0455_lidar_classes.ply,2,539
valve_0455_lidar_classes.ply,3,920
valve_0455_lidar_classes.ply,4,92
valve_0455_lidar_classes.ply,5,115
valve_0455_lidar_classes.ply,6,882
valve_0455_lidar_classes.ply,7,730
valve_0455_lidar_classes.ply,8,52
valve_0455_lidar_classes.ply,9,2735
valve_0456_lidar_classes.ply,0,1241
valve_0456_lidar_classes.ply,1,1032
valve_0456_lidar_classes.ply,2,492
valve_0456_lidar_classes.ply,3,342
valve_0456_lidar_classes.ply,4,32
valve_0456_lidar_classes.ply,5,73
valve_0456_lidar_classes.ply,6,503
valve_0456_lidar_classes.ply,7,869
valve_0456_lidar_classes.ply,8,44
valve_0456_lidar_classes.ply,9,3059
valve_0457_lidar_classes.ply,0,1454
valve_0457_lidar_classes.ply,1,926
valve_0457_lidar_classes.ply,2,503
valve_0457_lidar_classes.ply,3,455
valve_0457_lidar_classes.ply,4,83
valve_0457_lidar_classes.ply,5,118
valve_0457_lidar_classes.ply,6,819
valve_0457_lidar_classes.ply,7,645
valve_0457_lidar_classes.ply,8,58
valve_0457_lidar_classes.ply,9,3213
valve_0458_lidar_classes.ply,0,1433
valve_0458_lidar_classes.ply,1,1108
valve_0458_lidar_classes.ply,2,425
valve_0458_lidar_classes.ply,3,446
valve_0458_lidar_classes.ply,4,84
valve_0458_lidar_classes.ply,5,99
valve_0458_lidar_classes.ply,6,872
valve_0458_lidar_classes.ply,7,695
valve_0458_lidar_classes.ply,8,55
valve_0458_lidar_classes.ply,9,3250
valve_0459_lidar_classes.ply,0,1248
valve_0459_lidar_classes.ply,1,931
valve_0459_lidar_classes.ply,2,404
valve_0459_lidar_classes.ply,3,470
valve_0459_lidar_classes.ply,4,44
valve_0459_lidar_classes.ply,5,76
valve_0459_lidar_classes.ply,6,564
valve_0459_lidar_classes.ply,7,913
valve_0459_lidar_classes.ply,8,48
valve_0459_lidar_classes.ply,9,3048
valve_0460_lidar_classes.ply,0,1132
valve_0460_lidar_classes.ply,1,867
valve_0460_lidar_classes.ply,2,440
valve_0460_lidar_classes.ply,3,577
valve_0460_lidar_classes.ply,4,37
valve_0460_lidar_classes.ply,5,77
valve_0460_lidar_classes.ply,6,623
valve_0460_lidar_classes.ply,7,433
valve_0460_lidar_classes.ply,8,48
valve_0460_lidar_classes.ply,9,2643
valve_0461_lidar_classes.ply,0,1257
valve_0461_lidar_classes.ply,1,890
valve_0461_lidar_classes.ply,2,414
valve_0461_lidar_classes.ply,3,629
valve_0461_lidar_classes.ply,4,62
valve_0461_lidar_classes.ply,5,105
valve_0461_lidar_classes.ply,6,651
valve_0461_lidar_classes.ply,7,484
valve_0461_lidar_classes.ply,8,40
valve_0461_lidar_classes.ply,9,2886
valve_0462_lidar_classes.ply,0,1483
valve_0462_lidar_classes.ply,1,965
valve_0462_lidar_classes.ply,2,500
valve_0462_lidar_classes.ply,3,668
valve_0462_lidar_classes.ply,4,64
valve_0462_lidar_classes.ply,5,87
valve_0462_lidar_classes.ply,6,634
valve_0462_lidar_classes.ply,7,607
valve_0462_lidar_classes.ply,8,44
valve_0462_lidar_classes.ply,9,2816
valve_0463_lidar_classes.ply,0,1501
valve_0463_lidar_classes.ply,1,982
valve_0463_lidar_classes.ply,2,546
valve_0463_lidar_classes.ply,3,1066
valve_0463_lidar_classes.ply,4,83
valve_0463_lidar_classes.ply,5,138
valve_0463_lidar_classes.ply,6,876
valve_0463_lidar_classes.ply,7,756
valve_0463_lidar_classes.ply,8,59
valve_0463_lidar_classes.ply,9,2905
valve_0464_lidar_classes.ply,0,1338
valve_0464_lidar_classes.ply,1,1018
valve_0464_lidar_classes.ply,2,392
valve_0464_lidar_classes.ply,3,587
valve_0464_lidar_classes.ply,4,61
valve_0464_lidar_classes.ply,5,81
valve_0464_lidar_classes.ply,6,684
valve_0464_lidar_classes.ply,7,601
valve_0464_lidar_classes.ply,8,43
valve_0464_lidar_classes.ply,9,2995
valve_0465_lidar_classes.ply,0,1013
valve_0465_lidar_classes.ply,1,772
valve_0465_lidar_classes.ply,2,530
valve_0465_lidar_classes.ply,3,929
valve_0465_lidar_classes.ply,4,75
valve_0465_lidar_classes.ply,5,101
valve_0465_lidar_classes.ply,6,756
valve_0465_lidar_classes.ply,7,905
valve_0465_lidar_classes.ply,8,37
valve_0465_lidar_classes.ply,9,2493
valve_0466_lidar_classes.ply,0,1196
valve_0466_lidar_classes.ply,1,855
valve_0466_lidar_classes.ply,2,382
valve_0466_lidar_classes.ply,3,638
valve_0466_lidar_classes.ply,4,51
valve_0466_lidar_classes.ply,5,96
valve_0466_lidar_classes.ply,6,663
valve_0466_lidar_classes.ply,7,522
valve_0466_lidar_classes.ply,8,47
valve_0466_lidar_classes.ply,9,3332
valve_0467_lidar_classes.ply,0,1276
valve_0467_lidar_classes.ply,1,987
valve_0467_lidar_classes.ply,2,467
valve_0467_lidar_classes.ply,3,595
valve_0467_lidar_classes.ply,4,69
valve_0467_lidar_classes.ply,5,84
valve_0467_lidar_classes.ply,6,630
valve_0467_lidar_classes.ply,7,663
valve_0467_lidar_classes.ply,8,50
valve_0467_lidar_classes.ply,9,2945
valve_0468_lidar_classes.ply,0,1334
valve_0468_lidar_classes.ply,1,883
valve_0468_lidar_classes.ply,2,512
valve_0468_lidar_classes.ply,3,516
valve_0468_lidar_classes.ply,4,92
valve_0468_lidar_classes.ply,5,111
valve_0468_lidar_classes.ply,6,880
valve_0468_lidar_classes.ply,7,664
valve_0468_lidar_classes.ply,8,59
valve_0468_lidar_classes.ply,9,3573
valve_0469_lidar_classes.ply,0,1175
valve_0469_lidar_classes.ply,1,936
valve_0469_lidar_classes.ply,2,477
valve_0469_lidar_classes.ply,3,956
valve_0469_lidar_classes.ply,4,78
valve_0469_lidar_classes.ply,5,97
valve_0469_lidar_classes.ply,6,758
valve_0469_lidar_classes.ply,7,902
valve_0469_lidar_classes.ply,8,39
valve_0469_lidar_classes.ply,9,2271
valve_0470_lidar_classes.ply,0,1149
valve_0470_lidar_classes.ply,1,1089
valve_0470_lidar_classes.ply,2,501
valve_0470_lidar_classes.ply,3,352
valve_0470_lidar_classes.ply,4,46
valve_0470_lidar_classes.ply,5,70
valve_0470_lidar_classes.ply,6,506
valve_0470_lidar_classes.ply,7,864
valve_0470_lidar_classes.ply,8,41
valve_0470_lidar_classes.ply,9,2898
valve_0471_lidar_classes.ply,0,1496
valve_0471_lidar_classes.ply,1,1045
valve_0471_lidar_classes.ply,2,427
valve_0471_lidar_classes.ply,3,444
valve_0471_lidar_classes.ply,4,76
valve_0471_lidar_classes.ply,5,100
valve_0471_lidar_classes.ply,6,876
valve_0471_lidar_classes.ply,7,675
valve_0471_lidar_classes.ply,8,47
valve_0471_lidar_classes.ply,9,3121
valve_0472_lidar_classes.ply,0,1332
valve_0472_lidar_classes.ply,1,853
valve_0472_lidar_classes.ply,2,429
valve_0472_lidar_classes.ply,3,549
valve_0472_lidar_classes.ply,4,41
valve_0472_lidar_classes.ply,5,91
valve_0472_lidar_classes.ply,6,733
valve_0472_lidar_classes.ply,7,592
valve_0472_lidar_classes.ply,8,39
valve_0472_lidar_classes.ply,9,3309
valve_0473_lidar_classes.ply,0,1314
valve_0473_lidar_classes.ply,1,929
valve_0473_lidar_classes.ply,2,455
valve_0473_lidar_classes.ply,3,436
valve_0473_lidar_classes.ply,4,50
valve_0473_lidar_classes.ply,5,95
valve_0473_lidar_classes.ply,6,776
valve_0473_lidar_classes.ply,7,712
valve_0473_lidar_classes.ply,8,56
valve_0473_lidar_classes.ply,9,3471
valve_0474_lidar_classes.ply,0,1485
valve_0474_lidar_classes.ply,1,888
valve_0474_lidar_classes.ply,2,522
valve_0474_lidar_classes.ply,3,1059
valve_0474_lidar_classes.ply,4,75
valve_0474_lidar_classes.ply,5,119
valve_0474_lidar_classes.ply,6,839
valve_0474_lidar_classes.ply,7,631
valve_0474_lidar_classes.ply,8,52
valve_0474_lidar_classes.ply,9,3015
valve_0475_lidar_classes.ply,0,1253
valve_0475_lidar_classes.ply,1,944
valve_0475_lidar_classes.ply,2,461
valve_0475_lidar_classes.ply,3,626
valve_0475_lidar_classes.ply,4,59
valve_0475_lidar_classes.ply,5,101
valve_0475_lidar_classes.ply,6,672
valve_0475_lidar_classes.ply,7,465
valve_0475_lidar_classes.ply,8,41
valve_0475_lidar_classes.ply,9,2806
valve_0476_lidar_classes.ply,0,1031
valve_0476_lidar_classes.ply,1,848
valve_0476_lidar_classes.ply,2,548
valve_0476_lidar_classes.ply,3,373
valve_0476_lidar_classes.ply,4,47
valve_0476_lidar_classes.ply,5,70
valve_0476_lidar_classes.ply,6,529
valve_0476_lidar_classes.ply,7,807
valve_0476_lidar_classes.ply,8,37
valve_0476_lidar_classes.ply,9,3172
valve_0477_lidar_classes.ply,0,1260
valve_0477_lidar_classes.ply,1,902
valve_0477_lidar_classes.ply,2,472
valve_0477_lidar_classes.ply,3,974
valve_0477_lidar_classes.ply,4,87
valve_0477_lidar_classes.ply,5,95
valve_0477_lidar_classes.ply,6,759
valve_0477_lidar_classes.ply,7,884
valve_0477_lidar_classes.ply,8,40
valve_0477_lidar_classes.ply,9,2369
valve_0478_lidar_classes.ply,0,1112
valve_0478_lidar_classes.ply,1,857
valve_0478_lidar_classes.ply,2,396
valve_0478_lidar_classes.ply,3,336
valve_0478_lidar_classes.ply,4,47
valve_0478_lidar_classes.ply,5,81
valve_0478_lidar_classes.ply,6,502
valve_0478_lidar_classes.ply,7,736
valve_0478_lidar_classes.ply,8,39
valve_0478_lidar_classes.ply,9,2956
valve_0479_lidar_classes.ply,0,1147
valve_0479_lidar_classes.ply,1,970
valve_0479_lidar_classes.ply,2,401
valve_0479_lidar_classes.ply,3,619
valve_0479_lidar_classes.ply,4,40
valve_0479_lidar_classes.ply,5,87
valve_0479_lidar_classes.ply,6,601
valve_0479_lidar_classes.ply,7,404
valve_0479_lidar_classes.ply,8,47
valve_0479_lidar_classes.ply,9,2588
valve_0480_lidar_classes.ply,0,1141
valve_0480_lidar_classes.ply,1,826
valve_0480_lidar_classes.ply,2,464
valve_0480_lidar_classes.ply,3,805
valve_0480_lidar_classes.ply,4,72
valve_0480_lidar_classes.ply,5,118
valve_0480_lidar_classes.ply,6,766
valve_0480_lidar_classes.ply,7,856
valve_0480_lidar_classes.ply,8,37
valve_0480_lidar_classes.ply,9,2673
valve_0481_lidar_classes.ply,0,1522
valve_0481_lidar_classes.ply,1,964
valve_0481_lidar_classes.ply,2,486
valve_0481_lidar_classes.ply,3,533
valve_0481_lidar_classes.ply,4,69
valve_0481_lidar_classes.ply,5,87
valve_0481_lidar_classes.ply,6,625
valve_0481_lidar_classes.ply,7,635
valve_0481_lidar_classes.ply,8,42
valve_0481_lidar_classes.ply,9,2753
valve_0482_lidar_classes.ply,0,1123
valve_0482_lidar_classes.ply,1,801
valve_0482_lidar_classes.ply,2,451
valve_0482_lidar_classes.ply,3,890
valve_0482_lidar_classes.ply,4,57
valve_0482_lidar_classes.ply,5,84
valve_0482_lidar_classes.ply,6,669
valve_0482_lidar_classes.ply,7,605
valve_0482_lidar_classes.ply,8,50
valve_0482_lidar_classes.ply,9,3065
valve_0483_lidar_classes.ply,0,1051
valve_0483_lidar_classes.ply,1,883
valve_0483_lidar_classes.ply,2,458
valve_0483_lidar_classes.ply,3,716
valve_0483_lidar_classes.ply,4,56
valve_0483_lidar_classes.ply,5,77
valve_0483_lidar_classes.ply,6,636
valve_0483_lidar_classes.ply,7,420
valve_0483_lidar_classes.ply,8,43
valve_0483_lidar_classes.ply,9,2665
valve_0484_lidar_classes.ply,0,1531
valve_0484_lidar_classes.ply,1,924
valve_0484_lidar_classes.ply,2,483
valve_0484_lidar_classes.ply,3,399
valve_0484_lidar_classes.ply,4,74
valve_0484_lidar_classes.ply,5,126
valve_0484_lidar_classes.ply,6,861
valve_0484_lidar_classes.ply,7,682
valve_0484_lidar_classes.ply,8,51
valve_0484_lidar_classes.ply,9,3589
valve_0485_lidar_classes.ply,0,1302
valve_0485_lidar_classes.ply,1,840
valve_0485_lidar_classes.ply,2,465
valve_0485_lidar_classes.ply,3,477
valve_0485_lidar_classes.ply,4,83
valve_0485_lidar_classes.ply,5,110
valve_0485_lidar_classes.ply,6,850
valve_0485_lidar_classes.ply,7,629
valve_0485_lidar_classes.ply,8,49
valve_0485_lidar_classes.ply,9,3185
valve_0486_lidar_classes.ply,0,1122
valve_0486_lidar_classes.ply,1,795
valve_0486_lidar_classes.ply,2,372
valve_0486_lidar_classes.ply,3,287
valve_0486_lidar_classes.ply,4,57
valve_0486_lidar_classes.ply,5,89
valve_0486_lidar_classes.ply,6,521
valve_0486_lidar_classes.ply,7,718
valve_0486_lidar_classes.ply,8,38
valve_0486_lidar_classes.ply,9,3214
valve_0487_lidar_classes.ply,0,1494
valve_0487_lidar_classes.ply,1,1062
valve_0487_lidar_classes.ply,2,415
valve_0487_lidar_classes.ply,3,464
valve_0487_lidar_classes.ply,4,66
valve_0487_lidar_classes.ply,5,105
valve_0487_lidar_classes.ply,6,847
valve_0487_lidar_classes.ply,7,695
valve_0487_lidar_classes.ply,8,56
valve_0487_lidar_classes.ply,9,3354
valve_0488_lidar_classes.ply,0,1090
valve_0488_lidar_classes.ply,1,805
valve_0488_lidar_classes.ply,2,469
valve_0488_lidar_classes.ply,3,650
valve_0488_lidar_classes.ply,4,53
valve_0488_lidar_classes.ply,5,88
valve_0488_lidar_classes.ply,6,643
valve_0488_lidar_classes.ply,7,383
valve_0488_lidar_classes.ply,8,46
valve_0488_lidar_classes.ply,9,2931
valve_0489_lidar_classes.ply,0,1175
valve_0489_lidar_classes.ply,1,733
valve_0489_lidar_classes.ply,2,431
valve_0489_lidar_classes.ply,3,702
valve_0489_lidar_classes.ply,4,41
valve_0489_lidar_classes.ply,5,80
valve_0489_lidar_classes.ply,6,703
valve_0489_lidar_classes.ply,7,692
valve_0489_lidar_classes.ply,8,43
valve_0489_lidar_classes.ply,9,2983
valve_0490_lidar_classes.ply,0,1686
valve_0490_lidar_classes.ply,1,1002
valve_0490_lidar_classes.ply,2,522
valve_0490_lidar_classes.ply,3,435
valve_0490_lidar_classes.ply,4,67
valve_0490_lidar_classes.ply,5,108
valve_0490_lidar_classes.ply,6,887
valve_0490_lidar_classes.ply,7,663
valve_0490_lidar_classes.ply,8,59
valve_0490_lidar_classes.ply,9,3451
valve_0491_lidar_classes.ply,0,1411
valve_0491_lidar_classes.ply,1,937
valve_0491_lidar_classes.ply,2,572
valve_0491_lidar_classes.ply,3,1082
valve_0491_lidar_classes.ply,4,103
valve_0491_lidar_classes.ply,5,108
valve_0491_lidar_classes.ply,6,868
valve_0491_lidar_classes.ply,7,688
valve_0491_lidar_classes.ply,8,54
valve_0491_lidar_classes.ply,9,2572
valve_0492_lidar_classes.ply,0,1036
valve_0492_lidar_classes.ply,1,875
valve_0492_lidar_classes.ply,2,400
valve_0492_lidar_classes.ply,3,740
valve_0492_lidar_classes.ply,4,59
valve_0492_lidar_classes.ply,5,85
valve_0492_lidar_classes.ply,6,632
valve_0492_lidar_classes.ply,7,388
valve_0492_lidar_classes.ply,8,45
valve_0492_lidar_classes.ply,9,2719
valve_0493_lidar_classes.ply,0,1155
valve_0493_lidar_classes.ply,1,1030
valve_0493_lidar_classes.ply,2,485
valve_0493_lidar_classes.ply,3,303
valve_0493_lidar_classes.ply,4,78
valve_0493_lidar_classes.ply,5,87
valve_0493_lidar_classes.ply,6,527
valve_0493_lidar_classes.ply,7,780
valve_0493_lidar_classes.ply,8,48
valve_0493_lidar_classes.ply,9,2837
valve_0494_lidar_classes.ply,0,1043
valve_0494_lidar_classes.ply,1,890
valve_0494_lidar_classes.ply,2,342
valve_0494_lidar_classes.ply,3,258
valve_0494_lidar_classes.ply,4,69
valve_0494_lidar_classes.ply,5,82
valve_0494_lidar_classes.ply,6,475
valve_0494_lidar_classes.ply,7,754
valve_0494_lidar_classes.ply,8,30
valve_0494_lidar_classes.ply,9,2862
valve_0495_lidar_classes.ply,0,1319
valve_0495_lidar_classes.ply,1,1022
valve_0495_lidar_classes.ply,2,499
valve_0495_lidar_classes.ply,3,1130
valve_0495_lidar_classes.ply,4,89
valve_0495_lidar_classes.ply,5,116
valve_0495_lidar_classes.ply,6,860
valve_0495_lidar_classes.ply,7,610
valve_0495_lidar_classes.ply,8,54
valve_0495_lidar_classes.ply,9,2743
valve_0496_lidar_classes.ply,0,1317
valve_0496_lidar_classes.ply,1,920
valve_0496_lidar_classes.ply,2,548
valve_0496_lidar_classes.ply,3,334
valve_0496_lidar_classes.ply,4,83
valve_0496_lidar_classes.ply,5,76
valve_0496_lidar_classes.ply,6,644
valve_0496_lidar_classes.ply,7,568
valve_0496_lidar_classes.ply,8,50
valve_0496_lidar_classes.ply,9,2929
valve_0497_lidar_classes.ply,0,1215
valve_0497_lidar_classes.ply,1,855
valve_0497_lidar_classes.ply,2,518
valve_0497_lidar_classes.ply,3,1071
valve_0497_lidar_classes.ply,4,89
valve_0497_lidar_classes.ply,5,94
valve_0497_lidar_classes.ply,6,766
valve_0497_lidar_classes.ply,7,635
valve_0497_lidar_classes.ply,8,53
valve_0497_lidar_classes.ply,9,2300
valve_0498_lidar_classes.ply,0,1365
valve_0498_lidar_classes.ply,1,801
valve_0498_lidar_classes.ply,2,535
valve_0498_lidar_classes.ply,3,934
valve_0498_lidar_classes.ply,4,88
valve_0498_lidar_classes.ply,5,95
valve_0498_lidar_classes.ply,6,812
valve_0498_lidar_classes.ply,7,608
valve_0498_lidar_classes.ply,8,50
valve_0498_lidar_classes.ply,9,2718
valve_0499_lidar_classes.ply,0,1173
valve_0499_lidar_classes.ply,1,859
valve_0499_lidar_classes.ply,2,453
valve_0499_lidar_classes.ply,3,830
valve_0499_lidar_classes.ply,4,88
valve_0499_lidar_classes.ply,5,106
valve_0499_lidar_classes.ply,6,740
valve_0499_lidar_classes.ply,7,847
valve_0499_lidar_classes.ply,8,41
valve_0499_lidar_classes.ply,9,2387
valve_0500_lidar_classes.ply,0,1068
valve_0500_lidar_classes.ply,1,877
valve_0500_lidar_classes.ply,2,430
valve_0500_lidar_classes.ply,3,680
valve_0500_lidar_classes.ply,4,68
valve_0500_lidar_classes.ply,5,75
valve_0500_lidar_classes.ply,6,619
valve_0500_lidar_classes.ply,7,439
valve_0500_lidar_classes.ply,8,44
valve_0500_lidar_classes.ply,9,2475
