file,path,n_points,min_label,max_label,n_unique_labels,class_0_count,class_0_share,class_1_count,class_1_share,class_2_count,class_2_share,class_3_count,class_3_share,class_4_count,class_4_share,class_5_count,class_5_share,class_6_count,class_6_share,class_7_count,class_7_share,class_8_count,class_8_share,class_9_count,class_9_share
valve_0001_lidar_classes.ply,13/valve_0001_lidar_classes.ply,7218,0,9,10,1207,0.16722083679689664,1105,0.15308949847603215,489,0.06774729842061512,293,0.04059296203934608,44,0.006095871432529786,65,0.009005264616237185,492,0.06816292601828762,798,0.11055694098088113,40,0.005541701302299806,2685,0.3719866999168745
valve_0002_lidar_classes.ply,13/valve_0002_lidar_classes.ply,7106,0,9,10,1063,0.1495918941739375,850,0.11961722488038277,406,0.05713481564874754,745,0.10484097945398255,44,0.006191950464396285,91,0.012806079369546862,651,0.0916127216436814,446,0.06276386152547143,48,0.006754855052068675,2762,0.388685617787785
valve_0003_lidar_classes.ply,13/valve_0003_lidar_classes.ply,7368,0,9,10,1058,0.14359391965255158,742,0.1007057546145494,463,0.06283930510314875,751,0.10192725298588491,60,0.008143322475570033,82,0.011129207383279044,745,0.10111292073832791,634,0.08604777415852334,46,0.006243213897937025,2787,0.378257328990228
valve_0004_lidar_classes.ply,13/valve_0004_lidar_classes.ply,7220,0,9,10,1255,0.17382271468144045,939,0.13005540166204987,456,0.06315789473684211,621,0.08601108033240998,55,0.007617728531855956,98,0.013573407202216066,617,0.08545706371191136,502,0.06952908587257618,42,0.005817174515235457,2635,0.3649584487534626
valve_0005_lidar_classes.ply,13/valve_0005_lidar_classes.ply,8268,0,9,10,1478,0.1787614900822448,1055,0.1276003870343493,467,0.05648282535074988,426,0.05152394775036284,68,0.00822447992259313,65,0.007861635220125786,775,0.09373488147073053,779,0.09421867440735365,52,0.006289308176100629,3103,0.37530237058538946
valve_0006_lidar_classes.ply,13/valve_0006_lidar_classes.ply,7617,0,9,10,1105,0.1450702376263621,967,0.1269528685834318,506,0.06643035315741105,320,0.0420112905343311,62,0.00813968754102665,83,0.01089667848234213,591,0.07758960220559276,769,0.10095838256531443,40,0.0052514113167913875,3174,0.4166994879873966
valve_0007_lidar_classes.ply,13/valve_0007_lidar_classes.ply,6751,0,9,10,1140,0.16886387201896016,802,0.11879721522737373,451,0.06680491778995705,604,0.0894682269293438,61,0.009035698415049623,75,0.011109465264405273,607,0.08991260553992002,418,0.06191675307361872,43,0.006369426751592357,2550,0.3777218189897793
valve_0008_lidar_classes.ply,13/valve_0008_lidar_classes.ply,8688,0,9,10,1646,0.18945672191528545,1099,0.1264963167587477,526,0.06054327808471455,450,0.05179558011049724,70,0.008057090239410682,94,0.0108195211786372,830,0.0955340699815838,569,0.0654926335174954,61,0.007021178637200737,3343,0.38478360957642727
valve_0009_lidar_classes.ply,13/valve_0009_lidar_classes.ply,8740,0,9,10,1378,0.1576659038901602,1034,0.11830663615560641,424,0.04851258581235698,555,0.06350114416475973,79,0.009038901601830664,101,0.011556064073226544,863,0.09874141876430206,609,0.0696796338672769,61,0.006979405034324943,3636,0.41601830663615563
valve_0010_lidar_classes.ply,13/valve_0010_lidar_classes.ply,8600,0,9,10,1432,0.16651162790697674,706,0.08209302325581395,535,0.062209302325581396,1019,0.11848837209302325,98,0.011395348837209301,111,0.012906976744186047,851,0.09895348837209303,893,0.10383720930232558,51,0.005930232558139535,2904,0.33767441860465114
valve_0011_lidar_classes.ply,13/valve_0011_lidar_classes.ply,7082,0,9,10,1173,0.16563117763343688,814,0.11493928268850608,488,0.06890708839310929,275,0.03883083874611692,50,0.007060152499293985,63,0.008895792149110422,498,0.07031911889296809,768,0.10844394238915561,42,0.005930528099406947,2911,0.4110420785088958
valve_0012_lidar_classes.ply,13/valve_0012_lidar_classes.ply,7400,0,9,10,1268,0.17135135135135135,932,0.12594594594594594,407,0.055,630,0.08513513513513514,68,0.009189189189189189,94,0.012702702702702703,661,0.08932432432432433,453,0.061216216216216215,46,0.006216216216216216,2841,0.38391891891891894
valve_0013_lidar_classes.ply,13/valve_0013_lidar_classes.ply,8172,0,9,10,1265,0.15479686735193343,837,0.10242290748898679,561,0.06864904552129222,1163,0.14231522271169847,90,0.011013215859030838,124,0.015173764072442487,767,0.0938570729319628,931,0.113925599608419,37,0.004527655408712678,2397,0.2933186490455213
valve_0014_lidar_classes.ply,13/valve_0014_lidar_classes.ply,7525,0,9,10,1158,0.15388704318936877,843,0.1120265780730897,471,0.06259136212624584,376,0.04996677740863787,46,0.006112956810631229,67,0.008903654485049834,556,0.07388704318936877,915,0.12159468438538205,44,0.005847176079734219,3049,0.4051827242524917
valve_0015_lidar_classes.ply,13/valve_0015_lidar_classes.ply,7659,0,9,10,1312,0.17130173651912783,916,0.11959785872829351,461,0.060190625408016715,632,0.08251729990860425,63,0.008225616921269096,101,0.013187100143621882,717,0.0936153544849197,552,0.07207207207207207,39,0.0050920485703094395,2866,0.37420028724376553
valve_0016_lidar_classes.ply,13/valve_0016_lidar_classes.ply,8869,0,9,10,1247,0.14060209719246813,876,0.09877100011275228,559,0.06302852632765814,1135,0.12797384147028978,88,0.009922200924568723,126,0.014206787687450671,904,0.10192806404329688,677,0.07633329574923892,55,0.006201375577855451,3202,0.361032810914421
valve_0017_lidar_classes.ply,13/valve_0017_lidar_classes.ply,7123,0,9,10,1100,0.15442931349150638,986,0.13842482100238662,458,0.06429875052646357,293,0.041134353502737614,58,0.008142636529552156,101,0.014179418784220132,503,0.07061631335111611,753,0.10571388459918574,35,0.004913659974729749,2836,0.3981468482381019
valve_0018_lidar_classes.ply,13/valve_0018_lidar_classes.ply,7347,0,9,10,1160,0.15788757315911256,873,0.11882400979991833,489,0.06655777868517762,310,0.04219409282700422,52,0.007077718796787804,90,0.012249897917517355,520,0.07077718796787805,708,0.09636586361780318,41,0.005580509051313461,3104,0.4224853681774874
valve_0019_lidar_classes.ply,13/valve_0019_lidar_classes.ply,7516,0,9,10,1258,0.16737626397019692,844,0.11229377328366152,399,0.053086748270356574,608,0.0808940926024481,56,0.007450771687067589,87,0.011575306013837147,630,0.08382118147951038,597,0.07943054816391698,37,0.004922831293241086,3000,0.3991484832357637
valve_0020_lidar_classes.ply,13/valve_0020_lidar_classes.ply,8021,0,9,10,1399,0.17441715496820845,913,0.11382620620870215,432,0.053858621119561155,474,0.059094875950629594,72,0.008976436853260192,88,0.010971200598429124,743,0.09263184141628227,611,0.07617504051863858,42,0.005236254831068445,3247,0.40481236753522004
valve_0021_lidar_classes.ply,13/valve_0021_lidar_classes.ply,7875,0,9,10,1257,0.15961904761904763,784,0.09955555555555555,466,0.05917460317460317,788,0.10006349206349206,62,0.007873015873015874,96,0.01219047619047619,744,0.09447619047619048,816,0.10361904761904762,46,0.005841269841269842,2816,0.35758730158730156
valve_0022_lidar_classes.ply,13/valve_0022_lidar_classes.ply,7905,0,9,10,1485,0.18785578747628084,993,0.1256166982922201,444,0.05616698292220114,450,0.056925996204933584,63,0.007969639468690701,119,0.015053763440860216,783,0.09905123339658443,581,0.0734977862112587,44,0.005566097406704617,2943,0.37229601518026567
valve_0023_lidar_classes.ply,13/valve_0023_lidar_classes.ply,7818,0,9,10,1267,0.1620619084164748,869,0.11115374776157586,457,0.05845484778715784,457,0.05845484778715784,71,0.00908160654898951,87,0.011128165771297006,719,0.09196725505244308,797,0.10194423126119212,57,0.0072908672294704525,3037,0.3884625223842415
valve_0024_lidar_classes.ply,13/valve_0024_lidar_classes.ply,7628,0,9,10,1216,0.15941269008914524,879,0.11523335081279497,428,0.05610907184058731,688,0.09019402202412166,69,0.009045621394861038,87,0.01140534871525957,664,0.08704771893025695,518,0.06790770844257997,44,0.0057682223387519665,3035,0.3978762454116413
valve_0025_lidar_classes.ply,13/valve_0025_lidar_classes.ply,7878,0,9,10,1350,0.17136329017517135,981,0.12452399086062452,487,0.061817720233561815,797,0.10116780908860117,63,0.007996953541507998,82,0.010408733181010408,665,0.08441228738258441,573,0.07273419649657273,50,0.0063467885250063465,2830,0.35922823051535924
valve_0026_lidar_classes.ply,13/valve_0026_lidar_classes.ply,8312,0,9,10,1460,0.17564966313763233,1022,0.12295476419634263,459,0.055221366698748796,423,0.050890279114533206,50,0.006015399422521655,96,0.011549566891241578,695,0.08361405197305101,805,0.09684793070259866,54,0.0064966313763233875,3248,0.39076034648700675
valve_0027_lidar_classes.ply,13/valve_0027_lidar_classes.ply,8362,0,9,10,1562,0.18679741688591245,1047,0.12520928007653673,466,0.055728294666347766,441,0.052738579287251855,76,0.009088734752451567,109,0.013035159052858169,851,0.10176991150442478,638,0.07629753647452762,63,0.007534082755321693,3109,0.3718010045443674
valve_0028_lidar_classes.ply,13/valve_0028_lidar_classes.ply,6977,0,9,10,1196,0.1714203812526874,740,0.10606277769815106,442,0.06335101046294969,570,0.08169700444317042,58,0.008313028522287515,92,0.013186183173283647,668,0.09574315608427691,576,0.08255697291099326,46,0.006593091586641823,2589,0.37107639386555824
valve_0029_lidar_classes.ply,13/valve_0029_lidar_classes.ply,7779,0,9,10,1032,0.13266486694947938,811,0.10425504563568581,478,0.06144748682349917,819,0.10528345545699962,58,0.007455971204525003,103,0.013240776449415091,759,0.09757038179714617,834,0.10721172387196298,47,0.006041907700218537,2838,0.36482838411106827
valve_0030_lidar_classes.ply,13/valve_0030_lidar_classes.ply,7729,0,9,10,1272,0.16457497735800233,911,0.11786777073360072,448,0.05796351403803856,587,0.0759477293310907,44,0.005692845128735929,80,0.010350627506792599,670,0.08668650536938802,549,0.07103118126536422,42,0.005434079441066115,3126,0.40445076982792083
valve_0031_lidar_classes.ply,13/valve_0031_lidar_classes.ply,8303,0,9,10,1527,0.18390943032638804,982,0.11827050463687824,542,0.0652776105022281,398,0.04793448151270625,79,0.009514633265084909,70,0.008430687703239792,790,0.0951463326508491,705,0.08490906901120077,58,0.006985426954112971,3152,0.3796218234373118
valve_0032_lidar_classes.ply,13/valve_0032_lidar_classes.ply,6935,0,9,10,1175,0.16943042537851477,744,0.1072819033886085,413,0.05955299206921413,590,0.08507570295602018,58,0.0083633741888969,78,0.011247296322999279,586,0.08449891852919972,454,0.06546503244412401,46,0.006633020908435473,2791,0.402451333813987
valve_0033_lidar_classes.ply,13/valve_0033_lidar_classes.ply,7104,0,9,10,1184,0.16666666666666666,901,0.12682995495495494,392,0.05518018018018018,287,0.04039977477477477,53,0.007460585585585586,85,0.01196509009009009,533,0.07502815315315316,732,0.10304054054054054,31,0.004363738738738738,2906,0.4090653153153153
valve_0034_lidar_classes.ply,13/valve_0034_lidar_classes.ply,8249,0,9,10,1449,0.1756576554733907,1031,0.12498484664807856,423,0.05127894290216996,426,0.05164262334828464,89,0.010789186568068857,101,0.01224390835252758,859,0.1041338344041702,677,0.08207055400654625,46,0.005576433507091768,3148,0.38162201478967145
valve_0035_lidar_classes.ply,13/valve_0035_lidar_classes.ply,8477,0,9,10,1535,0.1810782116314734,1038,0.12244897959183673,456,0.053792615312020765,415,0.04895599858440486,85,0.010027132240179308,107,0.012622389996461012,881,0.1039282765129173,689,0.08127875427627698,53,0.006252211867405922,3218,0.3796154299870237
valve_0036_lidar_classes.ply,13/valve_0036_lidar_classes.ply,7372,0,9,10,1209,0.1639989148128052,1004,0.13619099294628323,495,0.0671459576776994,311,0.04218665219750407,42,0.0056972327726532825,73,0.0099023331524688,483,0.06551817688551276,766,0.10390667390124797,45,0.0061041779706999455,2944,0.3993488876831253
valve_0037_lidar_classes.ply,13/valve_0037_lidar_classes.ply,7417,0,9,10,1092,0.14722933800728058,815,0.10988270190103816,422,0.05689631926654982,730,0.09842254280706485,49,0.0066064446541728465,88,0.011864635297290009,732,0.09869219360927599,564,0.07604152622354052,41,0.0055278414453283,2884,0.38883645678845896
valve_0038_lidar_classes.ply,13/valve_0038_lidar_classes.ply,7381,0,9,10,1162,0.15743124237908143,779,0.10554125457255115,485,0.06570925348868717,794,0.10757349952580951,90,0.012193469719550196,84,0.01138057173824685,740,0.10025741769407939,790,0.10703156753827395,44,0.005961251862891207,2413,0.32692047148082914
valve_0039_lidar_classes.ply,13/valve_0039_lidar_classes.ply,8539,0,9,10,1379,0.1614943201780068,1007,0.11792949994144514,460,0.0538704766366085,507,0.059374634032088064,84,0.009837217472771987,91,0.010656985595502986,860,0.10071436936409416,616,0.0721395948003279,56,0.006558144981847992,3479,0.40742475699730646
valve_0040_lidar_classes.ply,13/valve_0040_lidar_classes.ply,7017,0,9,10,1217,0.17343594128544962,925,0.1318227162605102,404,0.05757446202080661,686,0.09776257659968647,53,0.007553085364115719,79,0.0112583725238706,649,0.09248966794926607,422,0.06013966082371384,47,0.006698019096479977,2535,0.3612654980761009
valve_0041_lidar_classes.ply,13/valve_0041_lidar_classes.ply,7978,0,9,10,1397,0.1751065429932314,854,0.10704437202306342,557,0.06981699674103785,872,0.10930057658561043,77,0.009651541739784407,100,0.012534469791927802,737,0.0923790423665079,782,0.09801955377287541,48,0.006016545500125345,2554,0.32013035848583604
valve_0042_lidar_classes.ply,13/valve_0042_lidar_classes.ply,7874,0,9,10,1222,0.15519431038862078,944,0.11988823977647955,465,0.05905511811023622,405,0.05143510287020574,63,0.008001016002032004,83,0.010541021082042164,597,0.07581915163830327,932,0.11836423672847346,49,0.006223012446024892,3114,0.3954787909575819
valve_0043_lidar_classes.ply,13/valve_0043_lidar_classes.ply,8246,0,9,10,1563,0.18954644676206645,1003,0.1216347319912685,456,0.055299539170506916,463,0.056148435605141885,87,0.010550569973320397,125,0.015158864904195974,849,0.10295901042929906,665,0.08064516129032258,51,0.006184816880911957,2984,0.3618724229929663
valve_0044_lidar_classes.ply,13/valve_0044_lidar_classes.ply,7452,0,9,10,1150,0.15432098765432098,875,0.11741814278046162,469,0.06293612453032743,525,0.07045088566827697,81,0.010869565217391304,81,0.010869565217391304,615,0.08252818035426732,664,0.08910359634997315,41,0.0055018786902844875,2951,0.3960010735373054
valve_0045_lidar_classes.ply,13/valve_0045_lidar_classes.ply,8487,0,9,10,1326,0.15623895369388477,816,0.09614704842700601,440,0.05184399670083657,1094,0.1289030281607164,104,0.012254035583834099,116,0.013667962766584187,846,0.09968186638388123,896,0.10557322964533992,42,0.00494874513962531,2807,0.3307411334982915
valve_0046_lidar_classes.ply,13/valve_0046_lidar_classes.ply,8828,0,9,10,1567,0.17750339827820572,929,0.10523334843679202,550,0.06230176710466697,975,0.11044404168554599,69,0.007816039873130946,115,0.013026733121884912,885,0.10024920706841867,783,0.0886950611690077,58,0.006570004531037608,2897,0.3281603987313095
valve_0047_lidar_classes.ply,13/valve_0047_lidar_classes.ply,8593,0,9,10,1530,0.17805190271150936,1011,0.11765390434074247,463,0.053881065983940414,479,0.05574304666589084,74,0.008611660654020714,117,0.01361573373676248,873,0.10159432095892006,689,0.08018154311649017,53,0.006167811008960782,3304,0.3844990108227627
valve_0048_lidar_classes.ply,13/valve_0048_lidar_classes.ply,6878,0,9,10,1074,0.15615004361733062,728,0.10584472230299506,327,0.047542890375109045,314,0.045652806048269844,49,0.007124164001163129,95,0.013812154696132596,486,0.07066007560337308,716,0.10410002907822041,36,0.005234079674323932,3053,0.4438790346030823
valve_0049_lidar_classes.ply,13/valve_0049_lidar_classes.ply,7845,0,9,10,1317,0.16787762906309753,1119,0.14263862332695984,452,0.05761631612492033,540,0.06883365200764818,67,0.00854047163798598,78,0.00994263862332696,674,0.08591459528362014,575,0.07329509241555131,46,0.005863607393244105,2977,0.3794773741236456
valve_0050_lidar_classes.ply,13/valve_0050_lidar_classes.ply,8758,0,9,10,1567,0.17892212833980362,976,0.11144096825759306,514,0.05868919844713405,447,0.05103905001141813,61,0.006965060516099566,125,0.014272664992007307,848,0.09682575930577758,623,0.07113496232016442,60,0.006850879196163508,3537,0.4038593286138388
valve_0051_lidar_classes.ply,13/valve_0051_lidar_classes.ply,7934,0,9,10,1343,0.1692714897907739,1068,0.1346105369296698,419,0.05281068817746408,374,0.04713889589110159,38,0.004789513486261659,74,0.009326947315351651,532,0.06705318880766323,867,0.10927653138391732,54,0.006806150743634989,3165,0.3989160574741618
valve_0052_lidar_classes.ply,13/valve_0052_lidar_classes.ply,7214,0,9,10,1185,0.16426393124480176,789,0.10937066814527308,388,0.053784308289437206,701,0.09717216523426671,38,0.005267535347934572,88,0.012198502911006376,624,0.08649847518713612,387,0.05364568893817577,47,0.0065151095092874966,2967,0.4112836151926809
valve_0053_lidar_classes.ply,13/valve_0053_lidar_classes.ply,6863,0,9,10,1204,0.17543348389916946,961,0.14002622759726066,378,0.055077954247413664,623,0.09077662829666326,56,0.008159696925542765,67,0.009762494535917238,621,0.09048521054932246,427,0.06221768905726359,40,0.005828354946816261,2486,0.36223225994463065
valve_0054_lidar_classes.ply,13/valve_0054_lidar_classes.ply,8334,0,9,10,1562,0.18742500599952003,957,0.11483081353491721,564,0.06767458603311735,959,0.11507079433645308,67,0.008039356851451884,106,0.012718982481401488,772,0.09263258939284857,901,0.10811135109191265,41,0.004919606431485481,2405,0.28857691384689227
valve_0055_lidar_classes.ply,13/valve_0055_lidar_classes.ply,8372,0,9,10,1425,0.17021022455805065,965,0.1152651696129957,418,0.04992833253702819,390,0.046583850931677016,70,0.008361204013377926,102,0.012183468705207836,836,0.09985666507405638,634,0.07572861920688008,57,0.006808408982322026,3475,0.4150740563784042
valve_0056_lidar_classes.ply,13/valve_0056_lidar_classes.ply,7575,0,9,10,1073,0.14165016501650166,748,0.09874587458745875,435,0.05742574257425743,781,0.1031023102310231,64,0.008448844884488448,93,0.012277227722772278,722,0.09531353135313532,745,0.09834983498349835,41,0.005412541254125412,2873,0.3792739273927393
valve_0057_lidar_classes.ply,13/valve_0057_lidar_classes.ply,7149,0,9,10,1117,0.15624562875926704,708,0.0990348300461603,357,0.049937054133445236,283,0.03958595607777311,58,0.008113022800391664,84,0.01174989509022241,520,0.07273744579661491,728,0.10183242411526088,37,0.005175549027836061,3257,0.45558819415302837
valve_0058_lidar_classes.ply,13/valve_0058_lidar_classes.ply,7787,0,9,10,1352,0.17362270450751252,988,0.12687813021702837,491,0.06305380762809812,788,0.10119429818928984,81,0.010401951971234108,88,0.011300886092204957,656,0.0842429690509824,579,0.07435469372030307,40,0.0051367664055477075,2724,0.3498137922177989
valve_0059_lidar_classes.ply,13/valve_0059_lidar_classes.ply,7647,0,9,10,1136,0.1485549888845299,838,0.10958545834967962,439,0.057408133908722375,697,0.0911468549758075,54,0.007061592781482934,70,0.00915391656858899,694,0.09075454426572512,808,0.10566235124885576,42,0.005492349941153394,2869,0.37517980907545445
valve_0060_lidar_classes.ply,13/valve_0060_lidar_classes.ply,7742,0,9,10,1375,0.17760268664427797,993,0.12826143115474037,503,0.06497029191423405,512,0.06613278222681478,65,0.008395763368638594,97,0.012529062257814519,634,0.08189098424179798,624,0.0805993283389305,42,0.0054249547920434,2897,0.37419271506070784
valve_0061_lidar_classes.ply,13/valve_0061_lidar_classes.ply,8934,0,9,10,1372,0.15357062905753302,888,0.09939556749496306,505,0.056525632415491384,1119,0.12525184687709873,98,0.010969330646966645,116,0.012984105663756436,904,0.10118647862099843,823,0.09211999104544437,50,0.005596597268860533,3059,0.3423998209088874
valve_0062_lidar_classes.ply,13/valve_0062_lidar_classes.ply,7269,0,9,10,1208,0.16618516989957352,718,0.0987756225065346,500,0.06878525244187646,975,0.1341312422616591,78,0.010730499380932727,85,0.011693492915118998,716,0.09850048149676709,651,0.08955839867932315,47,0.006465813729536387,2291,0.31517402668867794
valve_0063_lidar_classes.ply,13/valve_0063_lidar_classes.ply,7354,0,9,10,1246,0.1694316018493337,902,0.12265433777536035,451,0.061327168887680174,648,0.0881153113951591,49,0.006663040522164808,89,0.012102257274952406,661,0.08988305683981507,398,0.05412020669023661,41,0.005575197171607289,2869,0.3901278215936905
valve_0064_lidar_classes.ply,13/valve_0064_lidar_classes.ply,7207,0,9,10,1215,0.16858609685028444,870,0.1207159705841543,440,0.06105175523796309,717,0.0994866102400444,58,0.008047731372276953,106,0.014707922852782017,692,0.09601776051061468,652,0.09046760094352713,43,0.00596642153461912,2414,0.33495212987373385
valve_0065_lidar_classes.ply,13/valve_0065_lidar_classes.ply,7003,0,9,10,1101,0.15721833499928603,807,0.11523632728830502,409,0.05840354133942596,612,0.08739111809224619,53,0.007568185063544195,87,0.012423247179780094,597,0.08524917892331858,409,0.05840354133942596,44,0.006283021562187634,2884,0.4118235042124804
valve_0066_lidar_classes.ply,13/valve_0066_lidar_classes.ply,7138,0,9,10,1041,0.1458391706360325,755,0.10577192490893808,490,0.06864667974222471,317,0.04441019893527599,43,0.006024096385542169,75,0.010507144858503783,459,0.06430372653404315,745,0.10437097226113758,44,0.006164191650322219,3169,0.4439618940879798
valve_0067_lidar_classes.ply,13/valve_0067_lidar_classes.ply,7268,0,9,10,1238,0.17033571821684096,832,0.11447440836543754,456,0.06274078150798018,628,0.0864061640066043,71,0.00976884975233902,80,0.01100715465052284,629,0.08654375343973583,524,0.0720968629609246,40,0.00550357732526142,2770,0.38112272977435335
valve_0068_lidar_classes.ply,13/valve_0068_lidar_classes.ply,7690,0,9,10,1295,0.1684005201560468,922,0.11989596879063719,524,0.0681404421326398,365,0.04746423927178153,54,0.007022106631989597,59,0.007672301690507152,502,0.06527958387516256,875,0.11378413524057217,46,0.0059817945383615085,3048,0.3963589076723017
valve_0069_lidar_classes.ply,13/valve_0069_lidar_classes.ply,8425,0,9,10,1470,0.1744807121661721,934,0.11086053412462908,591,0.07014836795252226,1041,0.12356083086053413,86,0.010207715133531158,117,0.013887240356083085,855,0.10148367952522255,619,0.07347181008902078,48,0.0056973293768546,2664,0.3162017804154303
valve_0070_lidar_classes.ply,13/valve_0070_lidar_classes.ply,7082,0,9,10,1110,0.15673538548432647,921,0.1300480090369952,434,0.06128212369387179,289,0.04080768144591923,59,0.008330979949166902,92,0.012990680598700932,508,0.07173114939282689,748,0.10561988138943801,38,0.005365715899463428,2883,0.4070883931092912
valve_0071_lidar_classes.ply,13/valve_0071_lidar_classes.ply,8124,0,9,10,1430,0.1760216642048252,976,0.12013786312161497,476,0.0585918266863614,406,0.0499753815854259,52,0.006400787789266372,64,0.007877892663712457,698,0.08591826686361398,925,0.1138601674052191,50,0.006154603643525357,3047,0.37506154603643527
valve_0072_lidar_classes.ply,13/valve_0072_lidar_classes.ply,7783,0,9,10,1409,0.18103559038931002,925,0.11884877296672235,474,0.06090196582294745,563,0.0723371450597456,58,0.007452139277913401,95,0.012206090196582295,730,0.09379416677373763,584,0.0750353334189901,44,0.0056533470384170625,2901,0.37273544905563405
valve_0073_lidar_classes.ply,13/valve_0073_lidar_classes.ply,7295,0,9,10,1191,0.16326250856751198,912,0.12501713502398903,405,0.055517477724468814,662,0.09074708704592187,52,0.007128169979437971,76,0.010418094585332419,732,0.10034270047978067,594,0.08142563399588759,43,0.005894448252227553,2628,0.36024674434544207
valve_0074_lidar_classes.ply,13/valve_0074_lidar_classes.ply,8016,0,9,10,1465,0.18275948103792417,961,0.11988522954091817,462,0.05763473053892216,763,0.09518463073852296,89,0.011102794411177645,90,0.01122754491017964,674,0.08408183632734531,547,0.06823852295409182,47,0.005863273453093812,2918,0.36402195608782434
valve_0075_lidar_classes.ply,13/valve_0075_lidar_classes.ply,8429,0,9,10,1224,0.14521295527346068,841,0.09977458773282714,528,0.06264088266698303,1119,0.13275596156127656,62,0.007355558191956341,106,0.01257563174753826,770,0.0913512872226836,890,0.10558785146517974,37,0.004389607308102977,2852,0.3383556768299917
valve_0076_lidar_classes.ply,13/valve_0076_lidar_classes.ply,8341,0,9,10,1426,0.17096271430284138,1010,0.12108859848938976,519,0.062222755065339884,447,0.05359069655916557,74,0.008871837909123607,92,0.011029852535667186,752,0.09015705550893179,767,0.09195540103105143,57,0.00683371298405467,3197,0.3832873756144347
valve_0077_lidar_classes.ply,13/valve_0077_lidar_classes.ply,8821,0,9,10,1492,0.16914182065525452,1010,0.11449948985375807,525,0.05951706155764652,537,0.06087745153610702,66,0.007482144881532706,117,0.013263802289989798,856,0.09704115179684843,656,0.07436798548917356,55,0.006235120734610589,3507,0.3975739712050788
valve_0078_lidar_classes.ply,13/valve_0078_lidar_classes.ply,8544,0,9,10,1547,0.181062734082397,1044,0.12219101123595505,455,0.05325374531835206,468,0.054775280898876406,84,0.009831460674157303,102,0.011938202247191011,875,0.10241104868913857,614,0.07186329588014981,65,0.007607677902621723,3290,0.38506554307116103
valve_0079_lidar_classes.ply,13/valve_0079_lidar_classes.ply,8959,0,9,10,1580,0.17635896863489228,950,0.10603862038173903,527,0.058823529411764705,1020,0.11385199240986717,82,0.009152807232950106,123,0.013729210849425159,882,0.09844848755441456,797,0.08896082152025896,53,0.00591583882129702,2945,0.328719723183391
valve_0080_lidar_classes.ply,13/valve_0080_lidar_classes.ply,7423,0,9,10,1063,0.143203556513539,822,0.11073689882796713,567,0.0763842112353496,293,0.039471911626027215,72,0.009699582379092011,99,0.013336925771251515,536,0.07220800215546275,787,0.10602182406035296,38,0.005119224033409673,3146,0.4238178633975482
valve_0081_lidar_classes.ply,13/valve_0081_lidar_classes.ply,7924,0,9,10,1315,0.1659515396264513,1013,0.12783947501261989,468,0.05906108026249369,430,0.05426552246340232,82,0.010348308934881372,55,0.0069409389197375064,677,0.08543664815749621,950,0.1198889449772842,50,0.0063099444724886425,2884,0.36395759717314485
valve_0082_lidar_classes.ply,13/valve_0082_lidar_classes.ply,6876,0,9,10,1082,0.1573589296102385,888,0.12914485165794065,400,0.058173356602675974,701,0.10194880744618964,51,0.007417102966841187,84,0.012216404886561954,637,0.09264107038976149,510,0.07417102966841187,44,0.006399069226294357,2479,0.36052937754508435
valve_0083_lidar_classes.ply,13/valve_0083_lidar_classes.ply,6848,0,9,10,1252,0.18282710280373832,873,0.127482476635514,425,0.06206191588785047,582,0.08498831775700935,51,0.007447429906542056,83,0.012120327102803738,591,0.08630257009345794,403,0.05884929906542056,42,0.006133177570093458,2546,0.3717873831775701
valve_0084_lidar_classes.ply,13/valve_0084_lidar_classes.ply,7661,0,9,10,1268,0.1655136405169038,812,0.10599138493669234,524,0.06839838141234826,942,0.12296044902754209,86,0.011225688552408302,78,0.010181438454509854,721,0.09411304007309751,600,0.0783187573423835,42,0.005482313013966845,2588,0.3378149066701475
valve_0085_lidar_classes.ply,13/valve_0085_lidar_classes.ply,6888,0,9,10,920,0.13356562137049943,706,0.10249709639953543,378,0.054878048780487805,304,0.04413472706155633,44,0.006387921022067364,82,0.011904761904761904,491,0.07128339140534262,742,0.10772357723577236,31,0.0045005807200929155,3190,0.4631242740998839
valve_0086_lidar_classes.ply,13/valve_0086_lidar_classes.ply,8271,0,9,10,1467,0.17736670293797607,1021,0.12344335630516262,465,0.05622052956111716,440,0.05319792044492806,59,0.0071333575142062625,103,0.01245314955869907,787,0.0951517349776327,676,0.08173135050175312,64,0.007737879337444082,3189,0.3855640188610809
valve_0087_lidar_classes.ply,13/valve_0087_lidar_classes.ply,7669,0,9,10,1438,0.18750814969357152,873,0.11383491980701525,408,0.053201199634893725,387,0.050462902594862434,49,0.006389359760073021,106,0.013821880297300821,782,0.10196896596687964,609,0.07941061416090756,45,0.005867779371495632,2972,0.3875342287130004
valve_0088_lidar_classes.ply,13/valve_0088_lidar_classes.ply,7014,0,9,10,1085,0.15469061876247506,975,0.1390076988879384,415,0.059167379526660964,676,0.09637867122897063,53,0.007556315939549472,89,0.012688907898488738,640,0.09124607927003137,503,0.07171371542629028,41,0.0058454519532363846,2537,0.3617051611063587
valve_0089_lidar_classes.ply,13/valve_0089_lidar_classes.ply,7471,0,9,10,939,0.12568598581180565,912,0.12207201177887833,455,0.06090215499933074,294,0.03935216169187525,49,0.006558693615312542,94,0.012581983670191407,529,0.07080712086735377,813,0.10882077365814483,40,0.005354035604336769,3346,0.4478650783027707
valve_0090_lidar_classes.ply,13/valve_0090_lidar_classes.ply,7409,0,9,10,1174,0.15845593197462546,891,0.12025914428397895,398,0.05371845053313538,743,0.10028343906060197,39,0.005263868268322311,102,0.013767040086381428,692,0.09339991901741125,740,0.09987852611688487,43,0.005803752193278445,2587,0.3491699284653799
valve_0091_lidar_classes.ply,13/valve_0091_lidar_classes.ply,6910,0,9,10,975,0.1410998552821997,855,0.12373371924746744,406,0.05875542691751085,704,0.10188133140376267,53,0.007670043415340087,91,0.01316931982633864,635,0.0918958031837916,482,0.06975397973950796,45,0.006512301013024602,2664,0.38552821997105646
valve_0092_lidar_classes.ply,13/valve_0092_lidar_classes.ply,8590,0,9,10,1583,0.18428405122235156,1068,0.12433061699650756,441,0.051338766006984865,477,0.05552968568102445,93,0.010826542491268918,98,0.01140861466821886,882,0.10267753201396973,639,0.07438882421420256,57,0.006635622817229336,3252,0.3785797438882421
valve_0093_lidar_classes.ply,13/valve_0093_lidar_classes.ply,6995,0,9,10,1137,0.16254467476769122,940,0.1343817012151537,385,0.055039313795568263,683,0.09764117226590421,56,0.008005718370264474,76,0.010864903502501787,677,0.09678341672623303,473,0.06761972837741244,46,0.006576125804145818,2522,0.3605432451751251
valve_0094_lidar_classes.ply,13/valve_0094_lidar_classes.ply,7550,0,9,10,1337,0.1770860927152318,807,0.10688741721854304,457,0.060529801324503314,382,0.050596026490066226,60,0.007947019867549669,68,0.009006622516556291,675,0.08940397350993377,972,0.12874172185430463,52,0.006887417218543046,2740,0.3629139072847682
valve_0095_lidar_classes.ply,13/valve_0095_lidar_classes.ply,7671,0,9,10,1297,0.16907834702124885,1099,0.143266849172207,513,0.06687524442706297,355,0.046278190587928564,50,0.0065180550123843045,60,0.007821666014861166,514,0.06700560552731065,829,0.10806935210533176,48,0.006257332811888932,2906,0.3788293573197758
valve_0096_lidar_classes.ply,13/valve_0096_lidar_classes.ply,8455,0,9,10,1560,0.18450620934358367,1106,0.13081017149615612,429,0.05073920756948551,470,0.05558840922531047,75,0.008870490833826138,108,0.01277350680070964,819,0.09686575990538143,662,0.07829686575990538,62,0.0073329390892962745,3164,0.37421643997634535
valve_0097_lidar_classes.ply,13/valve_0097_lidar_classes.ply,8205,0,9,10,1430,0.17428397318708105,882,0.10749542961608775,440,0.05362583790371724,487,0.05935405240706886,66,0.008043875685557587,129,0.015722120658135285,808,0.09847653869591712,650,0.07921998781230957,47,0.005728214503351615,3266,0.39804996953077393
valve_0098_lidar_classes.ply,13/valve_0098_lidar_classes.ply,8512,0,9,10,1352,0.1588345864661654,871,0.10232612781954888,476,0.05592105263157895,1051,0.12347274436090226,95,0.011160714285714286,107,0.012570488721804511,873,0.10256109022556391,697,0.0818843984962406,59,0.006931390977443609,2931,0.3443374060150376
valve_0099_lidar_classes.ply,13/valve_0099_lidar_classes.ply,8517,0,9,10,1451,0.17036515204884348,902,0.10590583538804743,562,0.06598567570740871,1126,0.13220617588352707,83,0.00974521545145004,108,0.012680521310320535,862,0.10120934601385465,630,0.07396970764353646,49,0.005753199483386168,2744,0.32217917106962546
valve_0100_lidar_classes.ply,13/valve_0100_lidar_classes.ply,7880,0,9,10,1148,0.14568527918781726,850,0.10786802030456853,494,0.06269035532994924,802,0.1017766497461929,61,0.007741116751269036,93,0.011802030456852792,761,0.09657360406091371,816,0.10355329949238579,41,0.0052030456852791875,2814,0.3571065989847716
valve_0101_lidar_classes.ply,13/valve_0101_lidar_classes.ply,8498,0,9,10,1347,0.15850788420804895,906,0.10661332078136032,451,0.05307131089668157,505,0.059425747234643445,81,0.00953165450694281,105,0.012355848434925865,877,0.1032007531183808,673,0.07919510473052482,52,0.006119086843963286,3501,0.41197928924452815
valve_0102_lidar_classes.ply,13/valve_0102_lidar_classes.ply,7813,0,9,10,1246,0.15947779342122104,957,0.1224881607577115,497,0.06361192883655446,514,0.06578778958146679,68,0.008703442979649303,88,0.011263279150134392,636,0.08140279022142582,633,0.08101881479585306,40,0.005119672340970178,3134,0.40112632791501346
valve_0103_lidar_classes.ply,13/valve_0103_lidar_classes.ply,7581,0,9,10,1245,0.16422635536208943,1018,0.13428307611133095,545,0.07189025194565361,282,0.03719825880490701,65,0.008574066745811898,88,0.011607967286637646,582,0.07677087455480808,776,0.10236116607307744,46,0.0060678010816514975,2934,0.38702018203403243
valve_0104_lidar_classes.ply,13/valve_0104_lidar_classes.ply,7506,0,9,10,1248,0.16626698641087131,1000,0.1332267519317879,555,0.07394084732214229,405,0.0539568345323741,70,0.009325872635225153,88,0.011723954169997336,622,0.08286703970157208,592,0.07887023714361843,40,0.005329070077271516,2886,0.3844924060751399
valve_0105_lidar_classes.ply,13/valve_0105_lidar_classes.ply,7135,0,9,10,1104,0.1547302032235459,891,0.12487736510161178,416,0.0583041345480028,318,0.044569025928521376,50,0.00700770847932726,77,0.01079187105816398,519,0.07274001401541696,714,0.10007007708479328,42,0.005886475122634898,3004,0.42102312543798176
valve_0106_lidar_classes.ply,13/valve_0106_lidar_classes.ply,7495,0,9,10,1213,0.16184122748499,828,0.11047364909939959,410,0.05470313542361575,776,0.10353569046030688,64,0.008539026017344896,89,0.011874583055370248,718,0.09579719813208806,763,0.10180120080053369,43,0.0057371581054036025,2591,0.3456971314209473
valve_0107_lidar_classes.ply,13/valve_0107_lidar_classes.ply,7569,0,9,10,1262,0.16673272559122737,949,0.12537983881622408,452,0.05971726780288017,609,0.08045977011494253,55,0.007266481701677896,94,0.012419077817413133,677,0.08944378385519884,549,0.07253269916765755,44,0.005813185361342317,2878,0.3802351697714361
valve_0108_lidar_classes.ply,13/valve_0108_lidar_classes.ply,8071,0,9,10,1349,0.16714161813901623,872,0.10804113492751828,467,0.05786147937058605,457,0.05662247552967414,61,0.007557923429562631,79,0.009788130343204063,635,0.07867674389790609,950,0.11770536488663115,49,0.006071118820468344,3152,0.39053401065543303
valve_0109_lidar_classes.ply,13/valve_0109_lidar_classes.ply,7375,0,9,10,1265,0.17152542372881355,916,0.12420338983050848,382,0.051796610169491525,654,0.08867796610169491,39,0.005288135593220339,90,0.012203389830508475,699,0.09477966101694915,694,0.09410169491525423,38,0.0051525423728813555,2598,0.35227118644067795
valve_0110_lidar_classes.ply,13/valve_0110_lidar_classes.ply,7853,0,9,10,1185,0.15089774608429898,1106,0.14083789634534571,523,0.06659875206927289,331,0.042149497007513054,42,0.005348274544759965,77,0.009805169998726602,530,0.06749013116006622,909,0.11575194193301923,40,0.005093594804533299,3110,0.39602699605246405
valve_0111_lidar_classes.ply,13/valve_0111_lidar_classes.ply,8152,0,9,10,1378,0.16903827281648676,958,0.11751717369970559,405,0.0496810598626104,478,0.05863591756624141,73,0.008954857703631011,101,0.012389597644749754,852,0.10451422963689892,614,0.0753189401373896,41,0.005029440628066732,3252,0.3989205103042198
valve_0112_lidar_classes.ply,13/valve_0112_lidar_classes.ply,8356,0,9,10,1636,0.1957874581139301,988,0.11823839157491622,505,0.060435615126854955,1026,0.12278602202010531,89,0.010651029200574438,103,0.012326471996170417,834,0.09980852082336046,610,0.0730014360938248,56,0.006701771182383916,2509,0.30026328386787937
valve_0113_lidar_classes.ply,13/valve_0113_lidar_classes.ply,7740,0,9,10,1196,0.1545219638242894,800,0.10335917312661498,459,0.05930232558139535,806,0.1041343669250646,63,0.00813953488372093,107,0.013824289405684755,737,0.09521963824289406,830,0.10723514211886305,44,0.005684754521963824,2698,0.348578811369509
valve_0114_lidar_classes.ply,13/valve_0114_lidar_classes.ply,7366,0,9,10,1173,0.15924518055932663,917,0.1244909041542221,398,0.054032039098560955,692,0.0939451534075482,46,0.006244909041542221,95,0.01289709475970676,712,0.09666033125169698,621,0.08430627206081999,42,0.005701873472712463,2670,0.3624762421938637
valve_0115_lidar_classes.ply,13/valve_0115_lidar_classes.ply,7721,0,9,10,1359,0.17601346975780338,930,0.12045071881880585,425,0.05504468333117472,526,0.06812589042870094,61,0.007900531019298019,90,0.011656521176013469,724,0.09377023701593058,586,0.07589690454604325,44,0.005698743686051029,2976,0.3854423002201787
valve_0116_lidar_classes.ply,13/valve_0116_lidar_classes.ply,7887,0,9,10,1533,0.19437048307341195,942,0.1194370483073412,491,0.06225434258907062,855,0.10840623811335108,88,0.011157601115760111,94,0.01191834664638012,812,0.10295422847724103,604,0.07658171674908076,50,0.006339546088500064,2418,0.3065804488398631
valve_0117_lidar_classes.ply,13/valve_0117_lidar_classes.ply,7239,0,9,10,1155,0.15955242436800662,818,0.11299903301560989,470,0.06492609476447023,763,0.1054012985218953,44,0.006078187594971681,66,0.009117281392457521,728,0.10056637657134963,567,0.07832573559883962,50,0.006907031357922365,2578,0.35612653681447715
valve_0118_lidar_classes.ply,13/valve_0118_lidar_classes.ply,8957,0,9,10,1387,0.1548509545606788,758,0.08462654906776823,508,0.05671541810874177,1098,0.12258568717204421,84,0.009378140002232891,142,0.01585352238472703,851,0.09500948978452607,883,0.09858211454728145,44,0.004912359048788657,3202,0.3574857653232109
valve_0119_lidar_classes.ply,13/valve_0119_lidar_classes.ply,7732,0,9,10,1293,0.16722710812209002,957,0.12377133988618727,371,0.04798241076047594,502,0.06492498706673565,62,0.00801862390067253,70,0.009053285049146405,656,0.08484221417485774,949,0.12273667873771339,50,0.006466632177961717,2822,0.3649767201241593
valve_0120_lidar_classes.ply,13/valve_0120_lidar_classes.ply,8173,0,9,10,1197,0.14645784901504955,934,0.11427872262327175,519,0.0635017741343448,999,0.1222317386516579,54,0.006607121008197724,116,0.014193074758350667,761,0.09311146457849015,889,0.10877278844977364,44,0.005383580080753701,2660,0.3254618867001101
valve_0121_lidar_classes.ply,13/valve_0121_lidar_classes.ply,7379,0,9,10,1091,0.14785201246781407,1047,0.14188914487057866,496,0.06721778018701721,348,0.047160861905407234,50,0.0067759859059493156,67,0.009079821113972084,482,0.0653205041333514,817,0.11071960970321182,45,0.006098387315354384,2936,0.3978858923973438
valve_0122_lidar_classes.ply,13/valve_0122_lidar_classes.ply,8517,0,9,10,1578,0.1852765058119056,993,0.11659034871433603,489,0.057414582599506866,483,0.05671010919337795,76,0.008923329810966303,102,0.011976047904191617,854,0.10027004813901609,689,0.08089702947047082,58,0.0068099095925795465,3195,0.3751320887636492
valve_0123_lidar_classes.ply,13/valve_0123_lidar_classes.ply,7665,0,9,10,1324,0.17273320287018917,894,0.11663405088062623,402,0.05244618395303327,671,0.08754076973255055,48,0.0062622309197651665,82,0.010697977821265492,694,0.09054142204827137,731,0.09536855838225701,44,0.0057403783431180695,2775,0.36203522504892366
valve_0124_lidar_classes.ply,13/valve_0124_lidar_classes.ply,7150,0,9,10,1181,0.16517482517482518,937,0.13104895104895106,388,0.054265734265734264,657,0.09188811188811188,61,0.008531468531468531,67,0.009370629370629371,679,0.09496503496503496,504,0.07048951048951049,51,0.007132867132867133,2625,0.36713286713286714
valve_0125_lidar_classes.ply,13/valve_0125_lidar_classes.ply,7676,0,9,10,1360,0.1771756122980719,770,0.1003126628452319,486,0.06331422615945805,784,0.10213652944241793,68,0.008858780614903595,102,0.013288170922355394,734,0.09562272016675352,789,0.10278791036998437,45,0.005862428348097967,2538,0.3306409588327254
valve_0126_lidar_classes.ply,13/valve_0126_lidar_classes.ply,6961,0,9,10,1046,0.1502657664128717,714,0.10257146961643442,448,0.0643585691710961,293,0.04209165349806062,58,0.008332136187329406,79,0.011348944117224537,499,0.07168510271512714,751,0.10788679787386869,34,0.004884355696020686,3039,0.43657520471196665
valve_0127_lidar_classes.ply,13/valve_0127_lidar_classes.ply,8512,0,9,10,1415,0.16623590225563908,940,0.11043233082706767,495,0.058153195488721804,464,0.05451127819548872,57,0.006696428571428571,115,0.013510338345864662,809,0.0950422932330827,630,0.07401315789473684,58,0.00681390977443609,3529,0.41459116541353386
valve_0128_lidar_classes.ply,13/valve_0128_lidar_classes.ply,7073,0,9,10,1158,0.1637211932701824,952,0.1345963523257458,380,0.05372543475187332,670,0.09472642443093454,47,0.006644987982468542,84,0.011876148734624628,632,0.08935388095574721,420,0.05938074367312315,43,0.00607945709034356,2687,0.3798953767849569
valve_0129_lidar_classes.ply,13/valve_0129_lidar_classes.ply,7836,0,9,10,1341,0.17113323124042878,816,0.10413476263399694,505,0.06444614599285349,968,0.12353241449719245,70,0.008933129147524248,104,0.013272077590607452,793,0.10119959162838182,638,0.08141909137314957,49,0.006253190403266973,2552,0.32567636549259826
valve_0130_lidar_classes.ply,13/valve_0130_lidar_classes.ply,8773,0,9,10,1638,0.18670922147498006,1025,0.11683574603898324,493,0.05619514419240853,976,0.11125042744785137,101,0.01151259546335347,106,0.012082525931836317,900,0.10258748432691212,788,0.08982104183289638,48,0.005471332497435313,2698,0.3075344807933432
valve_0131_lidar_classes.ply,13/valve_0131_lidar_classes.ply,7780,0,9,10,1396,0.1794344473007712,1007,0.12943444730077122,472,0.060668380462724936,460,0.05912596401028278,63,0.008097686375321336,85,0.010925449871465296,611,0.07853470437017995,940,0.12082262210796915,51,0.0065552699228791774,2695,0.34640102827763497
valve_0132_lidar_classes.ply,13/valve_0132_lidar_classes.ply,7286,0,9,10,1083,0.14864122975569585,871,0.11954433159483942,451,0.06189953335163327,293,0.04021410925061762,48,0.006587976942080703,88,0.012077957727147955,509,0.06986000548998078,742,0.10183914356299753,37,0.005078232226187208,3164,0.43425748009881965
valve_0133_lidar_classes.ply,13/valve_0133_lidar_classes.ply,7048,0,9,10,1310,0.1858683314415437,791,0.11223041997729852,471,0.06682746878547105,784,0.1112372304199773,72,0.01021566401816118,87,0.012343927355278093,682,0.0967650397275823,668,0.09477866061293984,51,0.007236095346197503,2132,0.3024971623155505
valve_0134_lidar_classes.ply,13/valve_0134_lidar_classes.ply,7985,0,9,10,1291,0.16167814652473386,845,0.1058234189104571,397,0.04971822166562304,409,0.05122103944896681,52,0.006512210394489668,91,0.01139636819035692,751,0.09405134627426424,619,0.07752035065748278,46,0.005760801502817783,3484,0.43631809643080777
valve_0135_lidar_classes.ply,13/valve_0135_lidar_classes.ply,8149,0,9,10,1554,0.1906982451834581,938,0.11510614799361885,536,0.06577494171063934,905,0.11105657135844889,85,0.010430727696649897,113,0.01386673211436986,845,0.10369370474904896,619,0.07596024052030924,47,0.005767578844029942,2507,0.30764510982942694
valve_0136_lidar_classes.ply,13/valve_0136_lidar_classes.ply,8003,0,9,10,1301,0.1625640384855679,792,0.09896288891665625,476,0.05947769586405098,1007,0.12582781456953643,62,0.007747094839435212,85,0.010621017118580533,779,0.0973384980632263,601,0.07509683868549294,49,0.006122703986005248,2851,0.3562414094714482
valve_0137_lidar_classes.ply,13/valve_0137_lidar_classes.ply,6957,0,9,10,1152,0.16558861578266496,843,0.12117291936179388,462,0.06640793445450625,647,0.09299985625988214,53,0.007618226246945523,86,0.012361650136553113,654,0.09400603708495041,544,0.07819462411959177,40,0.005749604714675866,2476,0.3559005318384361
valve_0138_lidar_classes.ply,13/valve_0138_lidar_classes.ply,8462,0,9,10,1406,0.16615457338690617,851,0.10056724178681163,496,0.058614984637201606,977,0.11545733869061688,102,0.012053887969747105,125,0.014771921531552825,856,0.10115811864807374,871,0.10293074923186007,48,0.0056724178681162845,2730,0.3226187662491137
valve_0139_lidar_classes.ply,13/valve_0139_lidar_classes.ply,7908,0,9,10,1254,0.15857359635811835,919,0.11621143146181083,499,0.06310065756196256,789,0.09977238239757208,63,0.007966616084977238,116,0.014668689934243804,746,0.09433485078401618,790,0.09989883662114314,38,0.0048052604957005566,2694,0.34066767830045525
valve_0140_lidar_classes.ply,13/valve_0140_lidar_classes.ply,6944,0,9,10,1095,0.1576900921658986,772,0.11117511520737328,395,0.05688364055299539,307,0.04421082949308756,43,0.006192396313364055,77,0.011088709677419355,473,0.06811635944700462,739,0.10642281105990783,34,0.004896313364055299,3009,0.433323732718894
valve_0141_lidar_classes.ply,13/valve_0141_lidar_classes.ply,7809,0,9,10,1260,0.16135228582404917,1007,0.12895377128953772,512,0.06556537328723268,524,0.0671020617236522,42,0.005378409527468306,83,0.010628761685234986,651,0.08336534767575873,623,0.0797797413241132,43,0.005506466897169932,3064,0.39236778076578305
valve_0142_lidar_classes.ply,13/valve_0142_lidar_classes.ply,8400,0,9,10,1326,0.15785714285714286,941,0.11202380952380953,523,0.06226190476190476,933,0.11107142857142857,97,0.011547619047619048,105,0.0125,849,0.10107142857142858,647,0.07702380952380952,55,0.006547619047619048,2924,0.34809523809523807
valve_0143_lidar_classes.ply,13/valve_0143_lidar_classes.ply,8645,0,9,10,1236,0.14297281665702719,923,0.10676691729323308,509,0.058877964141122036,1210,0.1399652978600347,103,0.011914401388085598,121,0.01399652978600347,880,0.10179294389820706,649,0.0750722961249277,53,0.006130711393869288,2961,0.3425101214574899
valve_0144_lidar_classes.ply,13/valve_0144_lidar_classes.ply,7703,0,9,10,1126,0.14617681422822276,902,0.11709723484356745,460,0.05971699337920291,264,0.034272361417629495,42,0.005452421134622874,83,0.010775022718421394,574,0.07451642217317928,807,0.1047643775152538,39,0.005062962482149812,3406,0.44216539010775024
valve_0145_lidar_classes.ply,13/valve_0145_lidar_classes.ply,7449,0,9,10,1289,0.1730433615250369,943,0.12659417371459256,489,0.06564639548932742,343,0.046046449187810444,82,0.011008189018660222,78,0.010471204188481676,629,0.08444086454557659,605,0.0812189555645053,42,0.005638340716874748,2949,0.39589206604913413
valve_0146_lidar_classes.ply,13/valve_0146_lidar_classes.ply,8000,0,9,10,1413,0.176625,922,0.11525,494,0.06175,446,0.05575,63,0.007875,87,0.010875,653,0.081625,914,0.11425,58,0.00725,2950,0.36875
valve_0147_lidar_classes.ply,13/valve_0147_lidar_classes.ply,7559,0,9,10,1209,0.15994179124222782,844,0.11165498081756846,375,0.04960973673766371,725,0.09591215769281651,41,0.0054239978833179,72,0.009525069453631433,702,0.09286942717290647,673,0.08903294086519381,45,0.005953168408519645,2873,0.38007672972615425
valve_0148_lidar_classes.ply,13/valve_0148_lidar_classes.ply,8558,0,9,10,1591,0.18590792241177845,951,0.11112409441458285,468,0.05468567422294929,389,0.045454545454545456,81,0.009464828230895068,123,0.01437251694321103,794,0.0927786866090208,660,0.07712082262210797,60,0.0070109838747370885,3441,0.40207992521617203
valve_0149_lidar_classes.ply,13/valve_0149_lidar_classes.ply,7630,0,9,10,1163,0.15242463958060287,1025,0.1343381389252949,514,0.0673656618610747,294,0.03853211009174312,79,0.01035386631716907,74,0.009698558322411533,566,0.07418086500655308,815,0.10681520314547838,49,0.006422018348623854,3051,0.3998689384010485
valve_0150_lidar_classes.ply,13/valve_0150_lidar_classes.ply,8586,0,9,10,1383,0.1610761705101328,865,0.10074539948753786,503,0.05858374097367808,1066,0.12415560214302353,103,0.011996273002562311,141,0.01642208245981831,853,0.09934777544840438,862,0.10039599347775448,49,0.005706964826461682,2761,0.3215699976706266
valve_0151_lidar_classes.ply,13/valve_0151_lidar_classes.ply,8210,0,9,10,1358,0.1654080389768575,928,0.11303288672350792,557,0.06784409257003654,1148,0.13982947624847747,82,0.009987819732034105,99,0.012058465286236298,759,0.09244823386114495,892,0.10864799025578563,47,0.005724725943970767,2340,0.2850182704019488
valve_0152_lidar_classes.ply,13/valve_0152_lidar_classes.ply,7631,0,9,10,1076,0.14100380028829773,974,0.12763726903420258,494,0.06473594548551959,335,0.043899882060018346,51,0.006683265627047569,56,0.00733848774734635,520,0.06814310051107325,818,0.10719433888088062,45,0.005896999082689032,3262,0.4274669112829249
valve_0153_lidar_classes.ply,13/valve_0153_lidar_classes.ply,7825,0,9,10,1256,0.1605111821086262,818,0.10453674121405751,435,0.05559105431309904,827,0.10568690095846646,57,0.007284345047923323,77,0.009840255591054312,632,0.0807667731629393,601,0.07680511182108626,46,0.005878594249201278,3076,0.3930990415335463
valve_0154_lidar_classes.ply,13/valve_0154_lidar_classes.ply,7005,0,9,10,1226,0.17501784439685938,879,0.12548179871520343,487,0.06952177016416845,585,0.0835117773019272,55,0.007851534618129907,89,0.01270521056388294,647,0.09236259814418273,442,0.06309778729478943,43,0.006138472519628836,2552,0.3643112062812277
valve_0155_lidar_classes.ply,13/valve_0155_lidar_classes.ply,8960,0,9,10,1697,0.18939732142857144,954,0.10647321428571428,559,0.06238839285714286,954,0.10647321428571428,78,0.008705357142857143,112,0.0125,907,0.10122767857142857,707,0.07890625,53,0.005915178571428571,2939,0.32801339285714287
valve_0156_lidar_classes.ply,13/valve_0156_lidar_classes.ply,7880,0,9,10,1338,0.1697969543147208,986,0.1251269035532995,512,0.0649746192893401,610,0.07741116751269035,69,0.008756345177664975,85,0.010786802030456852,658,0.08350253807106599,579,0.0734771573604061,48,0.006091370558375634,2995,0.3800761421319797
valve_0157_lidar_classes.ply,13/valve_0157_lidar_classes.ply,7650,0,9,10,1129,0.14758169934640522,784,0.10248366013071895,522,0.06823529411764706,537,0.07019607843137254,67,0.008758169934640523,82,0.010718954248366013,610,0.07973856209150326,662,0.0865359477124183,43,0.005620915032679739,3214,0.42013071895424836
valve_0158_lidar_classes.ply,13/valve_0158_lidar_classes.ply,7501,0,9,10,1209,0.1611785095320624,850,0.11331822423676843,481,0.06412478336221837,711,0.09478736168510865,52,0.006932409012131715,84,0.011198506865751233,684,0.09118784162111719,531,0.07079056125849886,43,0.005732568990801226,2856,0.3807492334355419
valve_0159_lidar_classes.ply,13/valve_0159_lidar_classes.ply,7448,0,9,10,1081,0.14513963480128894,1020,0.13694951664876476,425,0.05706229860365199,279,0.037459720730397425,64,0.008592910848549946,91,0.012218045112781954,558,0.07491944146079485,860,0.11546723952738991,41,0.00550483351235231,3029,0.4066863587540279
valve_0160_lidar_classes.ply,13/valve_0160_lidar_classes.ply,8323,0,9,10,1291,0.1551123393007329,960,0.11534302535143579,557,0.06692298450078096,1088,0.13072209539829388,93,0.011173855580920341,105,0.012615643397813289,841,0.10104529616724739,636,0.07641475429532621,57,0.006848492130241499,2695,0.32380151387720774
valve_0161_lidar_classes.ply,13/valve_0161_lidar_classes.ply,7334,0,9,10,1335,0.1820289064630488,853,0.11630760839923643,427,0.05822197982001636,607,0.08276520316334879,31,0.004226888464685029,82,0.011180801745295883,709,0.0966730297245705,628,0.0856285792200709,47,0.006408508317425688,2615,0.3565584946823016
valve_0162_lidar_classes.ply,13/valve_0162_lidar_classes.ply,8439,0,9,10,1281,0.15179523640241735,782,0.0926650077023344,513,0.0607891930323498,428,0.05071690958644389,53,0.0062803649721530986,102,0.012086740135087096,808,0.09574594146225857,694,0.08223723189951417,57,0.0067543547813722,3721,0.44092902002606943
valve_0163_lidar_classes.ply,13/valve_0163_lidar_classes.ply,7619,0,9,10,1241,0.1628822680141751,793,0.1040819005118782,426,0.0559128494553091,648,0.08505053156582229,36,0.004725029531434571,97,0.012731329570809817,723,0.09489434308964431,652,0.0855755348470928,38,0.004987531172069825,2965,0.38915868224176403
valve_0164_lidar_classes.ply,13/valve_0164_lidar_classes.ply,7635,0,9,10,1389,0.18192534381139489,976,0.1278323510150622,412,0.05396201702685003,411,0.05383104125736739,75,0.009823182711198428,66,0.008644400785854617,721,0.09443352979698756,921,0.1206286836935167,60,0.007858546168958742,2604,0.34106090373280945
valve_0165_lidar_classes.ply,13/valve_0165_lidar_classes.ply,8519,0,9,10,1380,0.16199084399577415,881,0.10341589388425872,461,0.05411433266815354,496,0.05822279610282897,85,0.00997769691278319,133,0.015612161051766639,859,0.1008334311538913,648,0.07606526587627656,64,0.007512618851977931,3512,0.412254959502289
valve_0166_lidar_classes.ply,13/valve_0166_lidar_classes.ply,7817,0,9,10,1438,0.18395804016886275,921,0.1178201356018933,410,0.05244978892158117,506,0.06473071510809773,67,0.00857106306767302,101,0.012920557758730971,729,0.09325828322886018,591,0.07560445183574262,50,0.006396315722144045,3004,0.3842906485864142
valve_0167_lidar_classes.ply,13/valve_0167_lidar_classes.ply,8301,0,9,10,1320,0.1590169859053126,1011,0.12179255511384171,402,0.04842790025298157,403,0.0485483676665462,77,0.00927599084447657,79,0.00951692567160583,816,0.0983014094687387,718,0.08649560293940489,59,0.007107577400313215,3416,0.4115166847367787
valve_0168_lidar_classes.ply,13/valve_0168_lidar_classes.ply,7792,0,9,10,1287,0.1651694045174538,875,0.1122946611909651,510,0.0654517453798768,863,0.11075462012320328,78,0.010010266940451745,99,0.012705338809034907,750,0.09625256673511294,761,0.09766427104722793,42,0.0053901437371663245,2527,0.3243069815195072
valve_0169_lidar_classes.ply,13/valve_0169_lidar_classes.ply,7166,0,9,10,1236,0.1724811610382361,856,0.11945297236952275,411,0.057354172481161037,668,0.09321797376500139,61,0.008512419759977673,82,0.011442924923248674,624,0.08707786770862405,428,0.059726486184761375,42,0.005861010326542004,2758,0.3848730114429249
valve_0170_lidar_classes.ply,13/valve_0170_lidar_classes.ply,8030,0,9,10,1380,0.1718555417185554,1015,0.12640099626400997,425,0.05292652552926526,361,0.04495641344956414,61,0.007596513075965131,61,0.007596513075965131,628,0.07820672478206725,926,0.1153175591531756,43,0.005354919053549191,3130,0.38978829389788294
valve_0171_lidar_classes.ply,13/valve_0171_lidar_classes.ply,7023,0,9,10,955,0.13598177417058238,748,0.10650719065926242,339,0.04826997009824861,338,0.048127580805923394,55,0.007831411077886943,80,0.011391143386017372,505,0.07190659262423466,713,0.10152356542787982,36,0.0051260145237078175,3254,0.4633347572262566
valve_0172_lidar_classes.ply,13/valve_0172_lidar_classes.ply,8361,0,9,10,1304,0.15596220547781367,795,0.0950843200574094,490,0.05860542997249133,476,0.05693098911613444,49,0.005860542997249133,114,0.013634732687477575,785,0.09388829087429733,699,0.08360243989953355,52,0.006219351752182753,3597,0.43021169716541086
valve_0173_lidar_classes.ply,13/valve_0173_lidar_classes.ply,8774,0,9,10,1315,0.14987462958741737,1062,0.12103943469341236,495,0.056416685662183726,1152,0.13129701390471848,94,0.010713471620697515,119,0.013562799179393664,876,0.09984043765671302,724,0.08251652609984043,57,0.006496466833827217,2880,0.3282425347617962
valve_0174_lidar_classes.ply,13/valve_0174_lidar_classes.ply,6926,0,9,10,1070,0.1544903263066705,940,0.1357204735778227,427,0.06165174704013861,670,0.09673693329483107,53,0.007652324574068727,91,0.013138896910193473,608,0.08778515737799596,394,0.056887092116661854,45,0.006497256713831938,2628,0.37943979208778517
valve_0175_lidar_classes.ply,13/valve_0175_lidar_classes.ply,8099,0,9,10,1351,0.16681071737251513,849,0.10482775651314977,560,0.06914433880726016,954,0.11779232003951105,80,0.00987776268675145,88,0.010865538955426596,820,0.10124706753920237,623,0.07692307692307693,51,0.0062970737128040495,2723,0.3362143474503025
valve_0176_lidar_classes.ply,13/valve_0176_lidar_classes.ply,6918,0,9,10,1059,0.1530789245446661,804,0.11621856027753687,464,0.06707140792136455,624,0.09019947961838681,44,0.006360219716681122,101,0.014599595258745303,611,0.08832032379300375,399,0.05767562879444926,42,0.006071118820468344,2770,0.4004047412546979
valve_0177_lidar_classes.ply,13/valve_0177_lidar_classes.ply,8180,0,9,10,1308,0.15990220048899756,888,0.10855745721271394,478,0.05843520782396088,456,0.05574572127139364,84,0.010268948655256724,122,0.01491442542787286,833,0.10183374083129584,685,0.08374083129584352,45,0.005501222493887531,3281,0.4011002444987775
valve_0178_lidar_classes.ply,13/valve_0178_lidar_classes.ply,8609,0,9,10,1428,0.1658729236845162,989,0.1148797769775816,487,0.05656870716691834,947,0.11000116157509583,65,0.007550238122894645,114,0.013241956092461378,895,0.10396097107678011,664,0.07712858636310838,49,0.005691717969566732,2971,0.34510396097107676
valve_0179_lidar_classes.ply,13/valve_0179_lidar_classes.ply,7902,0,9,10,1168,0.14781068084029358,953,0.12060237914452038,516,0.06529992406985573,321,0.04062262718299165,50,0.006327512022272842,102,0.012908124525436599,613,0.07757529739306504,825,0.1044039483675019,38,0.00480890913692736,3316,0.4196405973171349
valve_0180_lidar_classes.ply,13/valve_0180_lidar_classes.ply,8783,0,9,10,1606,0.1828532392121143,755,0.08596151656609359,498,0.056700444039621996,972,0.11066833655926221,79,0.008994648753273368,138,0.015712171239895253,841,0.09575315951269497,894,0.10178754411932142,47,0.005351246726630992,2953,0.33621769327109186
valve_0181_lidar_classes.ply,13/valve_0181_lidar_classes.ply,7439,0,9,10,1109,0.14907917730877807,858,0.11533808307568222,555,0.07460680198951472,348,0.0467804812474795,22,0.002957386745530313,82,0.011022986960612985,484,0.06506250840166689,775,0.10418066944481785,39,0.005242640139803737,3167,0.4257292646861137
valve_0182_lidar_classes.ply,13/valve_0182_lidar_classes.ply,6789,0,9,10,1132,0.16674031521579025,875,0.12888496096626897,266,0.039181028133745764,278,0.04094859331271174,50,0.007364854912358227,75,0.01104728236853734,497,0.07320665782884077,754,0.11106201207836205,34,0.005008101340403594,2828,0.4165561938429813
valve_0183_lidar_classes.ply,13/valve_0183_lidar_classes.ply,8290,0,9,10,1472,0.1775633293124246,1038,0.12521109770808203,442,0.053317249698431844,411,0.04957780458383595,52,0.006272617611580217,103,0.012424607961399277,773,0.09324487334137516,701,0.08455971049457177,67,0.008082026537997588,3231,0.38974668275030155
valve_0184_lidar_classes.ply,13/valve_0184_lidar_classes.ply,8111,0,9,10,1358,0.16742695105412403,901,0.11108371347552706,411,0.050671927012698806,421,0.051904820613981016,63,0.007767229688077919,89,0.010972753051411663,666,0.08211071384539514,903,0.1113302921957835,54,0.0066576254469239305,3245,0.40007397361607694
valve_0185_lidar_classes.ply,13/valve_0185_lidar_classes.ply,7747,0,9,10,1173,0.15141345036788434,860,0.11101071382470634,423,0.05460178133471021,771,0.09952239576610301,60,0.00774493352265393,75,0.009681166903317414,742,0.0957790112301536,738,0.09526268232864335,42,0.005421453465857751,2863,0.36956241125597006
valve_0186_lidar_classes.ply,13/valve_0186_lidar_classes.ply,7779,0,9,10,1399,0.17984316750224966,868,0.1115824656125466,447,0.05746239876590822,576,0.07404550713459314,51,0.006556112610875434,96,0.012340917855765523,669,0.08600077130736598,551,0.07083172644298753,42,0.005399151561897416,3080,0.3959377812058105
valve_0187_lidar_classes.ply,13/valve_0187_lidar_classes.ply,7130,0,9,10,1092,0.15315568022440393,823,0.11542776998597476,432,0.0605890603085554,698,0.09789621318373072,57,0.007994389901823282,71,0.009957924263674615,707,0.09915848527349229,529,0.07419354838709677,42,0.005890603085553997,2679,0.37573632538569424
valve_0188_lidar_classes.ply,13/valve_0188_lidar_classes.ply,6854,0,9,10,1038,0.15144441202217684,847,0.12357747300846221,354,0.051648672308141234,305,0.044499562299387216,55,0.008024511234315728,81,0.011817916545083164,512,0.07470090458126641,735,0.10723665013131019,36,0.005252407353370295,2891,0.42179749051648674
valve_0189_lidar_classes.ply,13/valve_0189_lidar_classes.ply,8323,0,9,10,1363,0.16376306620209058,902,0.10837438423645321,537,0.06452000480595939,1011,0.12147062357323081,94,0.01129400456566142,106,0.012735792382554368,849,0.10200648804517602,659,0.07917818094437103,60,0.0072089390844647366,2742,0.32944851616003845
valve_0190_lidar_classes.ply,13/valve_0190_lidar_classes.ply,8704,0,9,10,1506,0.17302389705882354,840,0.09650735294117647,529,0.060776654411764705,1126,0.1293658088235294,71,0.00815716911764706,111,0.012752757352941176,816,0.09375,906,0.10409007352941177,40,0.004595588235294118,2759,0.31698069852941174
valve_0191_lidar_classes.ply,13/valve_0191_lidar_classes.ply,7324,0,9,10,1137,0.1552430365920262,921,0.12575095576187875,537,0.0733205898416166,330,0.04505734571272529,31,0.004232659748771164,85,0.011605679956308028,490,0.06690333151283452,782,0.10677225559803386,38,0.005188421627525942,2973,0.4059257236482796
valve_0192_lidar_classes.ply,13/valve_0192_lidar_classes.ply,7674,0,9,10,1274,0.16601511597602295,801,0.10437842064112587,523,0.06815220224133438,603,0.07857701329163409,60,0.007818608287724784,89,0.011597602293458431,675,0.08795934323690383,497,0.06476413864998697,42,0.00547302580140735,3110,0.4052645295804014
valve_0193_lidar_classes.ply,13/valve_0193_lidar_classes.ply,7793,0,9,10,1266,0.1624534838958039,819,0.10509431541126651,444,0.056974207622225076,455,0.05838573078403696,72,0.009239060695495958,81,0.010393943282432953,633,0.08122674194790196,941,0.12074939047863467,48,0.006159373796997305,3034,0.38932375208520464
valve_0194_lidar_classes.ply,13/valve_0194_lidar_classes.ply,8228,0,9,10,1392,0.16917841516771998,863,0.10488575595527468,545,0.06623723869713175,988,0.12007778317938746,68,0.008264462809917356,117,0.014219737481769567,822,0.09990277102576568,641,0.07790471560525036,53,0.006441419543023821,2739,0.33288770053475936
valve_0195_lidar_classes.ply,13/valve_0195_lidar_classes.ply,7448,0,9,10,1139,0.15292696025778732,930,0.12486573576799141,407,0.054645542427497314,746,0.10016111707841031,49,0.006578947368421052,94,0.012620837808807734,700,0.09398496240601503,589,0.07908163265306123,50,0.006713211600429645,2744,0.3684210526315789
valve_0196_lidar_classes.ply,13/valve_0196_lidar_classes.ply,8393,0,9,10,1439,0.17145240081019897,900,0.10723221732396045,484,0.057667103538663174,459,0.05468843083521983,48,0.005719051590611223,106,0.012629572262599786,795,0.0947217919694984,693,0.08256880733944955,55,0.00655307994757536,3414,0.4067675443822233
valve_0197_lidar_classes.ply,13/valve_0197_lidar_classes.ply,7411,0,9,10,1372,0.1851302118472541,868,0.1171231952503036,468,0.06314937255431116,640,0.0863581163135879,55,0.007421400620698961,97,0.013088652003778168,686,0.09256510592362704,726,0.09796248819322628,45,0.00607205505329915,2454,0.33112940223991366
valve_0198_lidar_classes.ply,13/valve_0198_lidar_classes.ply,7542,0,9,10,1106,0.14664545213471228,834,0.1105807478122514,386,0.05118005833996288,710,0.09413948554760011,64,0.008485812781755503,77,0.010209493503049588,691,0.09162025987801645,709,0.09400689472288518,49,0.0064969504110315565,2916,0.38663484486873506
valve_0199_lidar_classes.ply,13/valve_0199_lidar_classes.ply,7574,0,9,10,1004,0.13255875363084235,902,0.11909162925798786,505,0.06667546870874043,297,0.03921309743860576,71,0.009374174808555584,83,0.010958542381832585,551,0.07274887773963559,731,0.0965143913387906,42,0.005545286506469501,3388,0.44731977818853974
valve_0200_lidar_classes.ply,13/valve_0200_lidar_classes.ply,7143,0,9,10,1083,0.15161696766064678,936,0.13103737925241496,405,0.056698866022679546,726,0.10163796724065519,61,0.008539829203415932,83,0.011619767604647908,652,0.09127817443651128,444,0.0621587568248635,47,0.006579868402631948,2706,0.37883242335153294
valve_0201_lidar_classes.ply,13/valve_0201_lidar_classes.ply,7770,0,9,10,1263,0.16254826254826255,915,0.11776061776061776,486,0.06254826254826255,853,0.10978120978120978,62,0.00797940797940798,125,0.016087516087516088,769,0.09897039897039897,877,0.11287001287001287,37,0.004761904761904762,2383,0.3066924066924067
valve_0202_lidar_classes.ply,13/valve_0202_lidar_classes.ply,9058,0,9,10,1578,0.17421064252594393,1049,0.11580922941046588,496,0.054758224773680725,1056,0.1165820269375138,74,0.008169573857363657,133,0.014683153013910355,909,0.10035327886950762,737,0.08136453963347318,50,0.005519982336056524,2976,0.32854934864208435
valve_0203_lidar_classes.ply,13/valve_0203_lidar_classes.ply,7201,0,9,10,1126,0.15636717122621857,1003,0.1392862102485766,472,0.0655464518816831,247,0.03430079155672823,68,0.009443132898208582,87,0.012081655325649216,532,0.07387862796833773,747,0.10373559227885015,42,0.005832523260658242,2877,0.39952784335508956
valve_0204_lidar_classes.ply,13/valve_0204_lidar_classes.ply,6945,0,9,10,930,0.13390928725701945,715,0.1029517638588913,527,0.07588192944564434,345,0.04967602591792657,49,0.007055435565154787,73,0.010511159107271418,454,0.06537077033837294,764,0.11000719942404608,40,0.005759539236861051,3048,0.43887688984881207
valve_0205_lidar_classes.ply,13/valve_0205_lidar_classes.ply,7513,0,9,10,1154,0.1536004259283908,742,0.0987621456142686,507,0.06748302941567949,843,0.11220551044855584,76,0.01011579928124584,103,0.013709570078530547,744,0.09902835085851192,805,0.10714761080793292,41,0.005457207506987888,2498,0.3324903500598962
valve_0206_lidar_classes.ply,13/valve_0206_lidar_classes.ply,8043,0,9,10,1306,0.16237722242944175,987,0.1227154046997389,447,0.05557627750839239,410,0.050976003978614945,36,0.004475941812756434,61,0.007584234738281736,573,0.0712420738530399,914,0.11363918935720502,45,0.005594927265945543,3264,0.40581872435658334
valve_0207_lidar_classes.ply,13/valve_0207_lidar_classes.ply,8389,0,9,10,1451,0.17296459649541066,951,0.11336273691739182,419,0.04994635832637978,451,0.05376087733937299,80,0.009536297532483013,124,0.01478126117534867,837,0.09977351293360352,652,0.07772082488973656,59,0.007033019430206223,3365,0.40112051496006673
valve_0208_lidar_classes.ply,13/valve_0208_lidar_classes.ply,7618,0,9,10,1343,0.17629299028616435,932,0.12234182200052507,430,0.05644526122341822,630,0.08269887109477553,61,0.00800735101076398,91,0.011945392491467578,691,0.09070622210553951,518,0.06799684956681544,43,0.005644526122341822,2879,0.3779207140981885
valve_0209_lidar_classes.ply,13/valve_0209_lidar_classes.ply,8194,0,9,10,1299,0.1585306321698804,897,0.10947034415425921,552,0.06736636563339028,974,0.11886746399804735,70,0.008542836221625579,119,0.014522821576763486,833,0.1016597510373444,628,0.07664144495972663,54,0.006590187942396876,2768,0.3378081523065658
valve_0210_lidar_classes.ply,13/valve_0210_lidar_classes.ply,7473,0,9,10,1303,0.1743610330523217,1022,0.13675899906329453,436,0.05834336946340158,299,0.04001070520540613,83,0.011106650608858558,80,0.01070520540612873,608,0.08135956108657835,708,0.09474106784423926,43,0.005754047905794192,2891,0.386859360363977
valve_0211_lidar_classes.ply,13/valve_0211_lidar_classes.ply,7034,0,9,10,1055,0.14998578333807222,735,0.10449246516917828,454,0.06454364515211829,616,0.08757463747512084,57,0.008103497298834235,64,0.009098663633778788,665,0.09454080181973272,557,0.07918680693773102,42,0.00597099800966733,2789,0.3965027011657663
valve_0212_lidar_classes.ply,13/valve_0212_lidar_classes.ply,7284,0,9,10,987,0.13550247116968697,777,0.10667215815485996,403,0.055326743547501375,771,0.1058484349258649,54,0.007413509060955519,73,0.010021965952773201,703,0.09651290499725426,616,0.08456891817682592,48,0.006589785831960461,2852,0.3915431081823174
valve_0213_lidar_classes.ply,13/valve_0213_lidar_classes.ply,7094,0,9,10,1026,0.1446292641669016,945,0.13321116436425148,376,0.0530025373555117,339,0.047786862137017196,62,0.008739780095855652,97,0.013673526924161263,497,0.07005920496193967,744,0.10487736115026783,37,0.005215675218494502,2971,0.4188046236255991
valve_0214_lidar_classes.ply,13/valve_0214_lidar_classes.ply,7002,0,9,10,1196,0.17080834047415025,776,0.11082547843473294,478,0.06826620965438446,632,0.09025992573550415,61,0.008711796629534418,86,0.01228220508426164,669,0.09554413024850043,510,0.0728363324764353,44,0.006283918880319908,2550,0.36418166238217653
valve_0215_lidar_classes.ply,13/valve_0215_lidar_classes.ply,8543,0,9,10,1446,0.1692613835889032,1037,0.12138593000117055,437,0.051152990752663,487,0.057005735690038625,66,0.00772562331733583,110,0.012876038862226383,887,0.10382769518904367,677,0.07924616645206602,48,0.005618635139880604,3348,0.39189980100667215
valve_0216_lidar_classes.ply,13/valve_0216_lidar_classes.ply,8472,0,9,10,1335,0.15757790368271954,852,0.10056657223796034,458,0.054060434372049104,441,0.052053824362606235,56,0.0066100094428706326,79,0.009324834749763929,829,0.09785174693106705,667,0.07872993389990557,58,0.006846081208687441,3697,0.43637865911237017
valve_0217_lidar_classes.ply,13/valve_0217_lidar_classes.ply,7513,0,9,10,1064,0.14162118993744177,963,0.12817782510315454,567,0.07546918674297884,311,0.041394915479834954,45,0.005989617995474511,97,0.012910954345800613,529,0.07041128710235592,736,0.09796352988153867,38,0.00505789964062292,3163,0.42100359377079727
valve_0218_lidar_classes.ply,13/valve_0218_lidar_classes.ply,7807,0,9,10,1361,0.1743307288330985,852,0.10913282951197643,447,0.057256308441142566,726,0.09299346740105034,68,0.008710131932880748,81,0.010375304214166773,747,0.09568336108620469,749,0.09593954143717177,47,0.006020238247726399,2729,0.3495580888945818
valve_0219_lidar_classes.ply,13/valve_0219_lidar_classes.ply,6728,0,9,10,1052,0.15636147443519618,865,0.12856718192627825,312,0.04637336504161712,314,0.04667063020214031,47,0.006985731272294887,73,0.010850178359096314,489,0.07268133174791915,737,0.10954221165279429,30,0.0044589774078478,2809,0.4175089179548157
valve_0220_lidar_classes.ply,13/valve_0220_lidar_classes.ply,7029,0,9,10,1146,0.16303883909517713,859,0.12220799544743206,446,0.06345141556409162,628,0.08934414568217385,31,0.004410300184948072,83,0.01180822307582871,618,0.08792146820315834,418,0.0594679186228482,45,0.006402048655569782,2755,0.39194764546877225
valve_0221_lidar_classes.ply,13/valve_0221_lidar_classes.ply,8688,0,9,10,1381,0.1589548802946593,1046,0.12039594843462247,410,0.0471915285451197,506,0.05824125230202578,83,0.00955340699815838,116,0.013351749539594844,856,0.09852670349907919,687,0.07907458563535912,53,0.00610036832412523,3550,0.408609576427256
valve_0222_lidar_classes.ply,13/valve_0222_lidar_classes.ply,8123,0,9,10,1467,0.18059830112027575,917,0.11288932660347162,522,0.06426197217776683,1031,0.12692355041240921,65,0.008001969715622307,87,0.010710328696294473,776,0.09553120768189093,909,0.11190446879231811,47,0.005786039640526899,2302,0.2833928351594239
valve_0223_lidar_classes.ply,13/valve_0223_lidar_classes.ply,7686,0,9,10,1384,0.18006765547749154,1044,0.1358313817330211,466,0.06062971636742129,410,0.05334374186833203,78,0.01014832162373146,91,0.011839708561020037,628,0.08170699973978662,747,0.09718969555035128,49,0.006375227686703097,2789,0.36286755139214155
valve_0224_lidar_classes.ply,13/valve_0224_lidar_classes.ply,7108,0,9,10,1150,0.1617895329206528,745,0.10481148002250985,449,0.06316826111423748,611,0.08595948227349465,44,0.0061902082160945416,92,0.012943162633652222,591,0.08314575126617896,400,0.056274620146314014,45,0.006330894766460327,2981,0.41938660664040517
valve_0225_lidar_classes.ply,13/valve_0225_lidar_classes.ply,7414,0,9,10,1369,0.1846506609117885,711,0.09589964931211221,486,0.06555165902346911,829,0.11181548421904505,77,0.010385756676557863,86,0.011599676288103588,695,0.0937415700026976,658,0.08875101159967629,48,0.006474237928243863,2455,0.3311302940383059
valve_0226_lidar_classes.ply,13/valve_0226_lidar_classes.ply,8344,0,9,10,1403,0.16814477468839886,916,0.10977948226270375,560,0.06711409395973154,952,0.11409395973154363,73,0.008748801534036434,104,0.012464046021093002,798,0.09563758389261745,907,0.10870086289549377,38,0.004554170661553212,2593,0.31076222435282835
valve_0227_lidar_classes.ply,13/valve_0227_lidar_classes.ply,7564,0,9,10,1120,0.14806980433633,988,0.13061872025383395,507,0.06702802749867795,331,0.043759915388683235,61,0.008064516129032258,83,0.010973030142781597,557,0.07363828662083553,812,0.10735060814383923,44,0.005817028027498678,3061,0.40468006345848756
valve_0228_lidar_classes.ply,13/valve_0228_lidar_classes.ply,7169,0,9,10,1126,0.15706514158181056,862,0.12023992188589762,448,0.06249128190821593,648,0.0903891756172409,45,0.0062770260845306175,71,0.009903752266703864,688,0.0959687543590459,475,0.0662574975589343,46,0.0064165155530757426,2760,0.3849909331845446
valve_0229_lidar_classes.ply,13/valve_0229_lidar_classes.ply,7528,0,9,10,1134,0.1506376195536663,1037,0.13775239107332624,506,0.06721572794899043,302,0.040116896918172155,56,0.007438894792773645,82,0.010892667375132838,583,0.0774442082890542,765,0.10162061636556854,48,0.006376195536663124,3015,0.40050478214665247
valve_0230_lidar_classes.ply,13/valve_0230_lidar_classes.ply,7883,0,9,10,1436,0.18216415070404668,1055,0.1338322973487251,410,0.052010655841684635,425,0.05391348471394139,74,0.009387289103133325,77,0.009767854877584676,689,0.08740327286566028,932,0.11822910059621972,55,0.006977039198274768,2730,0.34631485475072943
valve_0231_lidar_classes.ply,13/valve_0231_lidar_classes.ply,8797,0,9,10,1447,0.16448789360009095,841,0.09560077299079231,523,0.059452085938388084,1049,0.11924519722632716,63,0.007161532340570649,113,0.01284528816642037,889,0.10105717858360805,751,0.08537001250426282,48,0.005456405592815732,3073,0.34932363305672387
valve_0232_lidar_classes.ply,13/valve_0232_lidar_classes.ply,7145,0,9,10,993,0.13897830650804757,783,0.10958712386284115,545,0.07627711686494051,321,0.044926522043386985,40,0.005598320503848845,88,0.01231630510846746,475,0.06648005598320504,765,0.10706787963610917,38,0.005318404478656403,3097,0.4334499650104969
valve_0233_lidar_classes.ply,13/valve_0233_lidar_classes.ply,7658,0,9,10,1335,0.174327500652912,921,0.12026638809088534,493,0.06437712196395926,512,0.0668581875163228,76,0.009924262209454165,80,0.010446591799425437,609,0.07952468007312614,686,0.08957952468007313,42,0.005484460694698354,2904,0.37921128231914336
valve_0234_lidar_classes.ply,13/valve_0234_lidar_classes.ply,7228,0,9,10,1123,0.15536801328168234,840,0.11621472053126729,454,0.06281128942999446,648,0.0896513558384062,50,0.00691754288876591,87,0.012036524626452685,657,0.09089651355838406,439,0.060736026563364694,42,0.005810736026563365,2888,0.39955727725511897
valve_0235_lidar_classes.ply,13/valve_0235_lidar_classes.ply,7431,0,9,10,1181,0.15892881173462522,980,0.13187996232001076,551,0.07414883595747544,359,0.04831112905396313,46,0.006190283945633158,91,0.012245996501143858,487,0.065536266989638,805,0.10832996904858028,37,0.004979141434531019,2894,0.3894496030143991
valve_0236_lidar_classes.ply,13/valve_0236_lidar_classes.ply,7507,0,9,10,1210,0.16118289596376714,1025,0.1365392300519515,527,0.0702011455974424,368,0.04902091381377381,44,0.00586119621686426,76,0.010123884374583721,490,0.06527241241507926,818,0.10896496603170375,42,0.0055947782070067936,2907,0.38723857732782735
valve_0237_lidar_classes.ply,13/valve_0237_lidar_classes.ply,8528,0,9,10,1547,0.18140243902439024,1051,0.12324108818011258,502,0.05886491557223265,436,0.05112570356472795,70,0.008208255159474672,84,0.009849906191369606,860,0.10084427767354597,632,0.07410881801125703,58,0.006801125703564728,3288,0.38555347091932457
valve_0238_lidar_classes.ply,13/valve_0238_lidar_classes.ply,7729,0,9,10,1332,0.1723379479880968,1013,0.13106482080476128,481,0.0622331478845905,604,0.07814723767628412,71,0.009186181912278431,81,0.010480010350627508,645,0.08345193427351533,646,0.08358131711735024,41,0.0053046965972312074,2815,0.36421270539526457
valve_0239_lidar_classes.ply,13/valve_0239_lidar_classes.ply,7501,0,9,10,1223,0.16304492734302092,879,0.11718437541661111,425,0.05665911211838422,689,0.09185441941074524,59,0.007865617917610986,80,0.010665244634048793,723,0.09638714838021598,618,0.08238901479802693,48,0.006399146780429276,2757,0.36755099320090656
valve_0240_lidar_classes.ply,13/valve_0240_lidar_classes.ply,8500,0,9,10,1574,0.1851764705882353,984,0.11576470588235294,557,0.06552941176470588,1017,0.11964705882352941,97,0.011411764705882352,119,0.014,874,0.1028235294117647,646,0.076,52,0.00611764705882353,2580,0.3035294117647059
valve_0241_lidar_classes.ply,13/valve_0241_lidar_classes.ply,8367,0,9,10,1401,0.167443528146289,892,0.10660929843432533,456,0.05449982072427393,384,0.04589458587307279,68,0.008127166248356639,105,0.01254930082466834,792,0.09465758336321262,681,0.08139117963427751,57,0.006812477590534241,3531,0.4220150591609896
valve_0242_lidar_classes.ply,13/valve_0242_lidar_classes.ply,6929,0,9,10,1133,0.1635156588252273,889,0.12830134218501948,431,0.06220233799971136,686,0.09900418530812527,63,0.00909222109972579,82,0.011834319526627219,629,0.09077789002742098,461,0.06653196709481887,49,0.007071727522008948,2506,0.3616683504113148
valve_0243_lidar_classes.ply,13/valve_0243_lidar_classes.ply,7539,0,9,10,1153,0.15293805544501923,773,0.10253349250563736,443,0.05876110890038467,414,0.05491444488658973,32,0.004244594773842684,75,0.009948269001193792,585,0.07759649820931158,922,0.12229738692134236,41,0.00543838705398594,3101,0.4113277623026927
valve_0244_lidar_classes.ply,13/valve_0244_lidar_classes.ply,6990,0,9,10,1092,0.15622317596566523,771,0.11030042918454935,474,0.06781115879828326,309,0.04420600858369099,47,0.006723891273247497,84,0.01201716738197425,475,0.06795422031473533,764,0.10929899856938484,38,0.0054363376251788265,2936,0.4200286123032904
valve_0245_lidar_classes.ply,13/valve_0245_lidar_classes.ply,7066,0,9,10,1110,0.15709029153693746,869,0.12298330031135013,408,0.05774129634871214,692,0.09793376733654119,65,0.009198981035946787,84,0.011887913954146618,704,0.09963204075856213,615,0.08703651287857345,45,0.006368525332578545,2474,0.35012737050665155
valve_0246_lidar_classes.ply,13/valve_0246_lidar_classes.ply,7046,0,9,10,1163,0.1650581890434289,876,0.12432585864320182,348,0.04938972466647743,641,0.09097360204371274,59,0.008373545273914278,76,0.010786261708770934,694,0.09849560034061879,591,0.08387737723531082,44,0.006244677831393698,2554,0.3624751632131706
valve_0247_lidar_classes.ply,13/valve_0247_lidar_classes.ply,6911,0,9,10,1118,0.1617710895673564,887,0.1283461148893069,406,0.05874692519172334,723,0.10461582983649255,60,0.008681811604688179,70,0.010128780205469541,651,0.09419765591086673,444,0.06424540587469252,45,0.0065113587035161334,2507,0.36275502821588773
valve_0248_lidar_classes.ply,13/valve_0248_lidar_classes.ply,7588,0,9,10,1339,0.176462836056932,944,0.12440695835529784,448,0.05904059040590406,661,0.0871112282551397,64,0.008434370057986295,72,0.009488666315234581,639,0.08421191354770691,635,0.08368476541908276,45,0.005930416447021613,2741,0.36122825513969425
valve_0249_lidar_classes.ply,13/valve_0249_lidar_classes.ply,8460,0,9,10,1559,0.1842789598108747,1011,0.11950354609929079,487,0.05756501182033097,437,0.0516548463356974,68,0.008037825059101654,108,0.01276595744680851,835,0.09869976359338062,702,0.08297872340425531,55,0.0065011820330969266,3198,0.3780141843971631
valve_0250_lidar_classes.ply,13/valve_0250_lidar_classes.ply,6940,0,9,10,1172,0.16887608069164264,773,0.11138328530259366,375,0.05403458213256484,306,0.044092219020172914,31,0.0044668587896253605,80,0.011527377521613832,511,0.07363112391930836,714,0.10288184438040346,36,0.005187319884726225,2942,0.4239193083573487
valve_0251_lidar_classes.ply,13/valve_0251_lidar_classes.ply,8455,0,9,10,1458,0.17244234180958012,1073,0.12690715552927262,446,0.052749852158486106,447,0.05286812536960379,86,0.01017149615612064,120,0.014192785334121822,845,0.09994086339444117,684,0.08089887640449438,53,0.006268480189237138,3243,0.3835600236546422
valve_0252_lidar_classes.ply,13/valve_0252_lidar_classes.ply,7915,0,9,10,1020,0.12886923562855337,830,0.10486418193303854,542,0.06847757422615287,401,0.05066329753632343,52,0.0065698041692988,70,0.008843967150979154,546,0.0689829437776374,898,0.11345546430827542,41,0.005180037902716361,3515,0.44409349336702464
valve_0253_lidar_classes.ply,13/valve_0253_lidar_classes.ply,6833,0,9,10,1282,0.1876189082394263,853,0.1248353578223328,462,0.06761305429533147,574,0.08400409776086638,64,0.00936631055173423,82,0.012000585394409484,677,0.09907800380506367,456,0.0667349626811064,45,0.006585687106688131,2338,0.34216303234304113
valve_0254_lidar_classes.ply,13/valve_0254_lidar_classes.ply,7954,0,9,10,1384,0.17400050289162686,979,0.12308272567261755,422,0.05305506663314056,373,0.046894644204174,51,0.006411868242393764,91,0.011440784510937893,751,0.09441790294191602,802,0.10082977118430977,53,0.00666331405582097,3048,0.3832034196630626
valve_0255_lidar_classes.ply,13/valve_0255_lidar_classes.ply,6950,0,9,10,1161,0.16705035971223023,818,0.11769784172661871,431,0.062014388489208636,653,0.0939568345323741,42,0.0060431654676258995,78,0.011223021582733812,611,0.0879136690647482,414,0.05956834532374101,46,0.006618705035971223,2696,0.3879136690647482
valve_0256_lidar_classes.ply,13/valve_0256_lidar_classes.ply,6926,0,9,10,1094,0.15795552988738087,793,0.1144961016459717,413,0.05963037828472423,570,0.08229858504187121,53,0.007652324574068727,73,0.010539994224660698,685,0.09890268553277505,505,0.0729136586774473,46,0.006641640196361536,2694,0.38896910193473866
valve_0257_lidar_classes.ply,13/valve_0257_lidar_classes.ply,8332,0,9,10,1401,0.16814690350456074,998,0.11977916466634661,473,0.056769083053288524,486,0.058329332693230915,85,0.010201632261161785,101,0.012121939510321651,876,0.10513682189150264,696,0.08353336533845415,48,0.005760921747479597,3168,0.38022083533365336
valve_0258_lidar_classes.ply,13/valve_0258_lidar_classes.ply,8543,0,9,10,1310,0.1533419173592415,938,0.10979749502516681,547,0.06402902961488938,1070,0.12524874165983846,84,0.009832611494791057,132,0.01545124663467166,872,0.10207187170783097,702,0.08217253892075384,49,0.005735690038628116,2839,0.3323188575441882
valve_0259_lidar_classes.ply,13/valve_0259_lidar_classes.ply,7477,0,9,10,1085,0.14511167580580447,910,0.12170656680486826,467,0.06245820516249833,323,0.04319914404172796,63,0.008425839240337034,94,0.012571887120502875,600,0.08024608800320984,644,0.08613080112344523,42,0.005617226160224689,3249,0.4345325665373813
valve_0260_lidar_classes.ply,13/valve_0260_lidar_classes.ply,7794,0,9,10,1297,0.16641005901975878,781,0.1002052861175263,508,0.06517834231460097,723,0.09276366435719785,75,0.00962278675904542,99,0.012702078521939953,770,0.09879394405953297,796,0.10212984346933539,35,0.004490633820887863,2710,0.3477033615601745
valve_0261_lidar_classes.ply,13/valve_0261_lidar_classes.ply,8027,0,9,10,1621,0.20194344088700636,1053,0.13118225987292886,447,0.05568705618537436,393,0.048959760807275446,77,0.009592624890992899,114,0.014202068020431046,846,0.10539429425688301,638,0.07948174909679831,47,0.005855238569826835,2791,0.34770150741248285
valve_0262_lidar_classes.ply,13/valve_0262_lidar_classes.ply,8238,0,9,10,1271,0.15428502063607671,824,0.10002427773731488,547,0.06639961155620296,1136,0.1378975479485312,74,0.008982762806506433,118,0.01432386501578053,758,0.09201262442340374,835,0.1013595532896334,34,0.004127215343529983,2641,0.32058752124302015
valve_0263_lidar_classes.ply,13/valve_0263_lidar_classes.ply,7792,0,9,10,1378,0.17684804928131417,1075,0.13796201232032854,456,0.058521560574948665,492,0.06314168377823409,52,0.006673511293634497,73,0.00936858316221766,626,0.0803388090349076,688,0.08829568788501027,48,0.006160164271047228,2904,0.3726899383983573
valve_0264_lidar_classes.ply,13/valve_0264_lidar_classes.ply,7174,0,9,10,1160,0.1616950097574575,825,0.11499860607750209,421,0.05868413716197379,607,0.08461109562308336,59,0.008224142737663786,95,0.013242263730136605,631,0.08795650961806524,460,0.06412043490381934,39,0.005436297741845553,2877,0.4010315026484527
valve_0265_lidar_classes.ply,13/valve_0265_lidar_classes.ply,7546,0,9,10,1252,0.1659157169361251,959,0.12708719851576994,381,0.050490326000530085,741,0.09819772064670024,66,0.008746355685131196,93,0.012324410283593957,702,0.0930294195600318,768,0.101775775245163,50,0.0066260270341902995,2534,0.3358070500927644
valve_0266_lidar_classes.ply,13/valve_0266_lidar_classes.ply,7391,0,9,10,1078,0.14585306453795155,844,0.11419293735624408,503,0.06805574347179001,298,0.04031930726559329,58,0.007847381951021512,95,0.012853470437017995,524,0.07089703693681504,711,0.0961980787444189,38,0.005141388174807198,3242,0.4386415911243404
valve_0267_lidar_classes.ply,13/valve_0267_lidar_classes.ply,8368,0,9,10,1469,0.17554971319311663,1029,0.12296845124282983,438,0.05234225621414914,526,0.0628585086042065,82,0.00979923518164436,117,0.013981835564053538,829,0.09906787762906309,698,0.08341300191204588,47,0.005616634799235182,3133,0.37440248565965584
valve_0268_lidar_classes.ply,13/valve_0268_lidar_classes.ply,8215,0,9,10,1559,0.1897748021911138,971,0.11819841752891053,518,0.06305538648813147,943,0.1147900182592818,73,0.00888618381010347,94,0.011442483262325016,797,0.09701765063907486,601,0.07315885575167377,45,0.005477784540474742,2614,0.31819841752891054
valve_0269_lidar_classes.ply,13/valve_0269_lidar_classes.ply,7434,0,9,10,1029,0.1384180790960452,847,0.11393596986817325,489,0.06577885391444714,358,0.048157115953726126,46,0.006187785848802798,69,0.009281678773204197,490,0.06591337099811675,766,0.10304008609093356,43,0.0057842345977939195,3297,0.4435028248587571
valve_0270_lidar_classes.ply,13/valve_0270_lidar_classes.ply,7916,0,9,10,1193,0.15070742799393633,975,0.12316826680141485,489,0.061773623041940375,394,0.04977261243052047,58,0.007326932794340576,66,0.00833754421424962,574,0.07251136937847398,886,0.11192521475492673,45,0.005684689236988378,3236,0.4087923193532087
valve_0271_lidar_classes.ply,13/valve_0271_lidar_classes.ply,7224,0,9,10,1109,0.15351605758582504,958,0.13261351052048725,531,0.07350498338870431,331,0.045819490586932445,52,0.007198228128460687,55,0.007613510520487265,515,0.07129014396456257,778,0.10769656699889259,35,0.0048449612403100775,2860,0.3959025470653378
valve_0272_lidar_classes.ply,13/valve_0272_lidar_classes.ply,8199,0,9,10,1373,0.16745944627393586,965,0.1176972801561166,509,0.06208074155384803,967,0.11794121234296866,58,0.007074033418709599,102,0.012440541529454811,779,0.09501158677887547,901,0.10989145017685084,45,0.005488474204171241,2500,0.3049152335650689
valve_0273_lidar_classes.ply,13/valve_0273_lidar_classes.ply,7078,0,9,10,1088,0.1537157389092964,827,0.11684091551285673,399,0.056371856456626165,321,0.04535179429217293,41,0.00579259677875106,85,0.012009042102288783,503,0.07106527267589714,721,0.10186493359706132,37,0.005227465385702176,3056,0.43176038428934727
valve_0274_lidar_classes.ply,13/valve_0274_lidar_classes.ply,8122,0,9,10,1313,0.1616596897315932,754,0.09283427727160798,458,0.056390051711401136,446,0.054912583107608964,58,0.007141098251662152,103,0.012681605515882788,864,0.10637773947303619,596,0.07338094065501108,54,0.006648608717064762,3476,0.42797340556513175
valve_0275_lidar_classes.ply,13/valve_0275_lidar_classes.ply,6942,0,9,10,1095,0.15773552290406223,1031,0.14851627772976086,378,0.05445116681071737,670,0.0965139729184673,53,0.007634687409968309,91,0.013108614232209739,661,0.09521751656583118,378,0.05445116681071737,47,0.0067703831748775565,2538,0.3656006914433881
valve_0276_lidar_classes.ply,13/valve_0276_lidar_classes.ply,7772,0,9,10,1384,0.17807514153371076,890,0.11451363870303655,535,0.06883685023160062,626,0.08054554812146165,76,0.00977869274318065,91,0.01170869788986104,636,0.08183221821924859,562,0.07231085949562532,45,0.0057900154400411736,2927,0.37660833762223367
valve_0277_lidar_classes.ply,13/valve_0277_lidar_classes.ply,8656,0,9,10,1477,0.17063308687615528,925,0.10686229205175601,495,0.05718576709796673,435,0.05025415896487985,64,0.0073937153419593345,83,0.009588724584103512,833,0.09623382624768946,610,0.07047134935304991,51,0.005891866913123845,3683,0.4254852125693161
valve_0278_lidar_classes.ply,13/valve_0278_lidar_classes.ply,7797,0,9,10,1204,0.15441836603821982,960,0.12312427856868026,441,0.0565602154674875,846,0.10850327048864948,65,0.008336539694754393,97,0.012440682313710401,773,0.09914069513915609,760,0.09747338720020521,47,0.0060279594715916375,2604,0.3339746056175452
valve_0279_lidar_classes.ply,13/valve_0279_lidar_classes.ply,8957,0,9,10,1504,0.16791336384950317,983,0.10974656693089203,538,0.060064753823824944,1114,0.1243719995534219,95,0.010606229764430054,138,0.015406944289382605,894,0.09981020430947862,773,0.08630121692530981,45,0.005024003572624763,2873,0.32075471698113206
valve_0280_lidar_classes.ply,13/valve_0280_lidar_classes.ply,6843,0,9,10,1125,0.16440157825515125,871,0.12728335525354376,416,0.060792050270349264,701,0.10244045009498758,60,0.008768084173608066,94,0.013736665205319304,590,0.08621949437381266,402,0.058746163963174045,45,0.00657606313020605,2539,0.37103609527984804
valve_0281_lidar_classes.ply,13/valve_0281_lidar_classes.ply,7310,0,9,10,1184,0.16196990424076607,907,0.12407660738714091,415,0.05677154582763338,657,0.08987688098495213,51,0.0069767441860465115,77,0.010533515731874145,695,0.09507523939808482,535,0.073187414500684,46,0.006292749658002736,2743,0.3752393980848153
valve_0282_lidar_classes.ply,13/valve_0282_lidar_classes.ply,7018,0,9,10,1040,0.1481903676261043,729,0.10387574807637504,372,0.053006554573952695,308,0.0438871473354232,41,0.005842120262182958,80,0.011399259048161869,508,0.07238529495582788,732,0.1043032202906811,32,0.004559703619264748,3176,0.4525505842120262
valve_0283_lidar_classes.ply,13/valve_0283_lidar_classes.ply,7702,0,9,10,1187,0.15411581407426642,849,0.11023110880290833,422,0.05479096338613347,695,0.09023630225915347,75,0.009737730459620878,74,0.0096078940534926,711,0.09231368475720592,807,0.10477797974552064,36,0.004674110620618021,2846,0.36951441184108025
valve_0284_lidar_classes.ply,13/valve_0284_lidar_classes.ply,6715,0,9,10,1055,0.15711094564408043,863,0.12851824274013404,424,0.0631422189128816,645,0.0960536113179449,56,0.008339538346984364,72,0.010722263588979895,636,0.09471332836932242,386,0.05748324646314222,45,0.006701414743112435,2533,0.37721518987341773
valve_0285_lidar_classes.ply,13/valve_0285_lidar_classes.ply,6896,0,9,10,1136,0.16473317865429235,825,0.11963457076566125,425,0.061629930394431556,672,0.09744779582366589,49,0.007105568445475638,69,0.010005800464037123,605,0.08773201856148492,450,0.06525522041763342,50,0.007250580046403712,2615,0.3792053364269142
valve_0286_lidar_classes.ply,13/valve_0286_lidar_classes.ply,7732,0,9,10,1232,0.15933781686497672,806,0.10424211070874288,428,0.0553543714433523,630,0.08147956544231764,53,0.006854630108639421,104,0.013450594930160372,650,0.08406621831350233,589,0.07617692705638904,41,0.005302638385928609,3199,0.41373512674599067
valve_0287_lidar_classes.ply,13/valve_0287_lidar_classes.ply,7796,0,9,10,1238,0.15879938429964083,1157,0.14840944073884044,437,0.056054386865059,388,0.049769112365315546,46,0.005900461775269369,65,0.008337609030271934,543,0.06965110312981015,879,0.11275012827090816,39,0.005002565418163161,3004,0.3853258081067214
valve_0288_lidar_classes.ply,13/valve_0288_lidar_classes.ply,7345,0,9,10,1033,0.14063989108236896,814,0.11082368958475153,480,0.0653505786249149,799,0.10878148400272294,40,0.005445881552076242,86,0.01170864533696392,712,0.09693669162695712,728,0.09911504424778761,44,0.005990469707283867,2609,0.3552076242341729
valve_0289_lidar_classes.ply,13/valve_0289_lidar_classes.ply,8187,0,9,10,1444,0.17637718333944058,893,0.10907536338096983,512,0.06253817026994014,1057,0.12910712104556005,91,0.011115182606571393,113,0.013802369610357884,831,0.10150238182484426,660,0.08061561011359472,46,0.005618663735189935,2540,0.31024795407353123
valve_0290_lidar_classes.ply,13/valve_0290_lidar_classes.ply,7808,0,9,10,1117,0.14305840163934427,1007,0.1289702868852459,477,0.06109118852459016,345,0.04418545081967213,36,0.004610655737704918,80,0.010245901639344262,512,0.06557377049180328,872,0.11168032786885246,41,0.005251024590163934,3321,0.4253329918032787
valve_0291_lidar_classes.ply,13/valve_0291_lidar_classes.ply,7532,0,9,10,1328,0.17631439192777482,899,0.11935740839086564,388,0.05151354221986192,431,0.057222517259691984,62,0.008231545406266597,99,0.013143919277748274,768,0.10196494954859267,593,0.07873074880509824,47,0.006240042485395645,2917,0.38728093467870417
valve_0292_lidar_classes.ply,13/valve_0292_lidar_classes.ply,8845,0,9,10,1310,0.14810627473148671,969,0.10955342001130582,566,0.06399095534200112,1123,0.12696438665912946,82,0.009270774448841152,118,0.013340870548332391,888,0.10039570378745054,730,0.08253250423968343,59,0.0066704352741661956,3000,0.3391746749576032
valve_0293_lidar_classes.ply,13/valve_0293_lidar_classes.ply,6989,0,9,10,1014,0.14508513378165688,724,0.10359135784804693,387,0.0553727285734726,314,0.04492774359708113,45,0.006438689369008442,98,0.014022034625840606,487,0.06968092717126914,729,0.10430676777793675,34,0.004864787523250823,3157,0.4517098297324367
valve_0294_lidar_classes.ply,13/valve_0294_lidar_classes.ply,8441,0,9,10,1423,0.1685819215732733,805,0.09536784741144415,434,0.051415709039213366,477,0.056509892192868144,59,0.006989693164317024,139,0.016467243217628245,863,0.10223907120009477,639,0.07570193105082336,50,0.005923468783319512,3552,0.4208032223670181
valve_0295_lidar_classes.ply,13/valve_0295_lidar_classes.ply,7487,0,9,10,1100,0.1469213303058635,1084,0.14478429277414184,456,0.06090556965406705,308,0.04113797248564178,49,0.006544677440897556,84,0.011219447041538667,536,0.07159075731267531,723,0.0965673834646721,47,0.006277547749432349,3100,0.41405102177106984
valve_0296_lidar_classes.ply,13/valve_0296_lidar_classes.ply,7689,0,9,10,1342,0.17453505007153075,984,0.12797502926258292,438,0.05696449473273508,510,0.06632852126414358,74,0.009624138379503187,97,0.012615424632592015,723,0.09403043308622708,582,0.07569254779555208,44,0.005722460658082976,2895,0.3765119001170503
valve_0297_lidar_classes.ply,13/valve_0297_lidar_classes.ply,8902,0,9,10,1342,0.1507526398562121,924,0.10379689957312964,495,0.05560548191417659,1127,0.1266007638732869,96,0.010784093462143339,118,0.01325544821388452,880,0.09885419006964727,779,0.0875084250730173,56,0.006290721186250281,3085,0.34655133677825206
valve_0298_lidar_classes.ply,13/valve_0298_lidar_classes.ply,8024,0,9,10,1318,0.16425722831505485,903,0.11253738783649053,486,0.06056829511465603,453,0.056455633100697906,70,0.00872382851445663,95,0.011839481555333998,729,0.09085244267198404,830,0.10343968095712862,54,0.006729810568295114,3086,0.3845962113659023
valve_0299_lidar_classes.ply,13/valve_0299_lidar_classes.ply,8069,0,9,10,1396,0.17300780765894164,991,0.12281571446275871,427,0.052918577271037305,445,0.055149336968645435,69,0.008551245507497831,108,0.013384558185648779,732,0.09071756103606395,756,0.09369190729954145,52,0.006444416904201264,3093,0.38331887470566367
valve_0300_lidar_classes.ply,13/valve_0300_lidar_classes.ply,8798,0,9,10,1538,0.17481245737667653,940,0.10684246419640828,559,0.06353716753807684,1022,0.11616276426460559,82,0.009320300068197318,133,0.015117072061832234,867,0.0985451238917936,719,0.08172311889065696,56,0.006365082973403046,2882,0.3275744487383496
valve_0301_lidar_classes.ply,13/valve_0301_lidar_classes.ply,7946,0,9,10,1162,0.14623710042788823,822,0.10344827586206896,525,0.06607097910898566,959,0.1206896551724138,66,0.008306065945129625,94,0.01182985149760886,671,0.08444500377548451,583,0.07337024918197835,46,0.005789076264787314,3018,0.37981374276365465
valve_0302_lidar_classes.ply,13/valve_0302_lidar_classes.ply,8505,0,9,10,1588,0.18671369782480893,975,0.1146384479717813,483,0.056790123456790124,428,0.0503233392122281,78,0.009171075837742505,104,0.012228101116990006,873,0.10264550264550265,697,0.08195179306290418,50,0.005878894767783657,3229,0.3796590241034685
valve_0303_lidar_classes.ply,13/valve_0303_lidar_classes.ply,7627,0,9,10,1365,0.17896945063589878,893,0.11708404352956601,395,0.05178969450635899,625,0.08194571915563131,38,0.004982299724662384,80,0.010489052051920808,723,0.0947948079192343,712,0.09335256326209519,44,0.005768978628556444,2752,0.36082339058607577
valve_0304_lidar_classes.ply,13/valve_0304_lidar_classes.ply,7549,0,9,10,1359,0.1800238442177772,798,0.10570936547887137,506,0.06702874552920916,909,0.12041329977480461,82,0.010862365876275003,102,0.013511723407073784,745,0.0986885680222546,642,0.08504437673864088,50,0.0066233938269969535,2356,0.31209431712809643
valve_0305_lidar_classes.ply,13/valve_0305_lidar_classes.ply,7617,0,9,10,1227,0.16108704214257583,931,0.12222659839831955,492,0.06459235919653407,659,0.08651700144413811,64,0.00840225810686622,111,0.0145726664040961,676,0.08874885125377445,537,0.07050019692792438,42,0.005513981882630957,2878,0.37783904424314035
valve_0306_lidar_classes.ply,13/valve_0306_lidar_classes.ply,7255,0,9,10,1126,0.15520330806340454,808,0.11137146795313577,431,0.059407305306685046,669,0.09221226740179186,53,0.007305306685044797,78,0.01075120606478291,658,0.0906960716747071,558,0.07691247415575465,39,0.005375603032391455,2835,0.3907649896623019
valve_0307_lidar_classes.ply,13/valve_0307_lidar_classes.ply,7314,0,9,10,1311,0.1792452830188679,943,0.1289308176100629,500,0.06836204539239814,321,0.043888433141919606,76,0.010391030899644518,82,0.011211375444353295,615,0.0840853158326497,664,0.09078479628110472,36,0.004922067268252666,2766,0.3781788351107465
valve_0308_lidar_classes.ply,13/valve_0308_lidar_classes.ply,7348,0,9,10,1077,0.14657049537289057,1021,0.1389493739793141,541,0.0736254763200871,349,0.0474959172563963,46,0.006260206859009254,71,0.009662493195427327,496,0.06750136091453457,821,0.11173108328796952,44,0.005988023952095809,2882,0.39221556886227543
valve_0309_lidar_classes.ply,13/valve_0309_lidar_classes.ply,6805,0,9,10,1065,0.1565025716385011,833,0.12240999265246143,418,0.06142542248346804,613,0.09008082292432035,46,0.006759735488611315,77,0.011315209404849376,626,0.0919911829537105,410,0.060249816311535635,47,0.006906686260102866,2670,0.3923585598824394
valve_0310_lidar_classes.ply,13/valve_0310_lidar_classes.ply,6977,0,9,10,1180,0.1691271320051598,821,0.1176723520137595,436,0.062491041995126846,628,0.09001003296545794,40,0.005733123118818977,79,0.011322918159667478,629,0.0901533610434284,389,0.05575462233051455,45,0.006449763508671349,2730,0.39128565285939515
valve_0311_lidar_classes.ply,13/valve_0311_lidar_classes.ply,7354,0,9,10,1197,0.16276856132716888,873,0.11871090562958934,394,0.05357628501495785,673,0.09151482186565135,39,0.005303236333967908,89,0.012102257274952406,638,0.08675550720696219,410,0.055751971716072886,44,0.005983138428066358,2997,0.4075333152026108
valve_0312_lidar_classes.ply,13/valve_0312_lidar_classes.ply,7082,0,9,10,1254,0.17706862468229315,851,0.12016379553798362,434,0.06128212369387179,629,0.08881671844111833,59,0.008330979949166902,83,0.011719853148828015,635,0.08966393674103361,368,0.05196272239480373,50,0.007060152499293985,2719,0.3839310929116069
valve_0313_lidar_classes.ply,13/valve_0313_lidar_classes.ply,7058,0,9,10,1037,0.14692547463870784,849,0.12028903372060074,471,0.06673278549164069,706,0.10002833663927459,45,0.006375743836780958,76,0.010767922924341174,653,0.09251912723151035,373,0.052847832247095494,45,0.006375743836780958,2803,0.3971379994332672
valve_0314_lidar_classes.ply,13/valve_0314_lidar_classes.ply,8348,0,9,10,1444,0.17297556300910397,886,0.10613320555821754,500,0.059894585529468136,1075,0.1287733588883565,62,0.007426928605654049,106,0.012697652132247245,777,0.09307618591279349,904,0.10828941063727839,38,0.004551988500239578,2556,0.3061811212266411
valve_0315_lidar_classes.ply,13/valve_0315_lidar_classes.ply,8568,0,9,10,1489,0.1737861811391223,1077,0.12570028011204482,493,0.057539682539682536,476,0.05555555555555555,69,0.008053221288515405,100,0.011671335200746966,874,0.10200746965452848,617,0.07201213818860877,59,0.0068860877684407094,3314,0.38678804855275445
valve_0316_lidar_classes.ply,13/valve_0316_lidar_classes.ply,8851,0,9,10,1638,0.185063834594961,820,0.09264489888148232,530,0.059880239520958084,1069,0.12077731329793244,67,0.0075697661281211165,139,0.01570444017625127,845,0.09546943848152752,857,0.0968252174895492,40,0.004519263360072308,2846,0.32154558806914474
valve_0317_lidar_classes.ply,13/valve_0317_lidar_classes.ply,7617,0,9,10,1104,0.1449389523434423,754,0.09898910332151765,444,0.0582906656163844,636,0.08349743993698307,57,0.007483261126427727,83,0.01089667848234213,676,0.08874885125377445,518,0.06800577655244847,43,0.005645267165550741,3302,0.43350400420112906
valve_0318_lidar_classes.ply,13/valve_0318_lidar_classes.ply,7845,0,9,10,1435,0.18291905672402806,868,0.11064372211599745,438,0.05583173996175908,705,0.08986615678776291,57,0.007265774378585086,80,0.010197578075207138,784,0.09993626513702995,712,0.09075844486934354,47,0.005991077119184194,2719,0.3465901848311026
valve_0319_lidar_classes.ply,13/valve_0319_lidar_classes.ply,7304,0,9,10,1078,0.14759036144578314,923,0.12636911281489593,438,0.059967141292442495,333,0.04559145673603505,46,0.006297918948521358,84,0.011500547645125958,526,0.07201533406352684,725,0.09926067907995619,43,0.005887185104052574,3108,0.42552026286966044
valve_0320_lidar_classes.ply,13/valve_0320_lidar_classes.ply,8191,0,9,10,1449,0.1769014772311073,1110,0.1355145891832499,427,0.052130387010133075,423,0.051642046148211454,82,0.010010987669393236,79,0.00964473202295202,811,0.09901110975460872,683,0.08338420217311683,57,0.006958857282383104,3070,0.3748016115248443
valve_0321_lidar_classes.ply,13/valve_0321_lidar_classes.ply,8291,0,9,10,1407,0.16970208659992764,1017,0.12266312869376432,418,0.050416113858400675,507,0.061150645278012304,74,0.008925340730913039,110,0.01326739838378965,886,0.10686286334579664,694,0.0837052225304547,51,0.006151248341575202,3127,0.3771559522373658
valve_0322_lidar_classes.ply,13/valve_0322_lidar_classes.ply,8467,0,9,10,1329,0.15696232431794024,939,0.11090114562418803,579,0.0683831345222629,1123,0.13263257352072752,80,0.009448446911538916,106,0.012519192157789063,826,0.0975552143616393,602,0.07109956300933035,53,0.006259596078894532,2830,0.3342388094956891
valve_0323_lidar_classes.ply,13/valve_0323_lidar_classes.ply,7900,0,9,10,1416,0.17924050632911392,940,0.1189873417721519,440,0.05569620253164557,694,0.08784810126582278,70,0.008860759493670886,83,0.01050632911392405,744,0.09417721518987342,765,0.09683544303797469,44,0.005569620253164557,2704,0.34227848101265823
valve_0324_lidar_classes.ply,13/valve_0324_lidar_classes.ply,7513,0,9,10,1178,0.15679488885931053,1075,0.14308531878077999,427,0.05683481964594703,356,0.047384533475309465,37,0.004924797018501265,80,0.010648209769732464,494,0.06575269532809797,857,0.11406894715825902,41,0.005457207506987888,2968,0.3950485824570744
valve_0325_lidar_classes.ply,13/valve_0325_lidar_classes.ply,8298,0,9,10,1361,0.16401542540371175,879,0.1059291395516992,525,0.06326825741142444,1015,0.12231863099542058,75,0.009038322487346349,104,0.012533140515786937,843,0.10159074475777295,634,0.07640395275970113,53,0.00638708122439142,2809,0.33851530489274523
valve_0326_lidar_classes.ply,13/valve_0326_lidar_classes.ply,8332,0,9,10,1470,0.17642822851656265,1039,0.12469995199231877,421,0.05052808449351896,533,0.06397023523763802,90,0.010801728276524244,102,0.012241958713394143,860,0.10321651464234277,695,0.08341334613538166,46,0.005520883341334613,3076,0.36917906865098415
valve_0327_lidar_classes.ply,13/valve_0327_lidar_classes.ply,6899,0,9,10,962,0.13944049862298885,749,0.10856645890708798,285,0.04131033483113495,327,0.04739817364835484,64,0.009276706769096971,83,0.012030729091172634,497,0.07203942600376866,731,0.10595738512827946,37,0.005363096100884186,3164,0.45861719089723146
valve_0328_lidar_classes.ply,13/valve_0328_lidar_classes.ply,7739,0,9,10,1313,0.1696601628117328,917,0.11849076108024292,472,0.06098979196278589,401,0.05181548003618038,46,0.005943920403152862,64,0.008269802300038764,553,0.07145626049877245,890,0.11500193823491407,49,0.006331567385967179,3034,0.3920403152862127
valve_0329_lidar_classes.ply,13/valve_0329_lidar_classes.ply,7334,0,9,10,1222,0.16662121625306792,830,0.11317152986092173,388,0.052904281428961,716,0.09762748841014453,55,0.007499318243796019,79,0.010771748022907009,697,0.095036814835015,713,0.09721843468775566,45,0.006135805835833106,2589,0.35301336242159803
valve_0330_lidar_classes.ply,13/valve_0330_lidar_classes.ply,7703,0,9,10,1360,0.17655458912112165,956,0.12410749058808257,423,0.05491366999870181,459,0.059587173828378553,63,0.008178631701934311,104,0.013501233285732831,783,0.10164870829546929,621,0.08061794106192392,50,0.006490977541217707,2884,0.3743995845774374
valve_0331_lidar_classes.ply,13/valve_0331_lidar_classes.ply,7125,0,9,10,1216,0.17066666666666666,843,0.11831578947368421,428,0.06007017543859649,638,0.0895438596491228,65,0.009122807017543859,66,0.009263157894736843,702,0.09852631578947368,644,0.09038596491228071,47,0.006596491228070175,2476,0.34750877192982454
valve_0332_lidar_classes.ply,13/valve_0332_lidar_classes.ply,8645,0,9,10,1585,0.18334297281665704,998,0.11544245228455755,510,0.058993637941006365,1017,0.11764025448235975,84,0.009716599190283401,110,0.012724117987275883,891,0.10306535569693465,738,0.08536726431463273,56,0.006477732793522267,2656,0.30722961249277037
valve_0333_lidar_classes.ply,13/valve_0333_lidar_classes.ply,8362,0,9,10,1442,0.17244678306625208,917,0.10966276010523798,470,0.05620664912700311,441,0.052738579287251855,95,0.011360918440564458,86,0.010284620904089931,829,0.09913896197082038,635,0.07593877062903612,59,0.007055728294666348,3388,0.40516622817507775
valve_0334_lidar_classes.ply,13/valve_0334_lidar_classes.ply,8516,0,9,10,1353,0.15887740723344293,842,0.09887271019257868,555,0.06517144199154533,1154,0.13550962893377172,94,0.01103804603100047,119,0.013973696571160169,862,0.10122123062470643,796,0.09347111319868483,48,0.0056364490371066224,2693,0.3162282761860028
valve_0335_lidar_classes.ply,13/valve_0335_lidar_classes.ply,7284,0,9,10,1222,0.16776496430532675,872,0.11971444261394838,487,0.06685886875343218,639,0.08772652388797364,65,0.008923668314113125,77,0.01057111477210324,637,0.08745194947830862,399,0.054777594728171335,45,0.006177924217462933,2841,0.3900329489291598
valve_0336_lidar_classes.ply,13/valve_0336_lidar_classes.ply,7370,0,9,10,1070,0.1451831750339213,992,0.13459972862957936,427,0.05793758480325645,401,0.054409769335142466,45,0.006105834464043419,62,0.00841248303934871,504,0.0683853459972863,830,0.11261872455902307,40,0.005427408412483039,2999,0.4069199457259159
valve_0337_lidar_classes.ply,13/valve_0337_lidar_classes.ply,8701,0,9,10,1513,0.17388805884381106,1142,0.13124928169175956,435,0.04999425353407654,534,0.06137225606252155,86,0.009883921388346166,97,0.011148143891506724,856,0.0983794966095851,600,0.06895759108148489,63,0.007240547063555913,3375,0.38788644983335246
valve_0338_lidar_classes.ply,13/valve_0338_lidar_classes.ply,8613,0,9,10,1512,0.1755485893416928,969,0.11250435388366423,489,0.05677464298153953,972,0.11285266457680251,92,0.010681527922907233,118,0.013700220596772322,913,0.10600255427841634,685,0.07953094159990712,49,0.005689074654591896,2814,0.326715430163706
valve_0339_lidar_classes.ply,13/valve_0339_lidar_classes.ply,8760,0,9,10,1520,0.1735159817351598,821,0.09372146118721461,527,0.06015981735159817,1046,0.11940639269406393,69,0.007876712328767124,135,0.015410958904109588,820,0.09360730593607305,891,0.10171232876712329,41,0.0046803652968036525,2890,0.3299086757990868
valve_0340_lidar_classes.ply,13/valve_0340_lidar_classes.ply,8397,0,9,10,1572,0.18720971775634154,906,0.10789567702750982,549,0.06538049303322616,1044,0.12433011789924973,78,0.009289031797070382,127,0.015124449208050493,787,0.09372394902941526,922,0.1098011194474217,36,0.004287245444801715,2376,0.2829581993569132
valve_0341_lidar_classes.ply,13/valve_0341_lidar_classes.ply,7527,0,9,10,1178,0.1565032549488508,949,0.12607944732297063,465,0.061777600637704266,274,0.03640228510694832,70,0.009299853859439352,86,0.011425534741596917,614,0.0815730038527966,764,0.10150126212302378,41,0.0054470572605287634,3086,0.4099907001461406
valve_0342_lidar_classes.ply,13/valve_0342_lidar_classes.ply,7651,0,9,10,1342,0.17540190824728794,1030,0.13462292510782906,417,0.05450267938831525,420,0.05489478499542543,53,0.006927199058946543,80,0.010456149522938179,556,0.07267023918442034,901,0.11776238400209123,46,0.006012285975689452,2806,0.3667494445170566
valve_0343_lidar_classes.ply,13/valve_0343_lidar_classes.ply,8508,0,9,10,1347,0.1583215796897038,839,0.09861307005171603,513,0.06029619181946404,467,0.05488951574988246,81,0.009520451339915375,112,0.013164080865068171,840,0.09873060648801128,666,0.07827926657263752,58,0.0068171133051245884,3585,0.42136812411847674
valve_0344_lidar_classes.ply,13/valve_0344_lidar_classes.ply,7994,0,9,10,1466,0.18338754065549162,939,0.11746309732299225,435,0.05441581185889417,469,0.05866900175131348,67,0.008381285964473356,89,0.011133350012509383,792,0.09907430572929697,600,0.07505629221916438,46,0.005754315736802602,3091,0.3866649987490618
valve_0345_lidar_classes.ply,13/valve_0345_lidar_classes.ply,8028,0,9,10,1517,0.18896362730443447,928,0.11559541604384654,456,0.05680119581464873,445,0.055430991529646235,72,0.008968609865470852,113,0.014075734927752865,818,0.10189337319382162,664,0.08271051320378675,54,0.006726457399103139,2961,0.3688340807174888
valve_0346_lidar_classes.ply,13/valve_0346_lidar_classes.ply,7795,0,9,10,1360,0.17447081462475947,1022,0.13110968569595896,401,0.05144323284156511,454,0.05824246311738294,63,0.008082103912764593,97,0.012443874278383579,677,0.0868505452212957,927,0.11892238614496473,52,0.006670942912123156,2742,0.3517639512508018
valve_0347_lidar_classes.ply,13/valve_0347_lidar_classes.ply,7623,0,9,10,1236,0.16214088941361668,968,0.12698412698412698,571,0.07490489308671126,291,0.03817394726485636,75,0.009838646202282565,85,0.011150465695920242,608,0.07975862521317066,801,0.1050767414403778,42,0.005509641873278237,2946,0.38646202282565917
valve_0348_lidar_classes.ply,13/valve_0348_lidar_classes.ply,6813,0,9,10,1006,0.14765888742110672,771,0.11316600616468515,358,0.052546602084250695,345,0.05063848524878908,43,0.006311463378834581,79,0.011595479230882137,485,0.07118743578452957,722,0.10597387347717599,34,0.004990459415822692,2970,0.43593130779392336
valve_0349_lidar_classes.ply,13/valve_0349_lidar_classes.ply,7076,0,9,10,1121,0.15842283776144714,830,0.11729790842283776,375,0.0529960429621255,705,0.09963256076879592,67,0.009468626342566422,70,0.009892594686263426,618,0.08733747880158281,464,0.06557377049180328,43,0.00607687959299039,2783,0.39330130016958736
valve_0350_lidar_classes.ply,13/valve_0350_lidar_classes.ply,7808,0,9,10,1323,0.16944159836065573,1028,0.13165983606557377,474,0.060706967213114756,537,0.06877561475409837,45,0.005763319672131148,76,0.00973360655737705,636,0.08145491803278689,693,0.08875512295081968,42,0.005379098360655738,2954,0.37832991803278687
valve_0351_lidar_classes.ply,13/valve_0351_lidar_classes.ply,7566,0,9,10,1313,0.17353951890034364,1032,0.13639968279143536,439,0.05802273328046524,658,0.08696801480306635,72,0.00951625693893735,69,0.009119746233148296,647,0.08551414221517314,669,0.08842188739095956,39,0.005154639175257732,2628,0.3473433782712133
valve_0352_lidar_classes.ply,13/valve_0352_lidar_classes.ply,7801,0,9,10,1471,0.18856556851685682,877,0.11242148442507371,506,0.06486347904114857,409,0.05242917574669914,65,0.00833226509421869,92,0.011793359825663376,627,0.08037431098577105,607,0.07781053711062684,44,0.005640302525317267,3103,0.39776951672862454
valve_0353_lidar_classes.ply,13/valve_0353_lidar_classes.ply,7837,0,9,10,1443,0.18412657904810514,919,0.11726425928288886,418,0.053336735995916804,405,0.051677937986474416,66,0.008421589894092127,114,0.014546382544340947,795,0.10144187826974607,654,0.08345029985964017,55,0.007017991578410106,2968,0.37871634554038536
valve_0354_lidar_classes.ply,13/valve_0354_lidar_classes.ply,8978,0,9,10,1539,0.17141902428157718,931,0.10369792826910225,509,0.056694141234127866,1069,0.11906883492982848,86,0.00957897081755402,120,0.013366005791935844,891,0.09924259300512364,790,0.08799287146357763,48,0.005346402316774337,2995,0.33359322789039875
valve_0355_lidar_classes.ply,13/valve_0355_lidar_classes.ply,8417,0,9,10,1579,0.18759653083046215,849,0.10086729238446002,591,0.07021504098847571,947,0.11251039562789593,76,0.009029345372460496,113,0.013425210882737317,778,0.09243198289176666,901,0.10704526553403826,35,0.0041582511583699655,2548,0.30272068432933347
valve_0356_lidar_classes.ply,13/valve_0356_lidar_classes.ply,8279,0,9,10,1513,0.18275154004106775,842,0.10170310423964248,533,0.06437975600917985,1084,0.1309336876434352,88,0.01062930305592463,105,0.012682691146273704,787,0.09505978982968957,947,0.11438579538591617,43,0.005193863993235898,2337,0.2822804686556347
valve_0357_lidar_classes.ply,13/valve_0357_lidar_classes.ply,7733,0,9,10,1356,0.17535238587870167,997,0.1289279710332342,405,0.052372947109789215,483,0.06245958877537825,77,0.00995732574679943,87,0.011250484934695461,812,0.10500452605715764,638,0.08250355618776671,45,0.005819216345532135,2833,0.3663519979309453
valve_0358_lidar_classes.ply,13/valve_0358_lidar_classes.ply,7716,0,9,10,1264,0.16381544841886989,917,0.11884396060134785,472,0.06117159149818559,403,0.0522291342664593,63,0.008164852255054433,81,0.010497667185069984,615,0.0797045101088647,656,0.08501814411612234,42,0.005443234836702955,3203,0.41511145671332295
valve_0359_lidar_classes.ply,13/valve_0359_lidar_classes.ply,7359,0,9,10,1180,0.16034787335235764,837,0.11373827965756217,458,0.06223671694523712,911,0.1237939937491507,73,0.009919826063323822,96,0.013045250713412148,735,0.09987770077456176,636,0.08642478597635549,54,0.007337953526294333,2379,0.3232776192417448
valve_0360_lidar_classes.ply,13/valve_0360_lidar_classes.ply,7429,0,9,10,1287,0.17324000538430476,1034,0.13918427783012519,530,0.0713420379593485,333,0.04482433705747745,73,0.009826356171759322,88,0.011845470453627676,617,0.08305290079418495,614,0.08264907793781127,47,0.0063265580831875085,2806,0.37770897832817335
valve_0361_lidar_classes.ply,13/valve_0361_lidar_classes.ply,6991,0,9,10,1095,0.1566299527964526,846,0.12101273065369761,487,0.0696609927049063,699,0.09998569589472178,48,0.006865970533543127,100,0.014304105278214848,611,0.08739808324989272,376,0.05378343584608783,48,0.006865970533543127,2681,0.38349306250894005
valve_0362_lidar_classes.ply,13/valve_0362_lidar_classes.ply,7643,0,9,10,1355,0.17728640586157268,828,0.1083344236556326,404,0.0528588250686903,408,0.05338217977234071,61,0.007981159230668586,77,0.010074578045270182,683,0.08936281564830564,924,0.12089493654324218,50,0.006541933795629988,2853,0.3732827423786471
valve_0363_lidar_classes.ply,13/valve_0363_lidar_classes.ply,8522,0,9,10,1543,0.1810607838535555,1044,0.12250645388406477,487,0.05714620980990378,519,0.06090119690213565,86,0.010091527810373152,104,0.012203708049753579,859,0.10079793475709928,682,0.08002816240319174,51,0.005984510678244543,3147,0.369279511851678
valve_0364_lidar_classes.ply,13/valve_0364_lidar_classes.ply,8265,0,9,10,1285,0.15547489413188142,1060,0.12825166364186327,512,0.061947973381730186,401,0.0485178463399879,48,0.005807622504537205,71,0.008590441621294615,592,0.07162734422262552,865,0.10465819721718088,52,0.006291591046581972,3379,0.408832425892317
valve_0365_lidar_classes.ply,13/valve_0365_lidar_classes.ply,7067,0,9,10,1002,0.14178576482241403,1017,0.14390830621197112,591,0.08362813074854959,278,0.039337767086458184,65,0.009197679354747417,109,0.0154238007641149,496,0.07018536861468799,755,0.10683458327437385,35,0.004952596575633225,2719,0.38474600254704966
valve_0366_lidar_classes.ply,13/valve_0366_lidar_classes.ply,8268,0,9,10,1361,0.16461054668601838,908,0.10982099661344945,495,0.059869375907111756,968,0.11707789066279632,49,0.005926463473633285,112,0.013546202225447508,796,0.09627479438800193,912,0.11030478955007257,37,0.004475084663763909,2630,0.3180938558297049
valve_0367_lidar_classes.ply,13/valve_0367_lidar_classes.ply,8522,0,9,10,1529,0.17941797700070405,970,0.11382304623327857,561,0.06582961746068998,950,0.11147617930063365,95,0.011147617930063365,106,0.012438394743018071,877,0.1029101149964797,678,0.07955878901666276,54,0.0063365407181412816,2702,0.31706172260032855
valve_0368_lidar_classes.ply,13/valve_0368_lidar_classes.ply,7678,0,9,10,1340,0.17452461578536077,1022,0.1331075800989841,463,0.060302162021359726,741,0.09650950768429278,75,0.00976816879395676,97,0.012633498306850743,633,0.08244334462099505,584,0.07606147434227663,44,0.0057306590257879654,2679,0.34891898932013543
valve_0369_lidar_classes.ply,13/valve_0369_lidar_classes.ply,6970,0,9,10,1095,0.15710186513629842,943,0.13529411764705881,414,0.0593974175035868,664,0.09526542324246771,58,0.008321377331420373,90,0.01291248206599713,656,0.09411764705882353,482,0.06915351506456241,42,0.006025824964131995,2526,0.3624103299856528
valve_0370_lidar_classes.ply,13/valve_0370_lidar_classes.ply,8598,0,9,10,1573,0.18294952314491741,882,0.10258199581297976,546,0.06350314026517795,995,0.11572458711328217,109,0.012677366829495232,103,0.011979530123284485,877,0.1020004652244708,780,0.09071877180739707,50,0.005815305885089556,2683,0.31204931379390555
valve_0371_lidar_classes.ply,13/valve_0371_lidar_classes.ply,7783,0,9,10,1198,0.15392522163690095,1142,0.1467300526789156,449,0.057689836823846846,390,0.05010921238596942,36,0.004625465758704869,86,0.011049723756906077,525,0.06745470898111268,869,0.11165360400873699,39,0.005010921238596942,3049,0.39175125273030964
valve_0372_lidar_classes.ply,13/valve_0372_lidar_classes.ply,6822,0,9,10,1101,0.1613896218117854,892,0.1307534447376136,453,0.06640281442392261,700,0.10260920551158018,59,0.008648490178833186,76,0.011140428026971563,618,0.09058927000879508,410,0.06009967751392554,43,0.006303136909997068,2470,0.3620639108765758
valve_0373_lidar_classes.ply,13/valve_0373_lidar_classes.ply,8249,0,9,10,1352,0.16389865438234938,909,0.11019517517274821,476,0.05770396411686265,1122,0.13601648684689052,66,0.008000969814522972,99,0.012001454721784459,834,0.1011031640198812,609,0.07382713056128015,47,0.005697660322463329,2735,0.3315553400412171
valve_0374_lidar_classes.ply,13/valve_0374_lidar_classes.ply,7652,0,9,10,1218,0.15917407213800314,839,0.10964453737584945,459,0.05998431782540512,410,0.05358076319916362,62,0.008102456874019864,74,0.00967067433350758,624,0.08154730789336122,966,0.12624150548876112,44,0.00575013068478829,2956,0.3863042341871406
valve_0375_lidar_classes.ply,13/valve_0375_lidar_classes.ply,7753,0,9,10,1256,0.1620018057526119,886,0.11427834386689023,421,0.054301560686185996,683,0.08809493099445376,42,0.005417257835676512,90,0.01160840964787824,694,0.08951373661808332,559,0.07210112214626596,38,0.004901328517993035,3084,0.39778150393396106
valve_0376_lidar_classes.ply,13/valve_0376_lidar_classes.ply,7798,0,9,10,1310,0.16799179276737625,910,0.11669658886894076,466,0.05975891254167735,789,0.10117978968966401,69,0.008848422672480124,96,0.01231084893562452,763,0.09784560143626571,766,0.09823031546550398,40,0.005129520389843549,2589,0.33200820723262375
valve_0377_lidar_classes.ply,13/valve_0377_lidar_classes.ply,7061,0,9,10,1128,0.15975074352074778,920,0.13029315960912052,389,0.05509134683472596,654,0.09262144172213567,47,0.0066562809800311575,81,0.011471462965585611,612,0.08667327573998017,422,0.05976490582070528,45,0.006373034980880895,2763,0.391304347826087
valve_0378_lidar_classes.ply,13/valve_0378_lidar_classes.ply,7637,0,9,10,1396,0.1827942909519445,862,0.11287154641875081,470,0.061542490506743486,586,0.07673170092968443,65,0.008511195495613461,98,0.012832263978001834,658,0.08615948670944087,539,0.07057745187901009,43,0.005630483174021213,2920,0.3823490899567893
valve_0379_lidar_classes.ply,13/valve_0379_lidar_classes.ply,8127,0,9,10,1515,0.1864156515319306,942,0.11590992986341823,536,0.06595299618555432,1052,0.12944505967761782,73,0.00898240433124154,114,0.014027316352897749,770,0.09474590869939707,908,0.11172634428448382,41,0.0050449120216562076,2176,0.26774947705180263
valve_0380_lidar_classes.ply,13/valve_0380_lidar_classes.ply,7606,0,9,10,1258,0.16539574020510123,855,0.11241125427294242,408,0.05364186168814094,664,0.08729950039442545,66,0.008677359978963977,70,0.009203260583749671,718,0.09439915855903235,669,0.08795687615040758,54,0.007099658164606889,2844,0.3739153300026295
valve_0381_lidar_classes.ply,13/valve_0381_lidar_classes.ply,8243,0,9,10,1284,0.15576853087468154,854,0.103603057139391,542,0.06575275991750576,988,0.11985927453596991,80,0.009705204415868009,106,0.012859395851025112,830,0.10069149581463059,640,0.07764163532694407,55,0.006672328035909256,2864,0.34744631808807475
valve_0382_lidar_classes.ply,13/valve_0382_lidar_classes.ply,8181,0,9,10,1186,0.14497005256081164,798,0.09754308764209754,536,0.06551766287739885,999,0.12211221122112212,74,0.009045348979342378,101,0.012345679012345678,821,0.10035447989243369,599,0.07321843295440655,50,0.006111722283339445,3017,0.3687813225767021
valve_0383_lidar_classes.ply,13/valve_0383_lidar_classes.ply,8279,0,9,10,1726,0.2084792849377944,1037,0.12525667351129363,491,0.05930667955067037,860,0.10387727986471797,91,0.010991665660103877,111,0.013407416354632202,840,0.10146152917018963,626,0.07561299673873656,59,0.0071264645488585575,2438,0.29448000966300275
valve_0384_lidar_classes.ply,13/valve_0384_lidar_classes.ply,7474,0,9,10,1354,0.18116135937918115,945,0.12643831950762643,426,0.056997591651057,471,0.06301846400856302,71,0.0094995986085095,90,0.012041744715012041,788,0.10543216483810543,601,0.08041209526358041,48,0.006422263848006422,2680,0.3585763981803586
valve_0385_lidar_classes.ply,13/valve_0385_lidar_classes.ply,7773,0,9,10,1222,0.15721085809854626,890,0.11449890647111798,413,0.053132638620867104,800,0.10292036536729705,58,0.007461726489129036,67,0.008619580599511128,758,0.09751704618551396,706,0.09082722243663965,49,0.006303872378746945,2810,0.3615077833526309
valve_0386_lidar_classes.ply,13/valve_0386_lidar_classes.ply,7062,0,9,10,1152,0.1631265930331351,847,0.11993769470404984,435,0.06159728122344945,669,0.09473237043330501,55,0.00778816199376947,83,0.011753044463324838,677,0.09586519399603512,522,0.07391673746813934,42,0.00594732370433305,2580,0.3653355989804588
valve_0387_lidar_classes.ply,13/valve_0387_lidar_classes.ply,7693,0,9,10,1329,0.17275445209931106,838,0.1089301962823346,482,0.06265436110750032,909,0.11815936565709086,73,0.009489145976862082,101,0.01312881840634343,754,0.09801117899389054,603,0.07838294553490185,45,0.005849473547380735,2559,0.3326400623943845
valve_0388_lidar_classes.ply,13/valve_0388_lidar_classes.ply,7578,0,9,10,1279,0.1687780416996569,999,0.13182897862232779,522,0.0688836104513064,268,0.035365531802586433,71,0.009369226708894167,81,0.010688836104513063,543,0.07165479018210609,825,0.10886777513855898,49,0.006466086038532594,2941,0.3880971232515176
valve_0389_lidar_classes.ply,13/valve_0389_lidar_classes.ply,8891,0,9,10,1496,0.1682600382409178,861,0.09683950061860308,513,0.057698796535822744,1118,0.12574513553031155,64,0.007198290406028568,131,0.014734000674839726,872,0.09807670678213924,865,0.09728939376897987,43,0.0048363513665504445,2928,0.329321786075807
valve_0390_lidar_classes.ply,13/valve_0390_lidar_classes.ply,7754,0,9,10,1315,0.1695898890895022,1001,0.12909466082022183,545,0.07028630384317772,449,0.05790559711116843,63,0.008124838792881093,95,0.012251741036884188,642,0.0827959762703121,704,0.0907918493680681,39,0.005029662109878773,2901,0.3741294815579056
valve_0391_lidar_classes.ply,13/valve_0391_lidar_classes.ply,8544,0,9,10,1387,0.16233614232209737,968,0.11329588014981273,422,0.049391385767790265,465,0.05442415730337079,87,0.010182584269662922,106,0.012406367041198503,842,0.09854868913857678,695,0.0813436329588015,52,0.006086142322097378,3520,0.41198501872659177
valve_0392_lidar_classes.ply,13/valve_0392_lidar_classes.ply,6972,0,9,10,1124,0.16121629374641422,857,0.12292025243832473,309,0.04432013769363167,339,0.04862306368330465,48,0.0068846815834767644,75,0.010757314974182444,501,0.07185886402753873,727,0.10427423981640849,40,0.005737234652897304,2952,0.423407917383821
valve_0393_lidar_classes.ply,13/valve_0393_lidar_classes.ply,7229,0,9,10,1162,0.16074145801632314,790,0.10928205837598562,494,0.06833586941485682,632,0.08742564670078849,63,0.008714898326186195,90,0.012449854751694564,638,0.08825563701756813,421,0.0582376538940379,41,0.00567160049799419,2898,0.4008853230045649
valve_0394_lidar_classes.ply,13/valve_0394_lidar_classes.ply,8393,0,9,10,1441,0.17169069462647443,901,0.10735136423209818,513,0.06112236387465745,946,0.1127129750982962,89,0.01060407482425831,113,0.013463600619563922,868,0.10341951626355296,662,0.07887525318717979,59,0.007029667580126296,2801,0.33373048969379243
valve_0395_lidar_classes.ply,13/valve_0395_lidar_classes.ply,8613,0,9,10,1587,0.18425635667014978,1049,0.12179263903401834,429,0.04980842911877394,465,0.0539881574364333,84,0.009752699407871821,113,0.013119702774875189,870,0.10101010101010101,669,0.0776732845698363,50,0.005805178218971322,3297,0.382793451758969
valve_0396_lidar_classes.ply,13/valve_0396_lidar_classes.ply,8205,0,9,10,1393,0.16977452772699572,910,0.11090798293723339,528,0.0643510054844607,888,0.10822669104204753,80,0.009750152346130409,126,0.015356489945155392,863,0.10517976843388178,666,0.08117001828153565,46,0.005606337599024984,2705,0.32967702620353445
valve_0397_lidar_classes.ply,13/valve_0397_lidar_classes.ply,8146,0,9,10,1463,0.17959734839184877,960,0.11784925116621654,445,0.054628038301006626,422,0.05180456665848269,76,0.009329732383992144,112,0.013749079302725264,825,0.10127670022096735,616,0.07561993616498895,46,0.0056469432850478765,3181,0.3904984041247238
valve_0398_lidar_classes.ply,13/valve_0398_lidar_classes.ply,7686,0,9,10,1134,0.14754098360655737,907,0.11800676554774915,414,0.053864168618266976,766,0.09966172261254229,45,0.00585480093676815,80,0.010408534998698933,743,0.09666926880041635,724,0.09419724173822534,50,0.006505334374186833,2823,0.3672911787665886
valve_0399_lidar_classes.ply,13/valve_0399_lidar_classes.ply,7777,0,9,10,1412,0.18156101324418156,951,0.12228365693712229,566,0.07277870644207278,423,0.05439115340105439,54,0.006943551498006944,79,0.010158158673010158,642,0.08255111225408256,551,0.07084994213707085,39,0.0050147871930050145,3060,0.39346791822039345
valve_0400_lidar_classes.ply,13/valve_0400_lidar_classes.ply,7163,0,9,10,1097,0.15314812229512775,969,0.13527851458885942,525,0.07329331285774117,281,0.03922937316766718,63,0.00879519754292894,105,0.014658662571548233,512,0.0714784308250733,746,0.10414630741309507,33,0.004607008236772302,2832,0.39536507050118663
valve_0401_lidar_classes.ply,13/valve_0401_lidar_classes.ply,8880,0,9,10,1393,0.15686936936936938,1008,0.11351351351351352,515,0.05799549549549549,1105,0.12443693693693694,81,0.009121621621621622,112,0.012612612612612612,878,0.09887387387387388,765,0.08614864864864864,52,0.005855855855855856,2971,0.33457207207207207
valve_0402_lidar_classes.ply,13/valve_0402_lidar_classes.ply,8079,0,9,10,1413,0.17489788340141108,868,0.10743903948508479,517,0.06399306844906548,1035,0.12810991459339027,53,0.006560217848743656,108,0.013367991088005942,752,0.09308082683500433,921,0.11399925733382844,33,0.004084663943557371,2379,0.29446713702190863
valve_0403_lidar_classes.ply,13/valve_0403_lidar_classes.ply,7442,0,9,10,1002,0.1346412254770223,813,0.10924482665950014,492,0.06611126041386724,314,0.04219295888202096,38,0.005106154259607632,75,0.010077936038699274,491,0.06597688793335126,724,0.09728567589357699,41,0.005509271701155604,3452,0.4638538027411986
valve_0404_lidar_classes.ply,13/valve_0404_lidar_classes.ply,7259,0,9,10,1176,0.16200578592092574,891,0.12274417963906874,407,0.056068328970932634,681,0.093814575010332,54,0.007439041190246591,89,0.012260641961702713,721,0.09932497589199614,582,0.08017633282821325,48,0.006612481057996969,2610,0.3595536575285852
valve_0405_lidar_classes.ply,13/valve_0405_lidar_classes.ply,6803,0,9,10,1022,0.150227840658533,760,0.11171541966779362,454,0.06673526385418198,649,0.09539908863736586,46,0.006761722769366456,93,0.013670439511980008,609,0.089519329707482,394,0.05791562545935617,44,0.006467734822872262,2732,0.40158753491106863
valve_0406_lidar_classes.ply,13/valve_0406_lidar_classes.ply,7731,0,9,10,1317,0.17035312378734963,875,0.11318070107359979,439,0.05678437459578321,606,0.07838571982925883,55,0.007114215496054844,93,0.012029491656965464,695,0.08989781399560212,572,0.07398784115897038,42,0.00543267365153279,3037,0.3928340447548829
valve_0407_lidar_classes.ply,13/valve_0407_lidar_classes.ply,7046,0,9,10,1158,0.1643485665625887,838,0.11893272778881635,461,0.0654271927334658,301,0.04271927334657962,45,0.006386602327561737,79,0.011212035197275049,488,0.06925915413000285,747,0.10601759863752484,41,0.005818904342889583,2888,0.4098779449332955
valve_0408_lidar_classes.ply,13/valve_0408_lidar_classes.ply,8428,0,9,10,1500,0.1779781680113906,1085,0.1287375415282392,406,0.04817275747508306,439,0.05208827717133365,73,0.008661604176554342,99,0.01174655908875178,763,0.09053156146179402,712,0.08448030374940674,61,0.0072377788324632176,3290,0.3903654485049834
valve_0409_lidar_classes.ply,13/valve_0409_lidar_classes.ply,8060,0,9,10,1158,0.1436724565756824,899,0.11153846153846154,517,0.0641439205955335,355,0.04404466501240695,53,0.006575682382133995,72,0.008933002481389578,583,0.07233250620347395,877,0.10880893300248139,47,0.005831265508684864,3499,0.43411910669975184
valve_0410_lidar_classes.ply,13/valve_0410_lidar_classes.ply,8593,0,9,10,1480,0.17223321308041428,903,0.10508553473757709,554,0.06447108111253345,1133,0.13185150704061446,76,0.008844408239264518,117,0.01361573373676248,879,0.10229256371465147,653,0.07599208658210171,49,0.005702315838473176,2749,0.31991155591760734
valve_0411_lidar_classes.ply,13/valve_0411_lidar_classes.ply,7765,0,9,10,1283,0.16522858982614294,935,0.12041210560206053,425,0.054732775273663874,649,0.08358016741790084,67,0.008628461043142304,101,0.013007083065035415,693,0.08924661944623309,577,0.07430779137153895,42,0.00540888602704443,2993,0.3854475209272376
valve_0412_lidar_classes.ply,13/valve_0412_lidar_classes.ply,7545,0,9,10,1288,0.1707090788601723,930,0.12326043737574553,419,0.05553346587143804,651,0.08628230616302186,58,0.007687210072895957,88,0.011663353214049038,680,0.09012591119946985,464,0.06149768058316766,47,0.006229290921139828,2920,0.38701126573889993
valve_0413_lidar_classes.ply,13/valve_0413_lidar_classes.ply,8323,0,9,10,1411,0.16953021746966238,1013,0.12171092154271296,411,0.04938123272858344,444,0.053346149225039045,60,0.0072089390844647366,99,0.011894749489366814,816,0.09804157154872041,676,0.08122071368496936,53,0.006367896191277184,3340,0.4012976090352037
valve_0414_lidar_classes.ply,13/valve_0414_lidar_classes.ply,8609,0,9,10,1559,0.1810895574398885,970,0.1126727842955047,504,0.05854338482982925,428,0.049715414101521666,83,0.009641073295388547,107,0.012428853525380416,858,0.09966314322220932,687,0.07980020908351725,52,0.006040190498315716,3361,0.39040538970844463
valve_0415_lidar_classes.ply,13/valve_0415_lidar_classes.ply,7126,0,9,10,1240,0.17401066516980074,823,0.11549256244737581,457,0.06413134998596688,591,0.08293572831883245,44,0.006174571989896155,99,0.013892786977266348,629,0.0882683132191973,422,0.059219758630367665,42,0.005893909626719057,2779,0.3899803536345776
valve_0416_lidar_classes.ply,13/valve_0416_lidar_classes.ply,7802,0,9,10,1198,0.1535503716995642,818,0.10484491156113818,481,0.0616508587541656,811,0.10394770571648296,49,0.006280440912586516,101,0.012945398615739553,719,0.09215585747244297,771,0.098820815175596,46,0.005895924122019995,2808,0.35990771597026405
valve_0417_lidar_classes.ply,13/valve_0417_lidar_classes.ply,8594,0,9,10,1483,0.1725622527344659,866,0.10076797765883175,516,0.06004188969048173,1079,0.1255527111938562,103,0.011985105887828718,129,0.015010472422620432,852,0.09913893414009774,799,0.09297184081917617,55,0.006399813823597859,2712,0.3155690016290435
valve_0418_lidar_classes.ply,13/valve_0418_lidar_classes.ply,8378,0,9,10,1432,0.1709238481737885,944,0.11267605633802817,498,0.059441394127476725,473,0.056457388398185725,81,0.00966817856290284,110,0.013129625208880401,844,0.10074003342086417,669,0.07985199331582717,47,0.005609930771067081,3280,0.39150155168297923
valve_0419_lidar_classes.ply,13/valve_0419_lidar_classes.ply,7745,0,9,10,1213,0.1566171723692705,816,0.10535829567462879,500,0.0645577792123951,860,0.11103938024531956,51,0.006584893479664299,89,0.011491284699806327,769,0.09928986442866365,777,0.10032278889606197,45,0.005810200129115558,2625,0.33892834086507423
valve_0420_lidar_classes.ply,13/valve_0420_lidar_classes.ply,7566,0,9,10,1348,0.1781654771345493,920,0.12159661644197726,489,0.06463124504361618,608,0.08035950303991542,65,0.00859106529209622,86,0.011366640232619614,641,0.08472112080359503,703,0.0929156753899022,40,0.005286809410520751,2666,0.35236584721120806
valve_0421_lidar_classes.ply,13/valve_0421_lidar_classes.ply,7557,0,9,10,1153,0.15257377266110891,878,0.1161836707688236,530,0.07013365091967712,374,0.049490538573508006,57,0.007542675664946407,77,0.010189228529839884,637,0.08429270874685722,636,0.08416038110361254,40,0.005293105729786952,3175,0.42014026730183934
valve_0422_lidar_classes.ply,13/valve_0422_lidar_classes.ply,8326,0,9,10,1577,0.18940667787653134,967,0.11614220514052366,457,0.05488830170550084,411,0.0493634398270478,75,0.00900792697573865,114,0.013692049003122748,853,0.10245015613740091,712,0.08551525342301225,48,0.005765073264472736,3112,0.3737689166466491
valve_0423_lidar_classes.ply,13/valve_0423_lidar_classes.ply,7695,0,9,10,1081,0.14048083170890188,1117,0.1451591942820013,489,0.0635477582846004,379,0.049252761533463287,45,0.005847953216374269,80,0.010396361273554255,493,0.0640675763482781,847,0.11007147498375569,41,0.005328135152696556,3123,0.4058479532163743
valve_0424_lidar_classes.ply,13/valve_0424_lidar_classes.ply,7542,0,9,10,1106,0.14664545213471228,940,0.12463537523203394,530,0.07027313709891275,276,0.03659506762132061,47,0.006231768761601697,81,0.010739856801909307,534,0.07080350039777247,840,0.11137629276054097,40,0.005303632988597189,3148,0.4173959162025988
valve_0425_lidar_classes.ply,13/valve_0425_lidar_classes.ply,8252,0,9,10,1451,0.17583616093068347,1060,0.12845370819195345,464,0.05622879301987397,460,0.05574406204556471,77,0.009331071255453223,97,0.011754726126999515,868,0.10518662142510907,700,0.08482792050412022,52,0.006301502666020358,3023,0.366335433834222
valve_0426_lidar_classes.ply,13/valve_0426_lidar_classes.ply,8119,0,9,10,1468,0.18081044463603893,914,0.1125754403251632,540,0.0665106540214312,967,0.11910333784948886,77,0.009483926591944821,107,0.013178962926468777,803,0.09890380588742456,637,0.07845793816972534,53,0.006527897524325656,2553,0.31444759206798867
valve_0427_lidar_classes.ply,13/valve_0427_lidar_classes.ply,8073,0,9,10,1324,0.16400346835129445,934,0.11569428960733309,470,0.058218753870927786,421,0.052149139105660845,76,0.00941409637061811,100,0.01238696890870804,737,0.09129196085717825,785,0.0972377059333581,58,0.007184441967050662,3168,0.39241917502787066
valve_0428_lidar_classes.ply,13/valve_0428_lidar_classes.ply,7595,0,9,10,1429,0.1881500987491771,959,0.12626728110599078,502,0.06609611586570112,572,0.07531270572745227,73,0.009611586570111916,94,0.01237656352863726,606,0.07978933508887426,623,0.08202764976958525,40,0.005266622778143515,2697,0.3551020408163265
valve_0429_lidar_classes.ply,13/valve_0429_lidar_classes.ply,7003,0,9,10,1167,0.16664286734256747,794,0.11337998000856776,419,0.059831500785377696,583,0.08325003569898615,60,0.00856775667571041,63,0.008996144509495931,664,0.09481650721119521,512,0.07311152363272883,45,0.006425817506782807,2696,0.38497786662858774
valve_0430_lidar_classes.ply,13/valve_0430_lidar_classes.ply,8083,0,9,10,1331,0.16466658418903873,848,0.10491154274403068,486,0.060126190770753436,458,0.05666213039712978,55,0.006804404305332179,126,0.015588271681306446,817,0.10107633304466164,599,0.07410614870716319,47,0.005814672770011135,3316,0.4102437213905728
valve_0431_lidar_classes.ply,13/valve_0431_lidar_classes.ply,7706,0,9,10,1129,0.14650921359979238,885,0.11484557487671944,440,0.05709836491045938,862,0.11186088762003633,49,0.006358681546846613,110,0.014274591227614845,744,0.0965481443031404,831,0.10783804827407215,44,0.0057098364910459385,2612,0.3389566571502725
valve_0432_lidar_classes.ply,13/valve_0432_lidar_classes.ply,8561,0,9,10,1490,0.17404508819063194,875,0.10220768601798855,543,0.06342716972316319,1080,0.126153486742203,106,0.012381731106179185,116,0.013549818946384767,884,0.10325896507417358,820,0.09578320289685785,42,0.004905968928863451,2605,0.3042868823735545
valve_0433_lidar_classes.ply,13/valve_0433_lidar_classes.ply,7625,0,9,10,1090,0.14295081967213114,830,0.10885245901639344,506,0.06636065573770492,833,0.10924590163934426,67,0.008786885245901639,96,0.012590163934426229,726,0.09521311475409835,703,0.09219672131147541,46,0.006032786885245902,2728,0.3577704918032787
valve_0434_lidar_classes.ply,13/valve_0434_lidar_classes.ply,6885,0,9,10,1244,0.18068264342774146,803,0.11663035584604212,436,0.06332607116920842,575,0.08351488743645606,44,0.0063907044299201165,82,0.011909949164851125,596,0.08656499636891794,406,0.05896877269426289,44,0.0063907044299201165,2655,0.38562091503267976
valve_0435_lidar_classes.ply,13/valve_0435_lidar_classes.ply,8284,0,9,10,1407,0.16984548527281507,856,0.10333172380492515,528,0.0637373249637856,1106,0.13351038145823274,72,0.008691453404152583,111,0.013399323998068566,805,0.09717527764365042,913,0.11021245774987928,38,0.0045871559633027525,2448,0.29550941574118783
valve_0436_lidar_classes.ply,13/valve_0436_lidar_classes.ply,7822,0,9,10,1306,0.16696497059575557,935,0.11953464587062132,526,0.06724622858603937,1022,0.13065712094093582,79,0.010099718742009716,111,0.014190744055228842,757,0.09677831756583993,893,0.11416517514702122,39,0.004985937100485809,2154,0.2753771413960624
valve_0437_lidar_classes.ply,13/valve_0437_lidar_classes.ply,7777,0,9,10,1303,0.16754532596116756,824,0.10595345248810595,434,0.0558055805580558,437,0.05619133341905619,52,0.0066863829240066865,103,0.013244181561013244,808,0.1038961038961039,598,0.0768934036260769,49,0.0063006300630063005,3169,0.4074836055034075
valve_0438_lidar_classes.ply,13/valve_0438_lidar_classes.ply,8769,0,9,10,1306,0.14893374387045274,919,0.10480100353518075,534,0.06089633937735203,1047,0.11939787889154978,93,0.010605542251111872,128,0.014596875356369027,897,0.10229216558330483,702,0.08005473828258639,52,0.005929980613524917,3091,0.35249173223856767
valve_0439_lidar_classes.ply,13/valve_0439_lidar_classes.ply,7648,0,9,10,1260,0.1647489539748954,960,0.12552301255230125,560,0.07322175732217573,324,0.04236401673640167,67,0.008760460251046025,100,0.01307531380753138,600,0.07845188284518828,766,0.10015690376569038,40,0.005230125523012552,2971,0.38846757322175735
valve_0440_lidar_classes.ply,13/valve_0440_lidar_classes.ply,7164,0,9,10,1185,0.1654103852596315,859,0.11990508096035735,419,0.05848687883863763,602,0.08403126744835288,47,0.006560580681183696,77,0.010748185371300949,657,0.09170854271356783,446,0.06225572305974316,41,0.005723059743160246,2831,0.3951702959240648
valve_0441_lidar_classes.ply,13/valve_0441_lidar_classes.ply,8173,0,9,10,1435,0.1755781230882173,1014,0.12406705004282394,404,0.04943105346873853,443,0.05420286308577022,64,0.007830661935641747,84,0.010277743790529793,808,0.09886210693747706,678,0.08295607488070476,62,0.007585953750152943,3181,0.3892083690199437
valve_0442_lidar_classes.ply,13/valve_0442_lidar_classes.ply,8800,0,9,10,1582,0.17977272727272728,845,0.09602272727272727,497,0.05647727272727273,1116,0.12681818181818183,95,0.010795454545454546,118,0.013409090909090909,887,0.10079545454545455,861,0.09784090909090909,39,0.004431818181818182,2760,0.31363636363636366
valve_0443_lidar_classes.ply,13/valve_0443_lidar_classes.ply,7477,0,9,10,1362,0.18215861976728634,919,0.1229102581249164,404,0.0540323659221613,525,0.07021532700280861,76,0.01016450448040658,87,0.011635682760465428,733,0.09803397084392136,565,0.0755650662030226,45,0.006018456600240738,2761,0.36926574829477066
valve_0444_lidar_classes.ply,13/valve_0444_lidar_classes.ply,7701,0,9,10,1274,0.16543306064147514,997,0.12946370601220622,516,0.06700428515777172,280,0.03635891442669783,61,0.007921049214387741,76,0.009868848201532268,649,0.08427476951045319,589,0.07648357356187509,43,0.00558369042981431,3216,0.4176081028437865
valve_0445_lidar_classes.ply,13/valve_0445_lidar_classes.ply,8597,0,9,10,1440,0.16750029079911596,815,0.09480051180644411,561,0.06525532162382226,1125,0.13085960218680937,61,0.0070954984296847734,95,0.011050366406886123,818,0.09514947074560894,909,0.10573455856694196,38,0.00442014656275445,2735,0.31813423287193204
valve_0446_lidar_classes.ply,13/valve_0446_lidar_classes.ply,7531,0,9,10,1247,0.16558225999203294,842,0.11180454122958439,499,0.06625946089496747,930,0.12348957641747443,88,0.011685035187890054,89,0.011817819678661532,696,0.09241800557694861,615,0.08166246182445891,43,0.005709733103173549,2482,0.3295711060948081
valve_0447_lidar_classes.ply,13/valve_0447_lidar_classes.ply,7237,0,9,10,1125,0.15545115379300814,861,0.11897194970291557,444,0.06135138869697388,684,0.09451430150614895,55,0.0075998341854359545,71,0.00981069503938096,704,0.09727787757358021,512,0.07074754732624015,47,0.006494403758463452,2734,0.3777808484178527
valve_0448_lidar_classes.ply,13/valve_0448_lidar_classes.ply,7883,0,9,10,1375,0.1744259799568692,989,0.12545985031079537,538,0.06824812888494228,645,0.08182164150704047,68,0.008626157554230622,93,0.01179753900799188,638,0.08093365469998731,571,0.07243435240390714,46,0.005835341874920716,2920,0.370417353799315
valve_0449_lidar_classes.ply,13/valve_0449_lidar_classes.ply,7641,0,9,10,1341,0.17550058892815076,966,0.12642324303101687,393,0.05143305850019631,549,0.071849234393404,71,0.009291977489857349,88,0.011516817170527417,697,0.09121842690747284,596,0.07800026174584479,38,0.004973171050909567,2902,0.37979322078262007
valve_0450_lidar_classes.ply,13/valve_0450_lidar_classes.ply,7608,0,9,10,1384,0.1819137749737119,934,0.12276550998948475,448,0.058885383806519455,469,0.06164563617245005,80,0.010515247108307046,99,0.013012618296529969,782,0.10278654048370137,575,0.07557833859095689,45,0.005914826498422713,2792,0.3669821240799159
valve_0451_lidar_classes.ply,13/valve_0451_lidar_classes.ply,7840,0,9,10,1254,0.15994897959183674,806,0.10280612244897959,491,0.06262755102040816,791,0.10089285714285715,83,0.010586734693877551,88,0.011224489795918367,743,0.0947704081632653,768,0.09795918367346938,40,0.00510204081632653,2776,0.35408163265306125
valve_0452_lidar_classes.ply,13/valve_0452_lidar_classes.ply,8245,0,9,10,1422,0.17246816252274105,899,0.10903577926015767,455,0.05518496058217101,392,0.047543966040024255,78,0.009460278956943602,100,0.01212856276531231,767,0.09302607640994542,740,0.0897513644633111,55,0.0066707095209217705,3337,0.4047301394784718
valve_0453_lidar_classes.ply,13/valve_0453_lidar_classes.ply,7990,0,9,10,1224,0.15319148936170213,939,0.11752190237797247,462,0.05782227784730914,952,0.11914893617021277,87,0.010888610763454317,110,0.01376720901126408,783,0.09799749687108886,817,0.10225281602002503,35,0.004380475594493116,2581,0.3230287859824781
valve_0454_lidar_classes.ply,13/valve_0454_lidar_classes.ply,8094,0,9,10,1428,0.17642698295033357,1029,0.12713120830244626,413,0.051025450951321966,437,0.0539906103286385,46,0.005683222139856684,107,0.013219668890536199,805,0.09945638744749197,623,0.0769705955028416,47,0.005806770447244872,3159,0.3902891030392884
valve_0455_lidar_classes.ply,13/valve_0455_lidar_classes.ply,8431,0,9,10,1503,0.17827066777369233,863,0.10236033685209346,539,0.06393073182303403,920,0.10912110069979836,92,0.010912110069979837,115,0.013640137587474795,882,0.10461392480132843,730,0.0865852212074487,52,0.006167714387379907,2735,0.3243980547977701
valve_0456_lidar_classes.ply,13/valve_0456_lidar_classes.ply,7687,0,9,10,1241,0.16144139456224796,1032,0.1342526343176792,492,0.06400416287238195,342,0.04449069858202159,32,0.004162872381943541,73,0.009496552621308703,503,0.06543515025367504,869,0.11304800312215428,44,0.005723949525172369,3059,0.3979445817614154
valve_0457_lidar_classes.ply,13/valve_0457_lidar_classes.ply,8274,0,9,10,1454,0.17573120618805899,926,0.1119168479574571,503,0.06079284505680445,455,0.05499153976311337,83,0.010031423737007493,118,0.014261542180323905,819,0.09898477157360407,645,0.0779550398839739,58,0.007009910563210055,3213,0.3883248730964467
valve_0458_lidar_classes.ply,13/valve_0458_lidar_classes.ply,8467,0,9,10,1433,0.16924530530294082,1108,0.130860989724814,425,0.05019487421755049,446,0.052675091531829456,84,0.009920869257115862,99,0.011692453053029407,872,0.10298807133577419,695,0.08208338254399433,55,0.0064958072516830044,3250,0.38384315578126843
valve_0459_lidar_classes.ply,13/valve_0459_lidar_classes.ply,7746,0,9,10,1248,0.1611154144074361,931,0.12019106635682933,404,0.052155951458817455,470,0.060676478182287635,44,0.005680351148980119,76,0.009811515620965659,564,0.07281177381874517,913,0.11786728634133746,48,0.006196746707978312,3048,0.3934934159566228
valve_0460_lidar_classes.ply,13/valve_0460_lidar_classes.ply,6877,0,9,10,1132,0.16460665988076195,867,0.12607241529736804,440,0.063981387232805,577,0.08390286462120111,37,0.005380253017304057,77,0.011196742765740876,623,0.09059182783190345,433,0.06296350152682856,48,0.006979787698124182,2643,0.3843245601279628
valve_0461_lidar_classes.ply,13/valve_0461_lidar_classes.ply,7418,0,9,10,1257,0.16945268266379077,890,0.11997843084389323,414,0.055810191426260446,629,0.08479374494472904,62,0.008358047991372337,105,0.014154758695066055,651,0.08775950390940955,484,0.06524669722297115,40,0.005392289026691831,2886,0.3890536532758156
valve_0462_lidar_classes.ply,13/valve_0462_lidar_classes.ply,7868,0,9,10,1483,0.18848500254194203,965,0.12264870360955771,500,0.06354855109303507,668,0.08490086426029486,64,0.00813421453990849,87,0.011057447890188104,634,0.08057956278596848,607,0.07714794102694458,44,0.005592272496187087,2816,0.35790543975597355
valve_0463_lidar_classes.ply,13/valve_0463_lidar_classes.ply,8912,0,9,10,1501,0.1684245960502693,982,0.11018850987432675,546,0.06126570915619389,1066,0.11961400359066428,83,0.009313285457809694,138,0.015484739676840215,876,0.09829443447037702,756,0.0848294434470377,59,0.006620287253141831,2905,0.3259649910233393
valve_0464_lidar_classes.ply,13/valve_0464_lidar_classes.ply,7800,0,9,10,1338,0.17153846153846153,1018,0.1305128205128205,392,0.050256410256410255,587,0.07525641025641025,61,0.00782051282051282,81,0.010384615384615384,684,0.0876923076923077,601,0.07705128205128205,43,0.0055128205128205125,2995,0.383974358974359
valve_0465_lidar_classes.ply,13/valve_0465_lidar_classes.ply,7611,0,9,10,1013,0.13309683353041651,772,0.10143213769544081,530,0.06963605308106688,929,0.12206017606096439,75,0.009854158454867954,101,0.013270266719222178,756,0.09932991722506898,905,0.11890684535540665,37,0.004861384837734857,2493,0.3275522270398108
valve_0466_lidar_classes.ply,13/valve_0466_lidar_classes.ply,7782,0,9,10,1196,0.15368799794397328,855,0.10986892829606786,382,0.049087638139295814,638,0.0819840657928553,51,0.0065535851966075555,96,0.01233616037008481,663,0.08519660755589822,522,0.06707787201233616,47,0.0060395785145206885,3332,0.4281675661783603
valve_0467_lidar_classes.ply,13/valve_0467_lidar_classes.ply,7766,0,9,10,1276,0.1643059490084986,987,0.1270924542879217,467,0.06013391707442699,595,0.07661601854236415,69,0.008884882822559876,84,0.010816379088333763,630,0.08112284316250322,663,0.08537213494720577,50,0.006438320885912954,2945,0.379217100180273
valve_0468_lidar_classes.ply,13/valve_0468_lidar_classes.ply,8624,0,9,10,1334,0.15468460111317253,883,0.1023886827458256,512,0.059369202226345084,516,0.05983302411873841,92,0.010667903525046383,111,0.012871057513914657,880,0.10204081632653061,664,0.07699443413729128,59,0.006841372912801485,3573,0.41430890538033394
valve_0469_lidar_classes.ply,13/valve_0469_lidar_classes.ply,7689,0,9,10,1175,0.15281571075562492,936,0.12173234490831057,477,0.06203667577058135,956,0.12433346338925738,78,0.010144362075692548,97,0.012615424632592015,758,0.09858239042788398,902,0.11731044349070101,39,0.005072181037846274,2271,0.29535700351150995
valve_0470_lidar_classes.ply,13/valve_0470_lidar_classes.ply,7516,0,9,10,1149,0.1528738690792975,1089,0.14489089941458222,501,0.06665779670037254,352,0.04683342203299627,46,0.0061202767429483764,70,0.009313464608834487,506,0.06732304417243215,864,0.11495476317189994,41,0.005455029270888771,2898,0.38557743480574774
valve_0471_lidar_classes.ply,13/valve_0471_lidar_classes.ply,8307,0,9,10,1496,0.1800890814975322,1045,0.12579752016371734,427,0.05140243168412183,444,0.05344889851932105,76,0.009148910557361261,100,0.012038040207054292,876,0.1054532322137956,675,0.08125677139761647,47,0.005657878897315517,3121,0.37570723486216445
valve_0472_lidar_classes.ply,13/valve_0472_lidar_classes.ply,7968,0,9,10,1332,0.16716867469879518,853,0.10705321285140562,429,0.053840361445783136,549,0.06890060240963855,41,0.005145582329317269,91,0.011420682730923695,733,0.0919929718875502,592,0.07429718875502007,39,0.004894578313253012,3309,0.41528614457831325
valve_0473_lidar_classes.ply,13/valve_0473_lidar_classes.ply,8294,0,9,10,1314,0.1584277791174343,929,0.11200868097419822,455,0.054858934169279,436,0.052568121533638774,50,0.006028454304316373,95,0.011454063178201109,776,0.09356161080299011,712,0.08584518929346516,56,0.006751868820834338,3471,0.41849529780564265
valve_0474_lidar_classes.ply,13/valve_0474_lidar_classes.ply,8685,0,9,10,1485,0.17098445595854922,888,0.10224525043177893,522,0.06010362694300518,1059,0.12193436960276338,75,0.008635578583765112,119,0.013701784686240644,839,0.09660333909038572,631,0.07265400115141048,52,0.0059873344847438115,3015,0.3471502590673575
valve_0475_lidar_classes.ply,13/valve_0475_lidar_classes.ply,7428,0,9,10,1253,0.16868605277329024,944,0.12708669897684438,461,0.06206246634356489,626,0.08427571351642434,59,0.007942918686052774,101,0.013597199784598816,672,0.09046849757673667,465,0.06260096930533118,41,0.00551965535810447,2806,0.37775982767905225
valve_0476_lidar_classes.ply,13/valve_0476_lidar_classes.ply,7462,0,9,10,1031,0.13816671133744304,848,0.11364245510586975,548,0.07343875636558564,373,0.049986598767086575,47,0.006298579469311177,70,0.009380863039399626,529,0.07089252211203431,807,0.10814794961136424,37,0.0049584561779683735,3172,0.4250871080139373
valve_0477_lidar_classes.ply,13/valve_0477_lidar_classes.ply,7842,0,9,10,1260,0.16067329762815608,902,0.11502167814333078,472,0.060188727365467994,974,0.12420300943636828,87,0.011094108645753635,95,0.012114256567202244,759,0.09678653404743688,884,0.1127263453200714,40,0.00510073960724305,2369,0.30209130323896966
valve_0478_lidar_classes.ply,13/valve_0478_lidar_classes.ply,7062,0,9,10,1112,0.15746247521948456,857,0.12135372415746247,396,0.056074766355140186,336,0.0475785896346644,47,0.006655338431039366,81,0.011469838572642312,502,0.07108467856131408,736,0.10421976777116965,39,0.0055225148683092605,2956,0.4185783064287737
valve_0479_lidar_classes.ply,13/valve_0479_lidar_classes.ply,6904,0,9,10,1147,0.16613557358053302,970,0.14049826187717265,401,0.058082271147161066,619,0.08965816917728853,40,0.005793742757821553,87,0.012601390498261877,601,0.08705098493626882,404,0.058516801853997685,47,0.0068076477404403245,2588,0.37485515643105444
valve_0480_lidar_classes.ply,13/valve_0480_lidar_classes.ply,7758,0,9,10,1141,0.14707398814127354,826,0.10647073988141273,464,0.05980922918277907,805,0.10376385666408869,72,0.009280742459396751,118,0.015210105697344677,766,0.09873678783191545,856,0.11033771590616138,37,0.0047692704305233305,2673,0.34454756380510443
valve_0481_lidar_classes.ply,13/valve_0481_lidar_classes.ply,7716,0,9,10,1522,0.19725246241575947,964,0.12493519958527735,486,0.06298600311041991,533,0.0690772420943494,69,0.008942457231726283,87,0.011275272161741835,625,0.08100051840331778,635,0.08229652669777086,42,0.005443234836702955,2753,0.35679108346293414
valve_0482_lidar_classes.ply,13/valve_0482_lidar_classes.ply,7795,0,9,10,1123,0.14406670942912123,801,0.10275817831943554,451,0.05785760102629891,890,0.1141757536882617,57,0.007312379730596536,84,0.01077613855035279,669,0.0858242463117383,605,0.07761385503527903,50,0.006414368184733804,3065,0.39320076972418216
valve_0483_lidar_classes.ply,13/valve_0483_lidar_classes.ply,7005,0,9,10,1051,0.15003568879371879,883,0.12605281941470378,458,0.06538187009279087,716,0.10221270521056389,56,0.007994289793004997,77,0.01099214846538187,636,0.09079229122055675,420,0.059957173447537475,43,0.006138472519628836,2665,0.3804425410421128
valve_0484_lidar_classes.ply,13/valve_0484_lidar_classes.ply,8720,0,9,10,1531,0.17557339449541284,924,0.10596330275229358,483,0.055389908256880734,399,0.04575688073394495,74,0.008486238532110092,126,0.01444954128440367,861,0.09873853211009175,682,0.07821100917431192,51,0.0058486238532110095,3589,0.41158256880733946
valve_0485_lidar_classes.ply,13/valve_0485_lidar_classes.ply,7990,0,9,10,1302,0.16295369211514393,840,0.10513141426783479,465,0.05819774718397998,477,0.05969962453066333,83,0.010387984981226533,110,0.01376720901126408,850,0.10638297872340426,629,0.07872340425531915,49,0.006132665832290363,3185,0.3986232790988736
valve_0486_lidar_classes.ply,13/valve_0486_lidar_classes.ply,7213,0,9,10,1122,0.15555247469846112,795,0.11021766255372245,372,0.051573547760987104,287,0.039789269374740054,57,0.007902398447248025,89,0.012338832663246915,521,0.07223069457923194,718,0.09954249272147511,38,0.005268265631498683,3214,0.4455843615693886
valve_0487_lidar_classes.ply,13/valve_0487_lidar_classes.ply,8558,0,9,10,1494,0.1745734984809535,1062,0.12409441458284647,415,0.048492638466931526,464,0.054218275297966814,66,0.007712082262210797,105,0.012269221780789904,847,0.09897172236503857,695,0.0812105632157046,56,0.006543584949754616,3354,0.39191399859780324
valve_0488_lidar_classes.ply,13/valve_0488_lidar_classes.ply,7158,0,9,10,1090,0.1522771723945236,805,0.11246158144733166,469,0.06552109527801062,650,0.09080748812517463,53,0.007404302877898854,88,0.012293936853869796,643,0.08982956132998045,383,0.05350656607991059,46,0.006426376082704666,2931,0.40947191953059514
valve_0489_lidar_classes.ply,13/valve_0489_lidar_classes.ply,7583,0,9,10,1175,0.15495186601608862,733,0.09666358960833443,431,0.056837663193986546,702,0.09257549782408019,41,0.0054068310694975604,80,0.01054991428194646,703,0.0927073717526045,692,0.09125675853883687,43,0.005670578926546222,2983,0.3933799287880786
valve_0490_lidar_classes.ply,13/valve_0490_lidar_classes.ply,8880,0,9,10,1686,0.18986486486486487,1002,0.11283783783783784,522,0.05878378378378379,435,0.048986486486486486,67,0.007545045045045045,108,0.012162162162162163,887,0.0998873873873874,663,0.07466216216216216,59,0.006644144144144144,3451,0.3886261261261261
valve_0491_lidar_classes.ply,13/valve_0491_lidar_classes.ply,8395,0,9,10,1411,0.1680762358546754,937,0.11161405598570577,572,0.06813579511614055,1082,0.12888624181060154,103,0.012269207861822513,108,0.012864800476474092,868,0.103394877903514,688,0.08195354377605718,54,0.006432400238237046,2572,0.30637284097677187
valve_0492_lidar_classes.ply,13/valve_0492_lidar_classes.ply,6979,0,9,10,1036,0.14844533600802406,875,0.12537612838515547,400,0.05731480154749964,740,0.10603238286287434,59,0.008453933228256197,85,0.012179395328843674,632,0.09055738644504943,388,0.05559535750107465,45,0.006447915174093709,2719,0.3895973635191288
valve_0493_lidar_classes.ply,13/valve_0493_lidar_classes.ply,7330,0,9,10,1155,0.15757162346521145,1030,0.14051841746248295,485,0.06616643929058663,303,0.04133697135061391,78,0.010641200545702592,87,0.011869031377899046,527,0.07189631650750342,780,0.10641200545702592,48,0.006548431105047749,2837,0.38703956343792634
valve_0494_lidar_classes.ply,13/valve_0494_lidar_classes.ply,6805,0,9,10,1043,0.15326965466568698,890,0.1307861866274798,342,0.05025716385011021,258,0.037913299044819986,69,0.010139603232916973,82,0.012049963262307128,475,0.06980161645848641,754,0.11080088170462894,30,0.00440852314474651,2862,0.42057310800881703
valve_0495_lidar_classes.ply,13/valve_0495_lidar_classes.ply,8442,0,9,10,1319,0.156242596541104,1022,0.12106135986733002,499,0.059109215825633735,1130,0.13385453683961146,89,0.010542525467898602,116,0.013740819710968964,860,0.10187159440890785,610,0.07225775882492301,54,0.006396588486140725,2743,0.32492300402748164
valve_0496_lidar_classes.ply,13/valve_0496_lidar_classes.ply,7469,0,9,10,1317,0.1763288258133619,920,0.12317579327888606,548,0.07336992904003213,334,0.04471816842950863,83,0.01111259874146472,76,0.010175391618690587,644,0.08622305529522024,568,0.07604766367652965,50,0.006694336591243808,2929,0.39215423751506223
valve_0497_lidar_classes.ply,13/valve_0497_lidar_classes.ply,7596,0,9,10,1215,0.15995260663507108,855,0.11255924170616113,518,0.06819378620326487,1071,0.14099526066350712,89,0.01171669299631385,94,0.012374934175882044,766,0.10084254870984728,635,0.08359662980516061,53,0.006977356503422854,2300,0.30279094260136913
valve_0498_lidar_classes.ply,13/valve_0498_lidar_classes.ply,8006,0,9,10,1365,0.17049712715463403,801,0.10004996252810393,535,0.06682488133899575,934,0.11666250312265801,88,0.010991756182862853,95,0.011866100424681489,812,0.10142393205096178,608,0.07594304271796153,50,0.006245316012990257,2718,0.3394953784661504
valve_0499_lidar_classes.ply,13/valve_0499_lidar_classes.ply,7524,0,9,10,1173,0.1559011164274322,859,0.11416799574694311,453,0.060207336523125994,830,0.11031366294524189,88,0.011695906432748537,106,0.014088250930356193,740,0.09835194045720362,847,0.11257309941520467,41,0.005449229133439659,2387,0.3172514619883041
valve_0500_lidar_classes.ply,13/valve_0500_lidar_classes.ply,6775,0,9,10,1068,0.15763837638376385,877,0.12944649446494466,430,0.06346863468634686,680,0.1003690036900369,68,0.01003690036900369,75,0.01107011070110701,619,0.09136531365313653,439,0.06479704797047971,44,0.0064944649446494465,2475,0.36531365313653136
